risk_pct,entry_timestamp,year,month,net_r,risk_usd,lot,pnl_usd,equity_before,equity_after
0.03,2019-06-12 20:00:00+00:00,2019,2019-06,-1.0470008952551462,150.0,0.23500447627573107,-157.05013428827192,5000.0,4842.949865711728
0.03,2019-06-18 20:00:00+00:00,2019,2019-06,0.9637280641149653,145.28849597135184,0.17566316702353316,140.01860096064584,4842.949865711728,4982.968466672374
0.03,2019-06-21 14:00:00+00:00,2019,2019-06,0.979507996760312,149.48905400017122,0.10211100596231382,146.4257238213018,4982.968466672374,5129.394190493676
0.03,2019-06-21 19:00:00+00:00,2019,2019-06,0.9779458097038437,153.88182571481028,0.11312463558114594,150.4880866473759,5129.394190493676,5279.882277141052
0.03,2019-06-27 16:00:00+00:00,2019,2019-06,-1.0402029290705463,158.39646831423156,0.21226673268873616,-164.76447029489364,5279.882277141052,5115.117806846159
0.03,2019-08-15 15:00:00+00:00,2019,2019-08,-1.0367402638300844,150.0,0.1837013191504218,-155.51103957451267,5000.0,4844.488960425488
0.03,2019-08-15 18:00:00+00:00,2019,2019-08,-1.0311434079786446,145.33466881276462,0.1508738961425708,-149.86088569704174,4844.488960425488,4694.628074728446
0.03,2019-08-23 16:00:00+00:00,2019,2019-08,0.964395917398529,140.83884224185337,0.1671479257558162,135.8244044691789,4694.628074728446,4830.4524791976255
0.03,2019-09-10 16:00:00+00:00,2019,2019-09,-1.0343625742477052,150.0,0.17181287123852584,-155.15438613715577,5000.0,4844.845613862844
0.03,2019-09-11 18:00:00+00:00,2019,2019-09,0.9660600575362834,145.34536841588533,0.16443378138009454,140.4123549744825,4844.845613862844,4985.257968837327
0.03,2019-09-13 17:00:00+00:00,2019,2019-09,-1.03654652720976,149.55773906511982,0.18219386600578596,-155.02355504529342,4985.257968837327,4830.234413792034
0.03,2019-09-20 18:00:00+00:00,2019,2019-09,0.954217445333448,144.90703241376102,0.22114047110169488,138.27281828071017,4830.234413792034,4968.507232072744
0.03,2019-10-01 17:05:00+00:00,2019,2019-10,0.9800537598662651,150.0,0.09973120066867448,147.00806397993975,5000.0,5147.00806397994
0.03,2019-10-02 17:25:00+00:00,2019,2019-10,0.9687792694349052,154.4102419193982,0.16069335198188758,149.58944135994156,5147.00806397994,5296.5975053398815
0.03,2019-10-11 18:30:00+00:00,2019,2019-10,-1.0485122897800778,158.89792516019645,0.25695007302748585,-166.606427351021,5296.5975053398815,5129.9910779888605
0.03,2020-01-10 15:35:00+00:00,2020,2020-01,-0.5159088627923363,150.0,0.1505570611261639,-77.38632941885044,5000.0,4922.61367058115
0.03,2020-02-05 16:35:00+00:00,2020,2020-02,0.9574915995303832,150.0,0.21254200234808387,143.62373992955747,5000.0,5143.623739929558
0.03,2020-03-02 18:20:00+00:00,2020,2020-03,0.9637793645865671,150.0,0.1811031770671646,144.56690468798507,5000.0,5144.566904687985
0.03,2020-03-06 16:05:00+00:00,2020,2020-03,0.9631559555766094,154.33700714063954,0.1895466515754295,148.65060759337666,5144.566904687985,5293.217512281361
0.03,2020-03-06 16:40:00+00:00,2020,2020-03,0.9729660144181258,158.79652536844083,0.14309676590873863,154.50362239117868,5293.217512281361,5447.72113467254
0.03,2020-03-11 16:10:00+00:00,2020,2020-03,0.9622878692646131,163.4316340401762,0.20544517164070106,157.26827889095514,5447.72113467254,5604.989413563495
0.03,2020-03-17 15:50:00+00:00,2020,2020-03,0.9763949462704017,168.14968240690484,0.13230607626099575,164.18050011907496,5604.989413563495,5769.16991368257
0.03,2020-03-18 13:20:00+00:00,2020,2020-03,0.9768938768773728,173.0750974104771,0.13330315034090573,169.07600290024993,5769.16991368257,5938.24591658282
0.03,2020-03-20 14:20:00+00:00,2020,2020-03,0.9728215150064066,178.1473774974846,0.16139252753211383,173.3056016715212,5938.24591658282,6111.551518254341
0.03,2020-03-20 16:40:00+00:00,2020,2020-03,0.9753841825790344,183.34654554763023,0.15044083633217398,178.833320457665,6111.551518254341,6290.384838712006
0.03,2020-04-01 19:05:00+00:00,2020,2020-04,-1.0459749983580375,150.0,0.22987499179018733,-156.89624975370563,5000.0,4843.103750246294
0.03,2020-04-07 18:20:00+00:00,2020,2020-04,-1.0240798073615414,145.29311250738883,0.11662100533788923,-148.7917426675255,4843.103750246294,4694.312007578768
0.03,2020-04-20 13:35:00+00:00,2020,2020-04,0.9533374811127894,140.82936022736305,0.21904842271610378,134.25790754587993,4694.312007578768,4828.569915124648
0.03,2020-04-22 17:00:00+00:00,2020,2020-04,0.9631566019860349,144.85709745373944,0.177900923221195,139.52006975710358,4828.569915124648,4968.089984881752
0.03,2020-04-28 19:05:00+00:00,2020,2020-04,-1.0388903292714537,149.04269954645255,0.19321065536226248,-154.83901920732043,4968.089984881752,4813.250965674431
0.03,2020-05-01 17:30:00+00:00,2020,2020-05,0.9513866382702894,150.0,0.24306680864855315,142.7079957405434,5000.0,5142.707995740543
0.03,2020-05-19 17:20:00+00:00,2020,2020-05,0.9500321222071532,154.28123987221628,0.25697020465545983,146.5721337325525,5142.707995740543,5289.280129473095
0.03,2020-05-20 18:10:00+00:00,2020,2020-05,-1.0495061175416687,158.67840388419285,0.26185172380050714,-166.53395559820808,5289.280129473095,5122.746173874887
0.03,2020-06-12 16:10:00+00:00,2020,2020-06,-1.0459126784582073,150.0,0.22956339229103678,-156.8869017687311,5000.0,4843.113098231269
0.03,2020-06-24 14:50:00+00:00,2020,2020-06,-1.0474705004747047,145.29339294693807,0.229905002628636,-152.19054302579715,4843.113098231269,4690.922555205471
0.03,2020-07-24 16:05:00+00:00,2020,2020-07,0.9678106653995305,150.0,0.16094667300234738,145.17159980992957,5000.0,5145.17159980993
0.03,2020-08-04 16:05:00+00:00,2020,2020-08,0.9612374483165989,150.0,0.19381275841700576,144.18561724748983,5000.0,5144.18561724749
0.03,2020-08-06 18:50:00+00:00,2020,2020-08,0.9647378849447557,154.3255685174247,0.18139486510091407,148.8837225643973,5144.18561724749,5293.069339811887
0.03,2020-08-12 16:45:00+00:00,2020,2020-08,-1.025060862093656,158.79208019435663,0.13264888077718529,-162.7715466176722,5293.069339811887,5130.297793194215
0.03,2020-08-14 18:20:00+00:00,2020,2020-08,0.974405226209048,153.90893379582644,0.13130881149702614,149.96966945091566,5130.297793194215,5280.267462645131
0.03,2020-08-18 17:00:00+00:00,2020,2020-08,0.9697898234862544,158.40802387935392,0.1595178120862968,153.622489516765,5280.267462645131,5433.889952161896
0.03,2020-08-28 13:40:00+00:00,2020,2020-08,0.9728766274023558,163.01669856485688,0.14738542182708228,158.5951359100444,5433.889952161896,5592.4850880719405
0.03,2020-08-28 16:20:00+00:00,2020,2020-08,0.9625013392378838,167.7745526421582,0.2097107011348028,161.4832316081141,5592.4850880719405,5753.968319680054
0.03,2020-08-31 15:45:00+00:00,2020,2020-08,0.9623952438937036,172.61904959040163,0.21637657530492446,166.1277523312539,5753.968319680054,5920.096072011308
0.03,2020-09-03 15:25:00+00:00,2020,2020-09,0.9620493358633786,150.0,0.18975332068310716,144.3074003795068,5000.0,5144.307400379506
0.03,2020-10-02 19:30:00+00:00,2020,2020-10,0.9625715151407133,150.0,0.18714242429643368,144.385727271107,5000.0,5144.385727271107
0.03,2020-10-26 14:30:00+00:00,2020,2020-10,-1.0435251202122364,154.3315718181332,0.2239100071975877,-161.04887203406085,5144.385727271107,4983.336855237046
0.03,2020-10-30 17:05:00+00:00,2020,2020-10,-1.0439275404760915,149.50010565711136,0.21890573141442363,-156.06727759954407,4983.336855237046,4827.269577637501
0.03,2020-11-03 17:05:00+00:00,2020,2020-11,0.9586809381394618,150.0,0.20659530930269135,143.80214072091925,5000.0,5143.802140720919
0.03,2020-11-06 15:40:00+00:00,2020,2020-11,-1.027902897915255,154.31406422162758,0.14352698602880556,-158.61987380249175,5143.802140720919,4985.182266918428
0.03,2020-11-19 16:15:00+00:00,2020,2020-11,-1.0383204686045873,149.55546800755283,0.19103452054759265,-155.28650362398062,4985.182266918428,4829.895763294447
0.03,2020-11-24 16:00:00+00:00,2020,2020-11,-1.0466521526636152,144.89687289883338,0.2253250344985606,-151.6566239337902,4829.895763294447,4678.239139360657
0.03,2020-12-03 16:35:00+00:00,2020,2020-12,0.9589201877934275,150.0,0.20539906103286246,143.8380281690141,5000.0,5143.838028169014
0.03,2020-12-11 16:35:00+00:00,2020,2020-12,0.9591288608629648,154.31514084507043,0.2102345197476686,148.00810525264038,5143.838028169014,5291.8461334216545
0.03,2020-12-23 17:35:00+00:00,2020,2020-12,0.4378352370939666,158.75538400264963,0.1980304877343031,69.50870119474382,5291.8461334216545,5361.354834616398
0.03,2021-01-18 13:25:00+00:00,2021,2021-01,-1.042192397331833,150.0,0.2109619866591651,-156.32885959977494,5000.0,4843.671140400225
0.03,2021-01-21 16:40:00+00:00,2021,2021-01,-1.0469830189945641,145.31013421200674,0.22757029319284633,-152.1372430077921,4843.671140400225,4691.533897392434
0.03,2021-02-09 17:05:00+00:00,2021,2021-02,0.9626287971811428,150.0,0.18685601409428604,144.39431957717142,5000.0,5144.394319577172
0.03,2021-02-18 16:05:00+00:00,2021,2021-02,0.9612824720219768,154.33182958731516,0.1991782309982126,148.3564826573688,5144.394319577172,5292.75080223454
0.03,2021-02-18 18:30:00+00:00,2021,2021-02,0.9526141209919436,158.7825240670362,0.25080164913447894,151.25847459300184,5292.75080223454,5444.009276827542
0.03,2021-02-18 20:30:00+00:00,2021,2021-02,-1.0376411543287327,163.32027830482625,0.20491879335611754,-169.4678421055098,5444.009276827542,5274.541434722032
0.03,2021-02-24 20:15:00+00:00,2021,2021-02,-1.0340754202635163,158.23624304166097,0.17973221608548318,-163.62820952422547,5274.541434722032,5110.913225197806
0.03,2021-03-11 18:05:00+00:00,2021,2021-03,0.9693931090771294,150.0,0.153034454614353,145.4089663615694,5000.0,5145.40896636157
0.03,2021-04-01 16:05:00+00:00,2021,2021-04,0.31864354998853545,150.0,0.16039104865194884,47.796532498280314,5000.0,5047.796532498281
0.03,2021-04-16 17:40:00+00:00,2021,2021-04,-1.0413434657636729,151.4338959749484,0.20869340312332982,-157.69469806864828,5047.796532498281,4890.101834429633
0.03,2021-06-17 19:05:00+00:00,2021,2021-06,-1.0313779398141227,150.0,0.15688969907061387,-154.70669097211842,5000.0,4845.293309027881
0.03,2021-06-22 16:25:00+00:00,2021,2021-06,-1.049105576990531,145.35879927083644,0.23793092362817378,-152.49672697968165,4845.293309027881,4692.7965820481995
0.03,2021-06-28 18:05:00+00:00,2021,2021-06,-1.0448459222243571,140.78389746144597,0.21045279053326232,-147.09748117744385,4692.7965820481995,4545.6991008707555
0.03,2021-08-09 17:35:00+00:00,2021,2021-08,0.954003854915017,150.0,0.22998072542491474,143.10057823725256,5000.0,5143.100578237252
0.03,2021-08-10 17:20:00+00:00,2021,2021-08,-1.0321844012935062,154.29301734711757,0.16552761290285198,-159.2588457342031,5143.100578237252,4983.841732503049
0.03,2021-09-21 15:25:00+00:00,2021,2021-09,0.9587871651457162,150.0,0.20606417427141901,143.81807477185743,5000.0,5143.818074771857
0.03,2021-09-29 17:10:00+00:00,2021,2021-09,0.9507839415031976,154.3145422431557,0.2531584512648813,146.71978870520925,5143.818074771857,5290.537863477066
0.03,2021-10-28 17:55:00+00:00,2021,2021-10,0.9579865556978227,150.0,0.21006722151088666,143.6979833546734,5000.0,5143.697983354674
0.03,2021-11-05 15:30:00+00:00,2021,2021-11,0.9831184282452811,150.0,0.0844078587735945,147.46776423679216,5000.0,5147.467764236792
0.03,2021-12-09 16:40:00+00:00,2021,2021-12,0.951645214027495,150.0,0.2417739298625249,142.74678210412426,5000.0,5142.746782104125
0.03,2021-12-10 15:35:00+00:00,2021,2021-12,0.9660435935579845,154.28240346312373,0.17462919996149492,149.0435274642789,5142.746782104125,5291.790309568403
0.03,2022-02-15 16:35:00+00:00,2022,2022-02,-1.034814323607427,150.0,0.1740716180371348,-155.22214854111405,5000.0,4844.777851458886
0.03,2022-02-16 21:10:00+00:00,2022,2022-02,0.958478329642518,145.34333554376659,0.20116326890350567,139.30843747666142,4844.777851458886,4984.086288935548
0.03,2022-02-17 16:25:00+00:00,2022,2022-02,0.9559212459594478,149.52258866806642,0.21969231364687855,142.93181925866006,4984.086288935548,5127.018108194207
0.03,2022-02-28 16:40:00+00:00,2022,2022-02,-1.0422620245522238,153.8105432458262,0.2166781651682003,-160.3108882008722,5127.018108194207,4966.7072199933355
0.03,2022-03-01 15:25:00+00:00,2022,2022-03,-1.0499334221038612,150.0,0.249667110519306,-157.49001331557918,5000.0,4842.509986684421
0.03,2022-03-01 17:35:00+00:00,2022,2022-03,0.9572666965121491,145.27529960053263,0.20693644890393414,139.0672061334146,4842.509986684421,4981.577192817836
0.03,2022-03-07 19:10:00+00:00,2022,2022-03,-1.0308542211513032,149.44731578453505,0.1537026843894895,-154.05839631621973,4981.577192817836,4827.518796501616
0.03,2022-03-15 16:05:00+00:00,2022,2022-03,0.9604802589483983,144.82556389504848,0.19078229275948383,139.10209511226395,4827.518796501616,4966.620891613879
0.03,2022-03-16 16:15:00+00:00,2022,2022-03,0.973849698026275,148.99862674841637,0.12987863610471462,145.10226766527495,4966.620891613879,5111.723159279154
0.03,2022-03-30 18:45:00+00:00,2022,2022-03,-1.0380138660101732,153.35169477837462,0.1943163592579374,-159.18118555611272,5111.723159279154,4952.541973723041
0.03,2022-04-01 16:30:00+00:00,2022,2022-04,-1.0326482385497964,150.0,0.16324119274898138,-154.89723578246947,5000.0,4845.10276421753
0.03,2022-04-12 15:30:00+00:00,2022,2022-04,-1.0322798819478605,145.3530829265259,0.15639934525419397,-150.04506328415172,4845.10276421753,4695.057700933378
0.03,2022-04-21 19:00:00+00:00,2022,2022-04,-1.0412525046163528,140.85173102800135,0.19368288948179635,-146.66221771245526,4695.057700933378,4548.395483220923
0.03,2022-04-29 19:05:00+00:00,2022,2022-04,0.9516708091687385,136.45186449662768,0.2198202732846322,129.8572562980887,4548.395483220923,4678.252739519012
0.03,2022-05-03 16:35:00+00:00,2022,2022-05,-0.3047398248325518,150.0,0.1352395672333839,-45.71097372488277,5000.0,4954.289026275117
0.03,2022-05-05 14:10:00+00:00,2022,2022-05,0.9512817538568599,148.62867078825352,0.24136427224632911,141.38774262086363,4954.289026275117,5095.676768895981
0.03,2022-05-11 17:10:00+00:00,2022,2022-05,0.9705035465973731,152.87030306687942,0.1503043923685882,148.36117129582175,5095.676768895981,5244.037940191803
0.03,2022-05-18 16:05:00+00:00,2022,2022-05,0.9502275312855518,157.32113820575407,0.261008714315576,149.4908767762868,5244.037940191803,5393.52881696809
0.03,2022-06-02 15:50:00+00:00,2022,2022-06,0.9501897533206819,150.0,0.24905123339659066,142.52846299810227,5000.0,5142.528462998102
0.03,2022-07-28 15:35:00+00:00,2022,2022-07,0.968995910412945,150.0,0.1550204479352754,145.34938656194174,5000.0,5145.349386561942
0.03,2022-08-02 17:35:00+00:00,2022,2022-08,0.953943328362137,150.0,0.23028335818931484,143.09149925432055,5000.0,5143.09149925432
0.03,2022-08-10 19:30:00+00:00,2022,2022-08,-1.041332887200582,154.2927449776296,0.21257882080095114,-160.67010960165814,5143.09149925432,4982.421389652663
0.03,2022-08-26 17:55:00+00:00,2022,2022-08,0.9812899259615641,149.47264168957986,0.09322147309108803,146.6759974968472,4982.421389652663,5129.09738714951
0.03,2022-09-02 17:00:00+00:00,2022,2022-09,-0.1354061296562467,150.0,0.18633871053612558,-20.310919448437005,5000.0,4979.689080551563
0.03,2022-09-22 14:10:00+00:00,2022,2022-09,-1.0448679600034183,149.3906724165469,0.22342849049564592,-156.0935271314163,4979.689080551563,4823.595553420147
0.03,2022-09-27 14:55:00+00:00,2022,2022-09,0.9616136874622989,144.70786660260438,0.18516004646905096,139.15306520853287,4823.595553420147,4962.74861862868
0.03,2022-09-28 15:20:00+00:00,2022,2022-09,0.9702507437314066,148.88245855886038,0.14763808045219254,144.45331614529462,4962.74861862868,5107.201934773974
0.03,2022-09-30 15:55:00+00:00,2022,2022-09,-1.0404063726622028,153.21605804321922,0.20636350463760006,-159.40696318234723,5107.201934773974,4947.7949715916275
0.03,2022-09-30 16:35:00+00:00,2022,2022-09,-1.0383449585509261,148.43384914774882,0.18972299310416113,-154.12553894087367,4947.7949715916275,4793.669432650754
0.03,2022-10-11 17:35:00+00:00,2022,2022-10,0.9531490529415696,150.0,0.2342547352921522,142.97235794123543,5000.0,5142.972357941236
0.03,2022-10-19 12:00:00+00:00,2022,2022-10,0.9532512633289556,154.28917073823706,0.2404274604678553,147.0763469242014,5142.972357941236,5290.048704865437
0.03,2022-10-21 17:45:00+00:00,2022,2022-10,0.973499236525624,158.7014611459631,0.14019032949556803,154.49575126109605,5290.048704865437,5444.544456126533
0.03,2022-11-17 15:05:00+00:00,2022,2022-11,-1.0411135909785023,150.0,0.20556795489251195,-156.16703864677535,5000.0,4843.832961353225
0.03,2022-11-23 21:05:00+00:00,2022,2022-11,0.12804523156232872,145.31498884059675,0.16915355814154442,18.606891395571424,4843.832961353225,4862.4398527487965
0.03,2022-12-30 17:40:00+00:00,2022,2022-12,-1.0455798406876042,150.0,0.2278992034380207,-156.83697610314064,5000.0,4843.163023896859
0.03,2023-01-23 17:00:00+00:00,2023,2023-01,-1.04579353656941,150.0,0.22896768284704985,-156.86903048541149,5000.0,4843.130969514588
0.03,2023-02-10 17:25:00+00:00,2023,2023-02,0.952986478015581,150.0,0.23506760992209483,142.94797170233716,5000.0,5142.947971702337
0.03,2023-02-14 17:40:00+00:00,2023,2023-02,0.9722490188045932,154.2884391510701,0.1427218524516671,150.00678357752008,5142.947971702337,5292.954755279857
0.03,2023-02-23 16:35:00+00:00,2023,2023-02,0.95221843003413,158.7886426583957,0.2529056879655889,151.20147201942802,5292.954755279857,5444.156227299285
0.03,2023-02-24 16:45:00+00:00,2023,2023-02,-1.0355269835899168,163.32468681897853,0.19341444894820478,-169.12712028742467,5444.156227299285,5275.02910701186
0.03,2023-03-01 17:20:00+00:00,2023,2023-03,-1.0359928014397108,150.0,0.1799640071985546,-155.39892021595662,5000.0,4844.601079784044
0.03,2023-03-13 16:10:00+00:00,2023,2023-03,0.9674231729829509,145.3380323935213,0.15782173134273422,140.60338045323928,4844.601079784044,4985.204460237283
0.03,2023-03-20 13:30:00+00:00,2023,2023-03,0.9635770778409875,149.55613380711847,0.18157571400198463,144.10886238705893,4985.204460237283,5129.313322624342
0.03,2023-03-21 14:45:00+00:00,2023,2023-03,0.9547404038880141,153.87939967873024,0.23215064931380636,146.91488019931606,5129.313322624342,5276.228202823658
0.03,2023-03-24 18:25:00+00:00,2023,2023-03,0.9582072918325095,158.28684608470974,0.2205078655056922,151.67161011953897,5276.228202823658,5427.899812943197
0.03,2023-04-05 17:10:00+00:00,2023,2023-04,0.9649128669529332,150.0,0.17543566523533408,144.73693004293997,5000.0,5144.73693004294
0.03,2023-04-26 17:25:00+00:00,2023,2023-04,-1.0350953423467093,154.3421079012882,0.18055630384361482,-159.75879701659665,5144.73693004294,4984.978133026343
0.03,2023-04-28 16:30:00+00:00,2023,2023-04,0.9768928598937071,149.54934399079028,0.1151885881466463,146.09368634639088,4984.978133026343,5131.071819372734
0.03,2023-06-30 17:05:00+00:00,2023,2023-06,0.956371795404495,150.0,0.21814102297752513,143.45576931067424,5000.0,5143.455769310674
0.03,2023-07-14 17:05:00+00:00,2023,2023-07,0.10497713369364352,150.0,0.15590663419848888,15.746570054046527,5000.0,5015.746570054047
0.03,2023-07-25 16:05:00+00:00,2023,2023-07,-1.0454338936846883,150.4723971016214,0.2278848964131757,-157.30894399401666,5015.746570054047,4858.43762606003
0.03,2023-07-25 17:15:00+00:00,2023,2023-07,0.9576065891472857,145.7531287818009,0.20596574238384877,139.57415651028543,4858.43762606003,4998.0117825703155
0.03,2023-10-25 20:10:00+00:00,2023,2023-10,0.3151232060655372,150.0,0.08885052802599534,47.26848090983058,5000.0,5047.268480909831
0.03,2023-10-27 15:55:00+00:00,2023,2023-10,-1.0391776426252746,151.41805442729492,0.19774008077889801,-157.35025685066185,5047.268480909831,4889.918224059169
0.03,2023-10-30 16:05:00+00:00,2023,2023-10,-1.0486032355868264,146.69754672177507,0.23766584744426328,-153.827522145103,4889.918224059169,4736.090701914066
0.03,2023-11-03 15:40:00+00:00,2023,2023-11,-1.0289423633506989,150.0,0.14471181675349423,-154.34135450260484,5000.0,4845.658645497395
0.03,2023-11-21 16:30:00+00:00,2023,2023-11,-1.0374191479125463,145.36975936492183,0.18132041758957598,-150.8093718926091,4845.658645497395,4694.849273604786
0.03,2023-11-30 17:10:00+00:00,2023,2023-11,-1.0481960892316187,140.84547820814356,0.2262733745196568,-147.63367944373326,4694.849273604786,4547.215594161053
0.03,2023-12-21 16:50:00+00:00,2023,2023-12,0.9681485189061291,150.0,0.15925740546935477,145.22227783591936,5000.0,5145.222277835919
0.03,2023-12-26 16:40:00+00:00,2023,2023-12,-1.0397230734309397,154.35666833507756,0.20438404236098268,-160.48818960590705,5145.222277835919,4984.734088230012
0.03,2024-03-08 15:35:00+00:00,2024,2024-03,0.21197439003288057,150.0,0.07570513929745734,31.796158504932087,5000.0,5031.7961585049325
0.03,2024-03-08 15:35:00+00:00,2024,2024-03,0.19001331385804848,150.95388475514798,0.06829344733826576,28.683247882071612,5031.7961585049325,5060.479406387004
0.03,2024-03-08 16:45:00+00:00,2024,2024-03,0.9518602572037698,151.81438219161012,0.24361017704909052,144.5060768801374,5060.479406387004,5204.985483267142
0.03,2024-03-12 14:55:00+00:00,2024,2024-03,0.967296851153953,156.14956449801426,0.17021941500079915,151.04298204799028,5204.985483267142,5356.028465315132
0.03,2024-04-15 12:25:00+00:00,2024,2024-04,-1.038190845108841,150.0,0.19095422554420505,-155.72862676632616,5000.0,4844.271373233674
0.03,2024-04-23 14:05:00+00:00,2024,2024-04,-1.0348987934988547,145.3281411970102,0.16905922630689504,-150.39991798621708,4844.271373233674,4693.871455247458
0.03,2024-04-26 19:25:00+00:00,2024,2024-04,0.9683047573049988,140.8161436574237,0.14877339495320696,136.3529418088275,4693.871455247458,4830.224397056285
0.03,2024-04-30 18:35:00+00:00,2024,2024-04,0.9700854700854702,144.90673191168855,0.1444938922196319,140.57191514509958,4830.224397056285,4970.796312201384
0.03,2024-05-03 17:15:00+00:00,2024,2024-05,-1.0147077362692778,150.0,0.07353868134638859,-152.20616044039167,5000.0,4847.793839559608
0.03,2024-05-09 16:35:00+00:00,2024,2024-05,0.9687736985323626,145.43381518678825,0.15137867188704346,140.89245503017693,4847.793839559608,4988.686294589786
0.03,2024-05-13 17:10:00+00:00,2024,2024-05,0.9607491308736115,149.66058883769355,0.19581027286155164,143.786280651847,4988.686294589786,5132.4725752416325
0.03,2024-05-14 15:40:00+00:00,2024,2024-05,0.9597415792803324,153.97417725724898,0.20662524026623316,147.77542004926198,5132.4725752416325,5280.247995290894
0.03,2024-05-15 15:35:00+00:00,2024,2024-05,-1.020607630711258,158.40743985872683,0.10881340075081428,-161.67184188125128,5280.247995290894,5118.576153409643
0.03,2024-05-16 17:00:00+00:00,2024,2024-05,-1.0474233322794813,153.5572846022893,0.24273993772097496,-160.83948273391852,5118.576153409643,4957.736670675724
0.03,2024-06-06 15:40:00+00:00,2024,2024-06,-1.0485919892634832,150.0,0.24295994631741571,-157.28879838952247,5000.0,4842.7112016104775
0.03,2024-06-07 20:55:00+00:00,2024,2024-06,0.9617639561560031,145.28133604831433,0.18516611782859324,139.72635251345653,4842.7112016104775,4982.437554123934
0.03,2024-07-01 18:45:00+00:00,2024,2024-07,-1.0310361645212303,150.0,0.15518082260615104,-154.65542467818454,5000.0,4845.344575321816
0.03,2024-07-09 17:05:00+00:00,2024,2024-07,0.96292045554869,145.36033725965447,0.17966316956255898,139.9704421727777,4845.344575321816,4985.315017494593
0.03,2024-07-24 17:55:00+00:00,2024,2024-07,-1.0225881745528078,149.55945052483779,0.11260916581590194,-152.93772549931484,4985.315017494593,4832.377291995278
0.03,2024-08-01 17:50:00+00:00,2024,2024-08,0.9670743179680145,150.0,0.16462841015992774,145.06114769520218,5000.0,5145.061147695202
0.03,2024-08-07 20:10:00+00:00,2024,2024-08,0.9546592970031971,154.35183443085606,0.2332806893980384,147.3534137489149,5145.061147695202,5292.414561444117
0.03,2024-08-08 18:25:00+00:00,2024,2024-08,0.9594296974614583,158.7724368433235,0.21471485991717107,152.33099104580836,5292.414561444117,5444.745552489925
0.03,2024-08-08 20:15:00+00:00,2024,2024-08,0.970415868364701,163.34236657469773,0.1610780691455711,158.51002450033062,5444.745552489925,5603.255576990256
0.03,2024-09-04 17:25:00+00:00,2024,2024-09,0.9586955666574866,150.0,0.20652216671256748,143.80433499862298,5000.0,5143.804334998623
0.03,2024-09-26 15:50:00+00:00,2024,2024-09,-1.032934460423757,154.3141300499587,0.16940842029856185,-159.39638265891554,5143.804334998623,4984.407952339708
0.03,2024-09-26 19:50:00+00:00,2024,2024-09,0.9597600935098758,149.53223857019123,0.20057210991078148,143.5150752728678,4984.407952339708,5127.923027612575
0.03,2024-10-11 16:05:00+00:00,2024,2024-10,0.9586597897555009,150.0,0.20670105122249555,143.79896846332514,5000.0,5143.798968463325
0.03,2024-10-11 17:25:00+00:00,2024,2024-10,0.9559462124231688,154.31396905389974,0.22660382709460666,147.51585424106153,5143.798968463325,5291.314822704387
0.03,2024-11-05 18:20:00+00:00,2024,2024-11,0.9579099272443014,150.0,0.21045036377849352,143.6864890866452,5000.0,5143.686489086645
0.03,2024-11-08 14:05:00+00:00,2024,2024-11,-1.0480846289469463,154.31059467259936,0.2473322562471527,-161.73056236001395,5143.686489086645,4981.955926726631
0.03,2024-11-12 15:50:00+00:00,2024,2024-11,-1.0336813742000686,149.45867780179893,0.16779912181632872,-154.4926514562888,4981.955926726631,4827.463275270343
0.03,2024-11-13 15:35:00+00:00,2024,2024-11,-1.0423131170662896,144.8238982581103,0.20426501869972824,-150.95184881910214,4827.463275270343,4676.51142645124
0.03,2024-11-15 18:20:00+00:00,2024,2024-11,0.9563200698878896,140.2953427935372,0.20426969227587577,134.16725202526092,4676.51142645124,4810.678678476501
0.03,2024-11-25 15:35:00+00:00,2024,2024-11,0.9570999570999595,144.32036035429502,0.20637832168495196,138.12901070374647,4810.678678476501,4948.8076891802475
0.03,2024-12-02 18:35:00+00:00,2024,2024-12,-1.0333508028014673,150.0,0.16675401400733691,-155.0026204202201,5000.0,4844.99737957978
0.03,2024-12-06 14:15:00+00:00,2024,2024-12,-1.0474426170251234,145.34992138739338,0.22985935516712955,-152.2457020424073,4844.99737957978,4692.751677537372
0.03,2024-12-06 16:30:00+00:00,2024,2024-12,-1.0200611387084444,140.78255032612117,0.09414194232736228,-143.60680859594203,4692.751677537372,4549.14486894143
0.03,2024-12-17 17:40:00+00:00,2024,2024-12,-1.0404811473513775,136.4743460682429,0.18415460376238146,-141.99898418111434,4549.14486894143,4407.145884760315
0.03,2024-12-19 16:45:00+00:00,2024,2024-12,-1.0267720550739419,132.21437654280945,0.11798835234569932,-135.75402711318043,4407.145884760315,4271.391857647135
0.03,2025-01-02 20:00:00+00:00,2025,2025-01,0.9570200573065903,150.0,0.21489971346704814,143.55300859598856,5000.0,5143.553008595989
0.03,2025-01-29 16:35:00+00:00,2025,2025-01,-1.0413198748598091,154.30659025787966,0.21253096664998114,-160.68251925737908,5143.553008595989,4982.87048933861
0.03,2025-02-20 16:35:00+00:00,2025,2025-02,0.9729151082105907,150.0,0.13542445894704638,145.9372662315886,5000.0,5145.937266231588
0.03,2025-02-24 18:45:00+00:00,2025,2025-02,0.9699918549320529,154.37811798694764,0.15442003199563267,149.74551702707865,5145.937266231588,5295.682783258667
0.03,2025-02-28 20:25:00+00:00,2025,2025-02,-1.0384291622442638,158.87048349776,0.20350865287200234,-164.97574308392007,5295.682783258667,5130.707040174747
0.03,2025-03-06 13:00:00+00:00,2025,2025-03,-1.044568954539663,150.0,0.22284477269831493,-156.68534318094945,5000.0,4843.3146568190505
0.03,2025-03-18 15:50:00+00:00,2025,2025-03,-1.0349464154962407,145.2994397045715,0.16925648637623064,-150.37713429585844,4843.3146568190505,4692.9375225231925
0.03,2025-03-31 14:40:00+00:00,2025,2025-03,0.9521083719127,140.78812567569577,0.22475241846561542,134.0455531217273,4692.9375225231925,4826.98307564492
0.03,2025-04-08 12:35:00+00:00,2025,2025-04,0.9745568654058174,150.0,0.12721567297091313,146.1835298108726,5000.0,5146.183529810873
0.03,2025-04-08 18:45:00+00:00,2025,2025-04,0.9774062358788971,154.38550589432617,0.11627165679645171,150.89735619043262,5146.183529810873,5297.080886001305
0.03,2025-04-09 16:10:00+00:00,2025,2025-04,0.9812120886789412,158.91242658003915,0.09952108594666857,155.9267940016391,5297.080886001305,5453.007680002944
0.03,2025-04-15 13:25:00+00:00,2025,2025-04,0.9520120655378042,163.5902304000883,0.2616785751698321,155.73987314499334,5453.007680002944,5608.747553147937
0.03,2025-04-15 17:05:00+00:00,2025,2025-04,0.9675364828097941,168.2624265944381,0.18207967260714347,162.8000364162238,5608.747553147937,5771.54758956416
0.03,2025-04-15 18:25:00+00:00,2025,2025-04,0.9713564754825076,173.1464276869248,0.1653174648855555,168.18690374035813,5771.54758956416,5939.734493304519
0.03,2025-04-16 16:50:00+00:00,2025,2025-04,0.9768760667290649,178.19203479913557,0.13735002407024494,174.07153407702822,5939.734493304519,6113.806027381547
0.03,2025-04-17 15:00:00+00:00,2025,2025-04,0.9552038226071383,183.41418082144642,0.27387513934813085,175.1979266410025,6113.806027381547,6289.00395402255
0.03,2025-04-17 15:25:00+00:00,2025,2025-04,0.9785379214487924,188.67011862067648,0.13497509687008746,184.62086571457385,6289.00395402255,6473.624819737123
0.03,2025-04-22 13:25:00+00:00,2025,2025-04,0.9815064331193363,194.2087445921137,0.1197204135641333,190.61713218518972,6473.624819737123,6664.241951922313
0.03,2025-04-22 18:50:00+00:00,2025,2025-04,0.9764190668687899,199.92725855766938,0.15714904383848532,195.21278724251482,6664.241951922313,6859.4547391648275
0.03,2025-04-25 13:50:00+00:00,2025,2025-04,0.9688339442869649,205.78364217494482,0.2137821485618537,199.3701777180892,6859.4547391648275,7058.824916882917
0.03,2025-04-29 16:30:00+00:00,2025,2025-04,-1.0207125103562553,211.7647475064875,0.1462059841939303,-216.15092703230542,7058.824916882917,6842.673989850611
0.03,2025-05-09 12:05:00+00:00,2025,2025-05,0.9531229072726458,150.0,0.23438546363677068,142.96843609089686,5000.0,5142.968436090897
0.03,2025-05-30 16:45:00+00:00,2025,2025-05,0.9829234972677593,154.2890530827269,0.08782391455073374,151.65433564620488,5142.968436090897,5294.622771737102
0.03,2025-06-06 17:00:00+00:00,2025,2025-06,0.9818588619459392,150.0,0.09070569027030402,147.27882929189087,5000.0,5147.278829291891
0.03,2025-06-09 16:40:00+00:00,2025,2025-06,-1.0349022736338245,154.41836487875673,0.17965173416953703,-159.80791690384285,5147.278829291891,4987.470912388048
0.03,2025-06-09 17:50:00+00:00,2025,2025-06,0.9727965179542977,149.62412737164144,0.13567657541861103,145.55383010908312,4987.470912388048,5133.024742497131
0.03,2025-06-11 15:15:00+00:00,2025,2025-06,0.9576979634590969,153.99074227491394,0.21713740022247377,147.47662026823974,5133.024742497131,5280.501362765371
0.03,2025-06-16 19:05:00+00:00,2025,2025-06,0.978263119759859,158.4150408829611,0.11478162573033193,154.97159211105114,5280.501362765371,5435.472954876422
0.03,2025-06-17 12:30:00+00:00,2025,2025-06,-1.0284653129828936,163.06418864629265,0.15472243887061068,-167.70586181241097,5435.472954876422,5267.767093064011
0.03,2025-06-23 16:05:00+00:00,2025,2025-06,0.9675168989466192,158.0330127919203,0.17111341080967252,152.89961046763014,5267.767093064011,5420.66670353164
0.03,2025-06-30 16:30:00+00:00,2025,2025-06,0.9547228390935938,162.6200011059492,0.24543239855580065,155.25702914927518,5420.66670353164,5575.923732680915
0.03,2025-07-09 16:45:00+00:00,2025,2025-07,0.965545529122232,150.0,0.17227235438883998,144.8318293683348,5000.0,5144.831829368335
0.03,2025-07-15 16:10:00+00:00,2025,2025-07,0.9622315744037986,154.34495488105006,0.1943121981524665,148.51558893647606,5144.831829368335,5293.347418304811
0.03,2025-07-16 15:40:00+00:00,2025,2025-07,0.9500748876684973,158.80042254914432,0.2642709644685371,150.8722936150882,5293.347418304811,5444.219711919899
0.03,2025-07-30 14:55:00+00:00,2025,2025-07,-1.0487453865973402,163.32659135759695,0.26538059457839586,-171.2880091949488,5444.219711919899,5272.93170272495
0.03,2025-08-06 13:35:00+00:00,2025,2025-08,-1.049948861879507,150.0,0.2497443093975344,-157.49232928192606,5000.0,4842.507670718074
0.03,2025-08-12 12:05:00+00:00,2025,2025-08,-1.048101149846536,145.27523012154222,0.23293018710221028,-152.26313573460854,4842.507670718074,4690.244534983466
0.03,2025-08-19 16:35:00+00:00,2025,2025-08,-1.0447379633574776,140.70733604950397,0.20983198814369974,-147.00229569381497,4690.244534983466,4543.2422392896515
0.03,2025-08-19 17:00:00+00:00,2025,2025-08,0.9554282075772054,136.29726717868954,0.20250045001609102,130.2222536782068,4543.2422392896515,4673.464492967858
0.03,2025-08-21 18:30:00+00:00,2025,2025-08,-1.0401621787025697,140.20393478903574,0.18769651612668928,-145.83483027283643,4673.464492967858,4527.629662695022
0.03,2025-08-27 17:15:00+00:00,2025,2025-08,0.9525477347192404,135.82888988085065,0.2148462838472403,129.38350136543343,4527.629662695022,4657.013164060455
0.03,2025-09-05 18:00:00+00:00,2025,2025-09,0.9817404006677793,150.0,0.09129799666110343,147.2610601001669,5000.0,5147.261060100167
0.03,2025-09-09 16:05:00+00:00,2025,2025-09,0.9743442512797329,154.41783180300501,0.13205683635554546,150.45612671233866,5147.261060100167,5297.717186812506
0.03,2025-09-15 13:00:00+00:00,2025,2025-09,0.9608712664666772,158.93151560437516,0.20729296413769072,152.71272668024443,5297.717186812506,5450.4299134927505
0.03,2025-09-22 16:55:00+00:00,2025,2025-09,0.9602573807721424,163.5128974047825,0.21661436068006706,157.0144665843805,5450.4299134927505,5607.444380077131
0.03,2025-10-07 20:00:00+00:00,2025,2025-10,0.9795572688511179,150.0,0.1022136557444105,146.9335903276677,5000.0,5146.933590327668
0.03,2025-10-08 16:55:00+00:00,2025,2025-10,0.9813482547295497,154.40800770983003,0.09599929425071616,151.52802888230855,5146.933590327668,5298.461619209977
0.03,2025-10-09 19:15:00+00:00,2025,2025-10,0.9741188070002451,158.9538485762993,0.13713050776856703,154.83993334324228,5298.461619209977,5453.301552553219
0.03,2025-10-21 16:45:00+00:00,2025,2025-10,0.9902390503060757,163.59904657659658,0.053229402120270795,162.00216451298846,5453.301552553219,5615.303717066207
0.03,2025-10-28 15:05:00+00:00,2025,2025-10,0.9891304347826086,168.4591115119862,0.061035909968111146,166.62803421294288,5615.303717066207,5781.93175127915
0.03,2025-10-28 15:50:00+00:00,2025,2025-10,0.9886475440853705,173.4579525383745,0.06563912530779345,171.48877877914072,5781.93175127915,5953.420530058291
0.03,2025-10-30 14:30:00+00:00,2025,2025-10,-1.017499562510937,178.60261590174872,0.10418225471965117,-181.72808354333827,5953.420530058291,5771.692446514952
0.03,2025-10-30 15:05:00+00:00,2025,2025-10,0.985356771795748,173.15077339544857,0.0845162096190758,170.61528710687628,5771.692446514952,5942.307733621828
0.03,2025-11-03 16:50:00+00:00,2025,2025-11,-1.0154220123522977,150.0,0.07711006176148816,-152.31330185284466,5000.0,4847.686698147156
0.03,2025-11-17 17:05:00+00:00,2025,2025-11,0.9866406264910015,145.43060094441466,0.06476205725515158,143.4877392267601,4847.686698147156,4991.174437373916
0.03,2025-11-20 17:15:00+00:00,2025,2025-11,-1.013575274899317,149.73523312121748,0.06775656505779423,-151.76793007295132,4991.174437373916,4839.406507300964
0.03,2025-11-20 20:20:00+00:00,2025,2025-11,-1.0131585543134993,145.18219521902893,0.06367959337142189,-147.0925830201716,4839.406507300964,4692.313924280793
0.03,2025-11-26 15:35:00+00:00,2025,2025-11,0.9788634579382816,140.76941772842378,0.09917929062734815,137.79403900960332,4692.313924280793,4830.107963290397
0.03,2025-11-28 14:15:00+00:00,2025,2025-11,0.9792338271067779,144.9032388987119,0.10030285705861718,141.89415318695336,4830.107963290397,4972.00211647735
0.03,2025-12-03 17:20:00+00:00,2025,2025-12,-1.0168905332582638,150.0,0.08445266629131967,-152.53357998873958,5000.0,4847.46642001126
0.03,2025-12-04 15:35:00+00:00,2025,2025-12,-1.0253960575643957,145.4239926003378,0.12310653624408059,-149.11718868766025,4847.46642001126,4698.3492313236
0.03,2025-12-05 15:30:00+00:00,2025,2025-12,0.9688612099644118,140.950476939708,0.14630091022805286,136.56144963286644,4698.3492313236,4834.910680956466
0.03,2025-12-05 15:55:00+00:00,2025,2025-12,0.981503989853617,145.04732042869398,0.08942655701182671,142.36452371833917,4834.910680956466,4977.2752046748055
0.03,2025-12-10 16:00:00+00:00,2025,2025-12,-1.0378712737371751,149.31825614024416,0.18849575174149433,-154.97312869248898,4977.2752046748055,4822.302075982317
0.03,2025-12-11 13:15:00+00:00,2025,2025-12,-1.0265469945009802,144.6690622794695,0.12801762669316777,-148.50959108026453,4822.302075982317,4673.792484902052
0.03,2025-12-15 17:40:00+00:00,2025,2025-12,0.9830501634448526,140.21377454706155,0.07922001871176562,137.83717398570857,4673.792484902052,4811.62965888776
0.03,2026-01-06 19:55:00+00:00,2026,2026-01,-1.0107755856017648,150.0,0.0538779280088244,-151.61633784026472,5000.0,4848.383662159736
0.03,2026-01-08 15:05:00+00:00,2026,2026-01,-1.0267243573428375,145.45150986479206,0.12956993752273196,-149.338607990474,4848.383662159736,4699.045054169262
0.03,2026-01-09 15:35:00+00:00,2026,2026-01,0.9890660876899764,140.97135162507786,0.051378946563136706,139.42998322818374,4699.045054169262,4838.475037397446
0.03,2026-01-15 14:00:00+00:00,2026,2026-01,-1.035523978685614,145.15425112192335,0.1718818840993823,-150.31070764490482,4838.475037397446,4688.164329752541
0.03,2026-01-22 13:15:00+00:00,2026,2026-01,0.9758559635769968,140.64492989257622,0.11319121033456994,137.2491935825391,4688.164329752541,4825.41352333508
0.03,2026-01-26 17:50:00+00:00,2026,2026-01,-1.0147248555561788,144.7624057000524,0.07105351712994057,-146.89401121395062,4825.41352333508,4678.519512121129
0.03,2026-01-29 15:45:00+00:00,2026,2026-01,0.9850219321707501,140.35558536363388,0.0700751825930196,138.2533298858433,4678.519512121129,4816.7728420069725
0.03,2026-01-30 15:10:00+00:00,2026,2026-01,0.9955953050146404,144.50318526020916,0.02121641518280437,143.86669280472503,4816.7728420069725,4960.639534811698
0.03,2026-01-30 17:55:00+00:00,2026,2026-01,0.9961348317915607,148.81918604435091,0.019173706223481243,148.24397485764646,4960.639534811698,5108.883509669344
0.03,2026-02-03 14:35:00+00:00,2026,2026-02,0.9914993867414722,150.0,0.04250306629263918,148.72490801122083,5000.0,5148.724908011221
0.03,2026-02-10 18:00:00+00:00,2026,2026-02,-1.0113009551997847,154.46174724033662,0.058185509521450116,-156.20731252598014,5148.724908011221,4992.51759548524
0.03,2026-02-20 17:40:00+00:00,2026,2026-02,0.9944401495335021,149.7755278645572,0.027757651282257628,148.94279832608947,4992.51759548524,5141.46039381133
0.03,2026-02-20 17:40:00+00:00,2026,2026-02,0.9928551500758713,154.2438118143399,0.0367349629046334,153.1417629272009,5141.46039381133,5294.6021567385305
0.03,2026-02-25 13:40:00+00:00,2026,2026-02,-1.0207606299368286,158.83806470215592,0.1099192760387837,-162.1356429833194,5294.6021567385305,5132.466513755211
0.03,2026-02-25 17:40:00+00:00,2026,2026-02,0.989968376501161,153.97399541265634,0.05148697168639102,152.4293862620646,5132.466513755211,5284.895900017275
0.03,2026-02-25 21:15:00+00:00,2026,2026-02,-1.017125661580617,158.54687700051826,0.09050733867248585,-161.26209716069286,5284.895900017275,5123.633802856582
0.03,2026-02-25 21:20:00+00:00,2026,2026-02,0.9829726508339347,153.70901408569748,0.08724190176029394,151.09175703288867,5123.633802856582,5274.725559889471
0.03,2026-03-04 15:55:00+00:00,2026,2026-03,0.9891159565260209,150.0,0.05442021736989547,148.36739347890313,5000.0,5148.367393478903
0.03,2026-03-04 17:40:00+00:00,2026,2026-03,0.9916232872614134,154.4510218043671,0.04312639472787886,153.15722996253072,5148.367393478903,5301.5246234414335
0.03,2026-03-10 14:25:00+00:00,2026,2026-03,0.9866400315549733,159.045738703243,0.07082820167971003,156.9208926528517,5301.5246234414335,5458.445516094285
0.03,2026-03-23 15:20:00+00:00,2026,2026-03,-1.0041138236227507,163.75336548282854,0.0224550821076059,-164.42701794605674,5458.445516094285,5294.018498148229
0.03,2026-03-26 12:50:00+00:00,2026,2026-03,0.9885107151259173,158.82055494444685,0.0608244866538885,156.9958203448302,5294.018498148229,5451.014318493059
0.03,2026-03-26 17:50:00+00:00,2026,2026-03,0.9894930128535475,163.53042955479177,0.057273737379535235,161.81221743340572,5451.014318493059,5612.826535926465
0.03,2026-04-01 15:35:00+00:00,2026,2026-04,-1.0164106090680332,150.0,0.08205304534016593,-152.46159136020498,5000.0,4847.538408639795
0.03,2026-04-09 15:05:00+00:00,2026,2026-04,0.979009026118769,145.42615225919386,0.10175455212402179,142.3735156954732,4847.538408639795,4989.911924335269
0.03,2026-04-10 13:20:00+00:00,2026,2026-04,0.9866196016464261,149.69735773005806,0.06676700929685414,147.69434745115242,4989.911924335269,5137.6062717864215
0.03,2026-04-13 17:50:00+00:00,2026,2026-04,-1.0096450617283952,154.12818815359265,0.049552529627570674,-155.61476404241975,5137.6062717864215,4981.991507744002
0.03,2026-04-16 12:30:00+00:00,2026,2026-04,0.9829111297370755,149.45974523232005,0.08513660652682893,146.90564703651518,4981.991507744002,5128.897154780517
0.03,2026-04-21 17:00:00+00:00,2026,2026-04,0.9855698864143914,153.8669146434155,0.07401056851238759,151.64659758804387,5128.897154780517,5280.5437523685605
0.03,2026-04-22 13:25:00+00:00,2026,2026-04,0.9768150503444626,158.4163125710568,0.12242914105252772,154.74343833948097,5280.5437523685605,5435.287190708042
0.03,2026-04-22 19:15:00+00:00,2026,2026-04,-1.0274743245895195,163.05861572124124,0.14933084451476966,-167.53854105668435,5435.287190708042,5267.7486496513575
0.03,2026-04-23 20:05:00+00:00,2026,2026-04,0.982086802238297,158.0324594895407,0.09436222332014878,155.20159278993626,5267.7486496513575,5422.950242441294
0.03,2026-04-24 14:05:00+00:00,2026,2026-04,0.987469718486342,162.68850727323883,0.06795109317234933,160.64997447806834,5422.950242441294,5583.6002169193625
0.03,2026-04-27 12:30:00+00:00,2026,2026-04,-1.029613334461462,167.50800650758086,0.16534902072272473,-172.4684771292626,5583.6002169193625,5411.1317397901
0.03,2026-04-27 15:20:00+00:00,2026,2026-04,-1.0259067357512954,162.333952193703,0.14018476009819,-166.5394949966487,5411.1317397901,5244.592244793452
0.03,2026-04-29 13:45:00+00:00,2026,2026-04,0.970772442588726,157.33776734380353,0.15328662093342338,152.73916871580084,5244.592244793452,5397.331413509252
0.03,2026-04-30 20:00:00+00:00,2026,2026-04,-1.016773028969417,161.91994240527757,0.09052959615633538,-164.63583028996763,5397.331413509252,5232.695583219284
0.03,2026-05-05 13:40:00+00:00,2026,2026-05,0.9590507575609869,150.0,0.2047462121950657,143.85761363414804,5000.0,5143.857613634148
0.03,2026-05-05 16:05:00+00:00,2026,2026-05,-1.0183921736921857,154.31572840902444,0.09460672267783159,-157.1539300893594,5143.857613634148,4986.703683544789
0.03,2026-05-06 14:45:00+00:00,2026,2026-05,0.9879327682804191,149.60111050634367,0.060175708866222394,147.795839240357,4986.703683544789,5134.499522785146
0.03,2026-05-12 15:40:00+00:00,2026,2026-05,-1.0191494018091627,154.03498568355437,0.09832259445076706,-156.98466351707737,5134.499522785146,4977.514859268069
0.03,2026-05-12 19:25:00+00:00,2026,2026-05,-1.0136448695290574,149.32544577804205,0.06791754083365709,-151.36297200305177,4977.514859268069,4826.151887265017
0.03,2026-05-26 17:30:00+00:00,2026,2026-05,-1.0197409238752375,144.7845566179505,0.0952726970168329,-147.64273752845548,4826.151887265017,4678.509149736561
0.03,2026-05-27 13:00:00+00:00,2026,2026-05,0.9677731227843998,140.35527449209684,0.15077373992062262,135.83206229447816,4678.509149736561,4814.3412120310395
0.03,2026-05-27 20:20:00+00:00,2026,2026-05,0.9792050383221432,144.4302363609312,0.10011404100831182,141.42681513068183,4814.3412120310395,4955.768027161721
0.03,2026-05-29 17:35:00+00:00,2026,2026-05,0.9856059879090296,148.67304081485162,0.07133338490301035,146.53303926776132,4955.768027161721,5102.3010664294825
0.03,2026-06-03 17:35:00+00:00,2026,2026-06,0.9839644468879569,150.0,0.08017776556021528,147.59466703319353,5000.0,5147.594667033193
0.03,2026-06-08 18:15:00+00:00,2026,2026-06,-1.0132785330382545,154.4278400109958,0.06835250585374317,-156.4784151866081,5147.594667033193,4991.116251846585
0.03,2026-06-09 19:20:00+00:00,2026,2026-06,0.9898361687195991,149.73348755539755,0.05072886348463557,148.2116216508585,4991.116251846585,5139.327873497444
0.03,2026-06-11 19:25:00+00:00,2026,2026-06,-1.0113671424627726,154.1798362049233,0.05841947210094366,-155.9324203679516,5139.327873497444,4983.395453129492
0.03,2026-06-16 16:05:00+00:00,2026,2026-06,0.9775854155770693,149.50186359388476,0.11170073809701989,146.15084145097418,4983.395453129492,5129.546294580467
0.03,2026-06-16 20:35:00+00:00,2026,2026-06,-1.0181395710423338,153.886388837414,0.09304776942548268,-156.67782192017845,5129.546294580467,4972.868472660288
0.03,2026-06-17 18:15:00+00:00,2026,2026-06,0.9882900716536093,149.18605417980862,0.05823193349087738,147.43909617508228,4972.868472660288,5120.30756883537
0.03,2026-06-17 18:35:00+00:00,2026,2026-06,-1.010205718118066,153.6092270650611,0.052256415725332885,-155.1769195368211,5120.30756883537,4965.130649298549
0.03,2026-06-18 15:35:00+00:00,2026,2026-06,-1.0125537269624167,148.95391947895646,0.062330894504020934,-150.8238463140771,4965.130649298549,4814.306802984472
