risk_pct,month,year,trades,start_equity,end_equity,pnl_usd,return_pct,max_dd_usd
0.01,2019-09,2019,5,5000.0,5124.68983297326,124.68983297326031,2.4937966594652083,-55.758739138328565
0.01,2019-10,2019,39,5000.0,5566.038400583442,566.0384005834421,11.320768011668836,-206.12366656300765
0.01,2019-11,2019,21,5000.0,5067.022950045181,67.02295004518055,1.3404590009036044,-227.28659125277863
0.01,2019-12,2019,31,5000.0,5470.266877242067,470.2668772420666,9.405337544841341,-98.16380395940268
0.01,2020-01,2020,24,5000.0,5116.491599748025,116.49159974802478,2.329831994960485,-139.9006867514954
0.01,2020-02,2020,29,5000.0,5268.461797517396,268.461797517396,5.369235950347928,-186.9930881764658
0.01,2020-03,2020,22,5000.0,4748.227970529688,-251.7720294703122,-5.035440589406248,-353.5776578015011
0.01,2020-04,2020,35,5000.0,5559.925159360141,559.9251593601412,11.198503187202814,-132.9712008519582
0.01,2020-05,2020,33,5000.0,5415.502988284593,415.5029882845929,8.310059765691857,-138.13647823428983
0.01,2020-06,2020,31,5000.0,5414.276278575914,414.27627857591415,8.285525571518292,-237.17936021345758
0.01,2020-07,2020,40,5000.0,5594.694843644384,594.6948436443836,11.893896872887666,-233.54898236803365
0.01,2020-08,2020,21,5000.0,5514.364989810182,514.3649898101821,10.28729979620364,-64.57089922007253
0.01,2020-09,2020,35,5000.0,5760.432500675281,760.4325006752806,15.20865001350562,-77.10947242259317
0.01,2020-10,2020,28,5000.0,5499.058131232131,499.058131232131,9.981162624642614,-138.225914249565
0.01,2020-11,2020,34,5000.0,5796.747266760956,796.7472667609563,15.93494533521913,-108.71397394986798
0.01,2020-12,2020,27,5000.0,5204.2156695101685,204.21566951016848,4.084313390203365,-188.88620619896028
0.01,2021-01,2021,27,5000.0,5268.2484445018945,268.2484445018945,5.36496889003788,-189.3981717664219
0.01,2021-02,2021,30,5000.0,5482.313251267453,482.31325126745287,9.646265025349066,-253.32198494118256
0.01,2021-03,2021,32,5000.0,5135.5010511335595,135.50105113355949,2.710021022671194,-221.13401368905943
0.01,2021-04,2021,33,5000.0,4703.811133048174,-296.18886695182573,-5.923777339036517,-478.6051949762568
0.01,2021-05,2021,30,5000.0,5701.234001534831,701.2340015348309,14.024680030696612,-118.493550436453
0.01,2021-06,2021,26,5000.0,5468.953985662473,468.9539856624733,9.379079713249471,-123.23966905450015
0.01,2021-07,2021,32,5000.0,5303.016707992605,303.016707992605,6.060334159852099,-176.60317618231784
0.01,2021-08,2021,26,5000.0,5238.361913890935,238.36191389093528,4.767238277818708,-212.3192039885089
0.01,2021-09,2021,41,5000.0,5898.670396082556,898.6703960825562,17.97340792165112,-191.82710117632723
0.01,2021-10,2021,29,5000.0,5817.142772027608,817.1427720276079,16.342855440552164,-67.42889059508889
0.01,2021-11,2021,30,5000.0,6003.325820313595,1003.3258203135947,20.066516406271884,-77.57229163463398
0.01,2021-12,2021,37,5000.0,5281.248323538064,281.24832353806414,5.624966470761272,-192.80987188698055
0.01,2022-01,2022,36,5000.0,5533.405369006283,533.4053690062829,10.668107380125647,-193.6813793666397
0.01,2022-02,2022,24,5000.0,5327.21683707927,327.2168370792697,6.544336741585388,-316.0134455106654
0.01,2022-03,2022,39,5000.0,5637.63767550806,637.63767550806,12.752753510161208,-254.83901540057013
0.01,2022-04,2022,35,5000.0,5481.398218141557,481.39821814155675,9.627964362831133,-289.8050076662312
0.01,2022-05,2022,33,5000.0,5389.048677467644,389.04867746764376,7.780973549352876,-288.77905338128403
0.01,2022-06,2022,41,5000.0,5506.878550556687,506.8785505566866,10.137571011133728,-274.1614228607432
0.01,2022-07,2022,37,5000.0,5588.125162209269,588.1251622092686,11.762503244185375,-116.14694257191422
0.01,2022-08,2022,43,5000.0,5358.160421048458,358.1604210484584,7.163208420969158,-218.73629902895027
0.01,2022-09,2022,38,5000.0,5289.434080427407,289.434080427407,5.78868160854813,-246.5343939561817
0.01,2022-10,2022,29,5000.0,5637.064464290699,637.0644642906991,12.741289285813973,-128.73774132582002
0.01,2022-11,2022,27,5000.0,5414.909332223256,414.90933222325566,8.298186644465112,-173.2925933598599
0.01,2022-12,2022,39,5000.0,6020.415248160324,1020.4152481603242,20.40830496320649,-189.65368671044143
0.01,2023-01,2023,26,5000.0,5503.14713307011,503.1471330701097,10.062942661402197,-110.72149972185525
0.01,2023-02,2023,29,5000.0,5284.284055727694,284.28405572769407,5.6856811145538755,-192.1664558414168
0.01,2023-03,2023,30,5000.0,5946.979609430229,946.9796094302292,18.939592188604593,-125.14999390761659
0.01,2023-04,2023,35,5000.0,5929.146862443018,929.1468624430181,18.582937248860354,-72.91262427890251
0.01,2023-05,2023,26,5000.0,5431.519990013713,431.51999001371314,8.630399800274269,-128.20525189539512
0.01,2023-06,2023,26,5000.0,5100.428907261979,100.42890726197857,2.0085781452395812,-228.16563775699979
0.01,2023-07,2023,25,5000.0,5273.7373815002775,273.7373815002775,5.47474763000555,-174.60157816123865
0.01,2023-08,2023,31,5000.0,5509.67849970174,509.6784997017403,10.193569994034801,-125.12457737821569
0.01,2023-09,2023,31,5000.0,5300.714768473022,300.71476847302165,6.014295369460432,-150.02579292128394
0.01,2023-10,2023,35,5000.0,5932.844091941017,932.8440919410168,18.656881838820325,-200.2507703855581
0.01,2023-11,2023,35,5000.0,5665.300642062706,665.3006420627062,13.306012841254123,-117.18188134411957
0.01,2023-12,2023,26,5000.0,5906.53734665817,906.5373466581696,18.130746933163387,-63.94130725210562
0.01,2024-01,2024,36,5000.0,5956.498053995681,956.4980539956814,19.129961079913627,-169.74746804254937
0.01,2024-02,2024,32,5000.0,5455.921252254728,455.92125225472773,9.118425045094547,-249.9751772677091
0.01,2024-03,2024,28,5000.0,5130.0500004425285,130.05000044252847,2.6010000088505736,-170.63319386861258
0.01,2024-04,2024,43,5000.0,6035.666371652217,1035.666371652217,20.71332743304435,-174.68386230267424
0.01,2024-05,2024,38,5000.0,5791.5460041589595,791.5460041589595,15.83092008317919,-256.53252443738893
0.01,2024-06,2024,35,5000.0,5495.09133981894,495.09133981893956,9.901826796378788,-234.16098743335806
0.01,2024-07,2024,34,5000.0,5482.142517835662,482.14251783566215,9.64285035671324,-182.07699643469095
0.01,2024-08,2024,33,5000.0,5624.6988048418925,624.6988048418925,12.493976096837844,-125.37923477372351
0.01,2024-09,2024,30,5000.0,5711.700529627908,711.7005296279076,14.234010592558155,-128.0972415099559
0.01,2024-10,2024,37,5000.0,5794.134201290492,794.1342012904915,15.882684025809834,-199.25971306549127
0.01,2024-11,2024,20,5000.0,5349.857920457243,349.8579204572434,6.997158409144877,-110.5392260098015
0.01,2024-12,2024,25,5000.0,5561.689952202788,561.6899522027879,11.233799044055747,-66.93224723282492
0.01,2025-01,2025,27,5000.0,5666.200587135149,666.2005871351494,13.32401174270299,-177.543781334306
0.01,2025-02,2025,28,5000.0,5648.516337452849,648.5163374528493,12.970326749056982,-187.78330207265572
0.01,2025-03,2025,39,5000.0,5996.688087360229,996.6880873602286,19.93376174720458,-196.35707832162007
0.01,2025-04,2025,34,5000.0,6164.984020940696,1164.9840209406957,23.299680418813917,-122.02946457175858
0.01,2025-05,2025,29,5000.0,5634.33369573525,634.3336957352503,12.686673914705015,-61.37677844247537
0.01,2025-06,2025,18,5000.0,5482.442941942608,482.44294194260783,9.64885883885216,-62.413672800535096
0.01,2025-07,2025,39,5000.0,5896.343609085611,896.3436090856112,17.926872181712227,-191.02344150150657
0.01,2025-08,2025,27,5000.0,5702.711417358133,702.7114173581331,14.054228347162656,-166.42811368823914
0.01,2025-09,2025,33,5000.0,5695.245230016904,695.2452300169043,13.904904600338085,-106.90906914882817
0.01,2025-10,2025,35,5000.0,5982.510134492326,982.510134492326,19.65020268984652,-158.01413678781955
0.01,2025-11,2025,18,5000.0,5282.064339134486,282.06433913448564,5.641286782689714,-63.495500951020404
0.01,2025-12,2025,24,5000.0,5477.576884625986,477.57688462598617,9.55153769251973,-166.60606376922533
0.01,2026-01,2026,22,5000.0,5495.653506371193,495.65350637119263,9.913070127423861,-113.55682268533383
0.01,2026-02,2026,25,5000.0,5666.878466327187,666.8784663271872,13.337569326543752,-169.7102349045399
0.01,2026-03,2026,33,5000.0,5771.235994898089,771.2359948980893,15.424719897961792,-118.31425207159373
0.01,2026-04,2026,34,5000.0,6174.921114368464,1174.9211143684643,23.49842228736929,-117.28377070072293
0.01,2026-05,2026,31,5000.0,5990.5706979674,990.5706979673996,19.811413959348002,-122.90150803825236
0.01,2026-06,2026,17,5000.0,5335.15946611461,335.15946611461004,6.703189322292191,-59.95894344309272
0.02,2019-09,2019,5,5000.0,5250.231355252516,250.23135525251564,5.004627105050319,-115.50611958779518
0.02,2019-10,2019,39,5000.0,6173.812530552693,1173.8125305526928,23.47625061105385,-454.00883422304014
0.02,2019-11,2019,21,5000.0,5124.4264990348465,124.42649903484653,2.4885299806969297,-462.83247441781714
0.02,2019-12,2019,31,5000.0,5970.40942510039,970.4094251003899,19.408188502007807,-215.56792931156724
0.02,2020-01,2020,24,5000.0,5223.715159928508,223.715159928508,4.474303198570162,-282.66189341446534
0.02,2020-02,2020,29,5000.0,5536.655302326042,536.6553023260421,10.733106046520845,-400.56758367438306
0.02,2020-03,2020,22,5000.0,4498.991198848761,-501.0088011512389,-10.020176023024774,-692.6036031917902
0.02,2020-04,2020,35,5000.0,6162.0785457893,1162.0785457892998,23.241570915786003,-274.9242898989951
0.02,2020-05,2020,33,5000.0,5847.442351069406,847.442351069406,16.948847021388126,-304.0181459619489
0.02,2020-06,2020,31,5000.0,5845.89378224852,845.8937822485204,16.917875644970405,-497.7255207738581
0.02,2020-07,2020,40,5000.0,6236.968819223734,1236.9688192237336,24.739376384474674,-474.2646126837526
0.02,2020-08,2020,21,5000.0,6069.62802809645,1069.6280280964502,21.392560561928995,-136.82071856283346
0.02,2020-09,2020,35,5000.0,6614.794122443133,1614.7941224431333,32.295882448862656,-169.14889805855
0.02,2020-10,2020,28,5000.0,6032.252045121668,1032.2520451216678,20.645040902433355,-298.6698975302161
0.02,2020-11,2020,34,5000.0,6700.0139742291385,1700.0139742291385,34.00027948458278,-221.99113220078561
0.02,2020-12,2020,27,5000.0,5402.451885270168,402.4518852701676,8.04903770540335,-397.12072707037805
0.02,2021-01,2021,27,5000.0,5536.78286171489,536.7828617148898,10.73565723429779,-406.50164352432057
0.02,2021-02,2021,30,5000.0,5994.415201382369,994.4152013823687,19.888304027647365,-562.1228611986644
0.02,2021-03,2021,32,5000.0,5258.370769703376,258.370769703376,5.167415394067532,-449.6571523853254
0.02,2021-04,2021,33,5000.0,4410.488857711153,-589.5111422888467,-11.790222845776931,-921.6241256172052
0.02,2021-05,2021,30,5000.0,6484.599069707621,1484.5990697076213,29.691981394152435,-260.0085050571179
0.02,2021-06,2021,26,5000.0,5967.115282184257,967.115282184257,19.34230564368513,-271.08584009670903
0.02,2021-07,2021,32,5000.0,5607.590216965568,607.5902169655683,12.151804339311356,-363.11758531614487
0.02,2021-08,2021,26,5000.0,5474.499518031816,474.49951803181557,9.489990360636313,-423.67081694915305
0.02,2021-09,2021,41,5000.0,6934.206588133208,1934.2065881332082,38.684131762664165,-408.4602615781632
0.02,2021-10,2021,29,5000.0,6751.460798820338,1751.460798820338,35.02921597640676,-151.15304076673692
0.02,2021-11,2021,30,5000.0,7189.797555253982,2189.797555253982,43.79595110507963,-159.85430730792996
0.02,2021-12,2021,37,5000.0,5558.810176975612,558.8101769756122,11.176203539512253,-411.9369208543385
0.02,2022-01,2022,36,5000.0,6104.159926729848,1104.159926729848,22.08319853459695,-398.0855191973078
0.02,2022-02,2022,24,5000.0,5663.025098564874,663.0250985648736,13.260501971297467,-649.5297020493899
0.02,2022-03,2022,39,5000.0,6333.356782368655,1333.3567823686553,26.667135647373108,-559.8721131576276
0.02,2022-04,2022,35,5000.0,5989.7425689349575,989.7425689349575,19.794851378699143,-567.402607001759
0.02,2022-05,2022,33,5000.0,5790.655925765675,790.6559257656754,15.813118515313507,-565.2898168813554
0.02,2022-06,2022,41,5000.0,6042.128988908094,1042.1289889080936,20.842579778161863,-612.3551405958697
0.02,2022-07,2022,37,5000.0,6224.237429144789,1224.2374291447886,24.484748582895776,-241.57682987769658
0.02,2022-08,2022,43,5000.0,5718.887594594677,718.8875945946766,14.377751891893542,-473.19971056567374
0.02,2022-09,2022,38,5000.0,5575.670645321311,575.670645321311,11.513412906426224,-538.1329423468223
0.02,2022-10,2022,29,5000.0,6338.171851958154,1338.1718519581536,26.763437039163062,-277.6442803636446
0.02,2022-11,2022,27,5000.0,5850.004244285574,850.0042442855738,17.000084885711473,-368.7957448189154
0.02,2022-12,2022,39,5000.0,7224.60834186168,2224.60834186168,44.492166837233604,-396.64193370402063
0.02,2023-01,2023,26,5000.0,6042.304104127085,1042.3041041270853,20.846082082541706,-225.58184299143068
0.02,2023-02,2023,29,5000.0,5569.041031087476,569.0410310874759,11.380820621749521,-380.79922260395233
0.02,2023-03,2023,30,5000.0,7054.368580046635,2054.3685800466346,41.0873716009327,-287.56446571545894
0.02,2023-04,2023,35,5000.0,7008.88956996239,2008.88956996239,40.177791399247795,-162.70291172636007
0.02,2023-05,2023,26,5000.0,5886.245261776901,886.2452617769013,17.724905235538024,-279.45274998035984
0.02,2023-06,2023,26,5000.0,5189.734227365563,189.73422736556313,3.7946845473112667,-463.92976618258945
0.02,2023-07,2023,25,5000.0,5549.421525676332,549.4215256763318,10.988430513526627,-347.79372260460514
0.02,2023-08,2023,31,5000.0,6055.551357972154,1055.5513579721537,21.11102715944306,-277.29161774109343
0.02,2023-09,2023,31,5000.0,5603.491440176817,603.4914401768174,12.069828803536353,-325.6546205203231
0.02,2023-10,2023,35,5000.0,7017.857134692005,2017.8571346920053,40.357142693840096,-412.26971730424793
0.02,2023-11,2023,35,5000.0,6399.196631760478,1399.1966317604783,27.983932635209573,-251.33674339840763
0.02,2023-12,2023,26,5000.0,6962.882711186714,1962.882711186714,39.257654223734285,-151.06395210399296
0.02,2024-01,2024,36,5000.0,7074.451998158177,2074.451998158177,41.489039963163535,-350.28553828555505
0.02,2024-02,2024,32,5000.0,5936.843004431134,936.8430044311344,18.7368600886227,-546.1646786360616
0.02,2024-03,2024,28,5000.0,5249.275971990909,249.27597199090906,4.985519439818176,-337.34893094754443
0.02,2024-04,2024,43,5000.0,7257.519898071996,2257.519898071996,45.150397961439914,-380.5646704070987
0.02,2024-05,2024,38,5000.0,6684.552209409075,1684.5522094090747,33.69104418818149,-597.9889014833752
0.02,2024-06,2024,35,5000.0,6018.775027780123,1018.7750277801233,20.375500555602464,-522.1654659884471
0.02,2024-07,2024,34,5000.0,5991.467194717566,991.4671947175657,19.829343894351315,-401.29233147492323
0.02,2024-08,2024,33,5000.0,6308.363574387234,1308.3635743872337,26.16727148774467,-274.78562740991674
0.02,2024-09,2024,30,5000.0,6506.980378668541,1506.9803786685407,30.139607573370817,-294.60946618548496
0.02,2024-10,2024,37,5000.0,6692.189997943936,1692.1899979439359,33.84379995887872,-416.6207284754382
0.02,2024-11,2024,20,5000.0,5713.3043290561955,713.3043290561955,14.266086581123915,-232.3901048841517
0.02,2024-12,2024,25,5000.0,6172.51860661061,1172.5186066106098,23.450372132212195,-141.58272014190607
0.02,2025-01,2025,27,5000.0,6405.224984497628,1405.2249844976277,28.104499689952544,-352.3986182771059
0.02,2025-02,2025,28,5000.0,6364.338440675755,1364.338440675755,27.286768813515106,-403.8370654885175
0.02,2025-03,2025,39,5000.0,7165.960799900195,2165.9607999001946,43.3192159980039,-465.9066941692272
0.02,2025-04,2025,34,5000.0,7576.773627530888,2576.773627530888,51.53547255061777,-290.43812991531104
0.02,2025-05,2025,29,5000.0,6331.306706651636,1331.306706651636,26.62613413303272,-138.1318512015887
0.02,2025-06,2025,18,5000.0,6001.042004283787,1001.0420042837868,20.02084008567573,-135.74820136152175
0.02,2025-07,2025,39,5000.0,6927.770524928683,1927.7705249286828,38.55541049857365,-440.1519161263559
0.02,2025-08,2025,27,5000.0,6487.68896960741,1487.6889696074104,29.753779392148203,-335.48622405799597
0.02,2025-09,2025,33,5000.0,6466.903013499172,1466.9030134991717,29.338060269983423,-212.66482608043043
0.02,2025-10,2025,35,5000.0,7133.86017647426,2133.86017647426,42.67720352948518,-318.653376033747
0.02,2025-11,2025,18,5000.0,5570.235146053283,570.2351460532827,11.404702921065656,-135.91789447166138
0.02,2025-12,2025,24,5000.0,5986.779398929049,986.7793989290494,19.735587978580995,-352.3789009507782
0.02,2026-01,2026,22,5000.0,6027.638611681337,1027.6386116813374,20.552772233626747,-254.21729389575648
0.02,2026-02,2026,25,5000.0,6407.075437848842,1407.0754378488418,28.14150875697683,-372.20964777958943
0.02,2026-03,2026,33,5000.0,6639.949314953269,1639.949314953269,32.79898629906539,-276.4761962770599
0.02,2026-04,2026,34,5000.0,7601.07090248944,2601.0709024894404,52.021418049788814,-260.10145847713375
0.02,2026-05,2026,31,5000.0,7155.996216614395,2155.996216614395,43.11992433228791,-292.93152778853073
0.02,2026-06,2026,17,5000.0,5683.3488251406625,683.3488251406625,13.666976502813256,-125.55848147805682
0.03,2019-09,2019,5,5000.0,5376.551289186025,376.5512891860253,7.531025783720513,-179.40120521691642
0.03,2019-10,2019,39,5000.0,6823.223128305232,1823.2231283052324,36.46446256610465,-748.193863528054
0.03,2019-11,2019,21,5000.0,5171.797620501266,171.79762050126556,3.4359524100253003,-706.2620610239401
0.03,2019-12,2019,31,5000.0,6500.594725469819,1500.5947254698194,30.011894509396384,-354.310247951631
0.03,2020-01,2020,24,5000.0,5320.92144599457,320.9214459945697,6.418428919891395,-427.86460535624065
0.03,2020-02,2020,29,5000.0,5803.084256566416,803.0842565664161,16.06168513132833,-642.2068878643959
0.03,2020-03,2020,22,5000.0,4253.178163997635,-746.8218360023648,-14.936436720047297,-1016.2179249564597
0.03,2020-04,2020,35,5000.0,6806.899068024836,1806.8990680248362,36.13798136049673,-425.911110191867
0.03,2020-05,2020,33,5000.0,6294.376773238055,1294.3767732380547,25.8875354647611,-500.5795269906157
0.03,2020-06,2020,31,5000.0,6293.652878129538,1293.6528781295383,25.873057562590773,-782.1184814227936
0.03,2020-07,2020,40,5000.0,6927.275398731776,1927.2753987317756,38.54550797463552,-721.4561833981916
0.03,2020-08,2020,21,5000.0,6667.6947900900395,1667.6947900900395,33.35389580180079,-217.1301032210058
0.03,2020-09,2020,35,5000.0,7571.125833178487,2571.1258331784866,51.42251666356974,-290.7636025608108
0.03,2020-10,2020,28,5000.0,6600.0481892913085,1600.0481892913085,32.00096378582617,-483.30475128420767
0.03,2020-11,2020,34,5000.0,7720.602363278562,2720.602363278562,54.41204726557123,-339.8883566578852
0.03,2020-12,2020,27,5000.0,5593.381388657661,593.3813886576609,11.867627773153222,-625.1796752300561
0.03,2021-01,2021,27,5000.0,5804.216427601338,804.2164276013382,16.084328552026772,-653.3039726818561
0.03,2021-02,2021,30,5000.0,6536.144579311624,1536.1445793116236,30.72289158623247,-933.6736472305374
0.03,2021-03,2021,32,5000.0,5367.488206726691,367.4882067266908,7.349764134533809,-685.2221444812985
0.03,2021-04,2021,33,5000.0,4121.614218853016,-878.3857811469843,-17.567715622939684,-1330.563471692792
0.03,2021-05,2021,30,5000.0,7357.297535523986,2357.297535523986,47.14595071047971,-427.41721162042813
0.03,2021-06,2021,26,5000.0,6494.597984787725,1494.5979847877252,29.89195969575451,-446.2596968350117
0.03,2021-07,2021,32,5000.0,5911.904908664633,911.9049086646328,18.23809817329265,-559.4151456982318
0.03,2021-08,2021,26,5000.0,5707.071491174203,707.0714911742034,14.141429823484074,-633.8305888437344
0.03,2021-09,2021,41,5000.0,8122.723095045887,3122.723095045887,62.45446190091775,-651.5250638503239
0.03,2021-10,2021,29,5000.0,7817.015745066815,2817.015745066815,56.340314901336285,-253.7061262384541
0.03,2021-11,2021,30,5000.0,8589.224062747302,3589.224062747302,71.78448125494603,-286.07699320566826
0.03,2021-12,2021,37,5000.0,5830.427587967558,830.4275879675579,16.608551759351165,-658.5645751346956
0.03,2022-01,2022,36,5000.0,6712.266340794323,1712.2663407943228,34.24532681588646,-613.3762124495006
0.03,2022-02,2022,24,5000.0,6006.385486618246,1006.3854866182464,20.127709732364927,-1000.5267699170954
0.03,2022-03,2022,39,5000.0,7089.0006864268325,2089.0006864268325,41.78001372853666,-920.8999221391323
0.03,2022-04,2022,35,5000.0,6524.113069870601,1524.113069870601,30.482261397412014,-833.0258705046108
0.03,2022-05,2022,33,5000.0,6203.219012760195,1203.2190127601953,24.0643802552039,-829.7880368797169
0.03,2022-06,2022,41,5000.0,6604.23077334917,1604.2307733491698,32.0846154669834,-1022.9321077469222
0.03,2022-07,2022,37,5000.0,6909.2564045148365,1909.2564045148365,38.18512809029673,-376.1974459582116
0.03,2022-08,2022,43,5000.0,6079.287987123676,1079.2879871236764,21.58575974247352,-766.3001714468783
0.03,2022-09,2022,38,5000.0,5856.400147092575,856.400147092575,17.128002941851506,-878.6635722840647
0.03,2022-10,2022,29,5000.0,7107.350228731849,2107.350228731849,42.14700457463698,-448.60036024890087
0.03,2022-11,2022,27,5000.0,6304.731166734426,1304.7311667344256,26.094623334688507,-587.8722760710216
0.03,2022-12,2022,39,5000.0,8640.566022274574,3640.5660222745737,72.81132044549148,-621.6939327251994
0.03,2023-01,2023,26,5000.0,6618.3251697521055,1618.3251697521055,32.3665033950421,-344.5351138885544
0.03,2023-02,2023,29,5000.0,5852.626785789522,852.6267857895218,17.05253571579044,-565.785553620226
0.03,2023-03,2023,30,5000.0,8345.74882688342,3345.7488268834204,66.91497653766841,-494.7983287241077
0.03,2023-04,2023,35,5000.0,8259.403272868583,3259.4032728685834,65.18806545737166,-289.18821140092405
0.03,2023-05,2023,26,5000.0,6363.872552888658,1363.872552888658,27.27745105777315,-456.1443015695377
0.03,2023-06,2023,26,5000.0,5267.194698202714,267.1946982027139,5.34389396405428,-706.4081667105402
0.03,2023-07,2023,25,5000.0,5825.800731773121,825.8007317731208,16.51601463546242,-519.5307454446429
0.03,2023-08,2023,31,5000.0,6638.23817007931,1638.2381700793103,32.76476340158621,-459.9504449320166
0.03,2023-09,2023,31,5000.0,5906.619061616615,906.619061616615,18.132381232332296,-528.8493591944689
0.03,2023-10,2023,35,5000.0,8275.636759674708,3275.6367596747077,65.51273519349417,-636.176635975181
0.03,2023-11,2023,35,5000.0,7205.772282837578,2205.772282837578,44.11544565675156,-403.64985431077
0.03,2023-12,2023,26,5000.0,8191.201949935157,3191.2019499351572,63.824038998703145,-267.17212416801067
0.03,2024-01,2024,36,5000.0,8376.899978585243,3376.899978585243,67.53799957170486,-541.7801756441668
0.03,2024-02,2024,32,5000.0,6442.158173736508,1442.1581737365077,28.843163474730147,-893.1349921461806
0.03,2024-03,2024,28,5000.0,5356.721812950462,356.72181295046175,7.134436259009225,-500.1926008638011
0.03,2024-04,2024,43,5000.0,8693.00136439251,3693.0013643925104,73.86002728785022,-620.9660135160902
0.03,2024-05,2024,38,5000.0,7687.936239604738,2687.936239604738,53.75872479209476,-1042.423591909279
0.03,2024-06,2024,35,5000.0,6570.080497249918,1570.0804972499182,31.401609944998366,-871.084810743384
0.03,2024-07,2024,34,5000.0,6527.113514809756,1527.1135148097565,30.54227029619514,-661.7088398386331
0.03,2024-08,2024,33,5000.0,7053.882230597863,2053.882230597863,41.07764461195727,-468.47373422350574
0.03,2024-09,2024,30,5000.0,7392.967360519678,2392.9673605196776,47.85934721039355,-507.0617472947306
0.03,2024-10,2024,37,5000.0,7703.996688494222,2703.9966884942223,54.07993376988445,-652.5917676732852
0.03,2024-11,2024,20,5000.0,6089.879101641624,1089.8791016416244,21.797582032832487,-366.2259723852958
0.03,2024-12,2024,25,5000.0,6835.052275982791,1835.052275982791,36.70104551965583,-227.53583050854195
0.03,2025-01,2025,27,5000.0,7222.764783919877,2222.764783919877,44.45529567839755,-524.4418776111697
0.03,2025-02,2025,28,5000.0,7152.099964256127,2152.0999642561274,43.04199928512256,-650.4157402652563
0.03,2025-03,2025,39,5000.0,8532.35870088308,3532.35870088308,70.64717401766161,-827.0983110608977
0.03,2025-04,2025,34,5000.0,9282.024272382945,4282.024272382945,85.6404854476589,-517.1183531484767
0.03,2025-05,2025,29,5000.0,7094.637748167414,2094.6377481674144,41.89275496334828,-232.554518721985
0.03,2025-06,2025,18,5000.0,6557.4328850031425,1557.4328850031425,31.148657700062856,-221.2245861576157
0.03,2025-07,2025,39,5000.0,8109.822226474337,3109.822226474337,62.19644452948674,-758.6348744946681
0.03,2025-08,2025,27,5000.0,7362.131237364583,2362.1312373645833,47.242624747291664,-507.0949834427347
0.03,2025-09,2025,33,5000.0,7320.301788457269,2320.301788457269,46.40603576914539,-317.267270794805
0.03,2025-10,2025,35,5000.0,8478.252930229393,3478.2529302293933,69.56505860458786,-481.84879764086054
0.03,2025-11,2025,18,5000.0,5863.851660598673,863.8516605986733,17.277033211973468,-217.77946088478075
0.03,2025-12,2025,24,5000.0,6528.150563810205,1528.1505638102053,30.56301127620411,-558.305370138808
0.03,2026-01,2026,22,5000.0,6597.210647619973,1597.2106476199733,31.944212952399464,-426.0285601615451
0.03,2026-02,2026,25,5000.0,7226.487553126635,2226.4875531266352,44.529751062532696,-611.3565035622642
0.03,2026-03,2026,33,5000.0,7614.971985319581,2614.971985319581,52.29943970639162,-483.0902042186117
0.03,2026-04,2026,34,5000.0,9326.444732580321,4326.444732580321,86.52889465160642,-431.8444470296663
0.03,2026-05,2026,31,5000.0,8522.933404331965,3522.933404331965,70.45866808663929,-522.4057103270898
0.03,2026-06,2026,17,5000.0,6044.2868236739905,1044.2868236739905,20.88573647347982,-202.4047157806981
0.04,2019-09,2019,5,5000.0,5503.573384798559,503.57338479855935,10.071467695971181,-247.6067857065991
0.04,2019-10,2019,39,5000.0,7513.658110494458,2513.658110494458,50.27316220988916,-1093.3674829049069
0.04,2019-11,2019,21,5000.0,5208.771908455341,208.77190845534096,4.175438169106815,-957.1733502444895
0.04,2019-12,2019,31,5000.0,7060.75373009055,2060.7537300905497,41.215074601811,-516.5769332986793
0.04,2020-01,2020,24,5000.0,5407.404621073118,407.4046210731176,8.14809242146235,-575.0902961179636
0.04,2020-02,2020,29,5000.0,6066.179039001938,1066.1790390019378,21.323580780038753,-913.2970795358069
0.04,2020-03,2020,22,5000.0,4011.6132959316565,-988.3867040683435,-19.76773408136687,-1323.6676384466614
0.04,2020-04,2020,35,5000.0,7494.433415197681,2494.433415197681,49.88866830395362,-587.1220487089786
0.04,2020-05,2020,33,5000.0,6754.600314898626,1754.6003148986256,35.09200629797251,-730.8383502332736
0.04,2020-06,2020,31,5000.0,6756.107113076402,1756.1071130764021,35.12214226152803,-1090.724242997494
0.04,2020-07,2020,40,5000.0,7665.5445673109,2665.5445673108998,53.310891346218,-974.3887953126778
0.04,2020-08,2020,21,5000.0,7310.4132626422725,2310.4132626422725,46.20826525284545,-305.870149302099
0.04,2020-09,2020,35,5000.0,8637.606307611362,3637.6063076113624,72.75212615222723,-442.97256259642745
0.04,2020-10,2020,28,5000.0,7202.680263385169,2202.6802633851694,44.05360526770339,-694.1786576280992
0.04,2020-11,2020,34,5000.0,8869.869135757373,3869.8691357573734,77.39738271514747,-462.46101207790343
0.04,2020-12,2020,27,5000.0,5775.67434234864,775.6743423486396,15.513486846972802,-873.4455281418705
0.04,2021-01,2021,27,5000.0,6069.092350745216,1069.0923507452162,21.38184701490433,-931.8214030057397
0.04,2021-02,2021,30,5000.0,7107.0660480348915,2107.0660480348915,42.141320960697826,-1375.8144875760272
0.04,2021-03,2021,32,5000.0,5461.8229187925435,461.82291879254353,9.236458375850876,-927.4560957991744
0.04,2021-04,2021,33,5000.0,3838.640939589406,-1161.3590604105939,-23.227181208211878,-1706.9907066009841
0.04,2021-05,2021,30,5000.0,8326.82372659822,3326.8237265982207,66.5364745319644,-623.8496104088217
0.04,2021-06,2021,26,5000.0,7051.2957338115075,2051.2957338115075,41.02591467623016,-651.6016940253021
0.04,2021-07,2021,32,5000.0,6214.029596176076,1214.0295961760758,24.28059192352152,-765.33967654976
0.04,2021-08,2021,26,5000.0,5934.689162327149,934.6891623271486,18.69378324654296,-842.5820985584241
0.04,2021-09,2021,41,5000.0,9481.37960479921,4481.379604799209,89.62759209598418,-922.6619389393927
0.04,2021-10,2021,29,5000.0,9029.127148689387,4029.1271486893875,80.58254297378775,-377.9028224001913
0.04,2021-11,2021,30,5000.0,10235.58870771805,5235.5887077180505,104.71177415436101,-459.65198313240217
0.04,2021-12,2021,37,5000.0,6093.7680532341965,1093.7680532341965,21.87536106468393,-933.7264529450931
0.04,2022-01,2022,36,5000.0,7357.3327194607255,2357.3327194607255,47.146654389214504,-839.7087509493686
0.04,2022-02,2022,24,5000.0,6356.129512913706,1356.129512913706,27.122590258274126,-1368.9431540628839
0.04,2022-03,2022,39,5000.0,7905.950023582511,2905.9500235825108,58.11900047165022,-1344.1076255811504
0.04,2022-04,2022,35,5000.0,7083.233450751898,2083.233450751898,41.66466901503796,-1086.9201864685983
0.04,2022-05,2022,33,5000.0,6624.903189251397,1624.9031892513967,32.49806378502793,-1082.5393944643474
0.04,2022-06,2022,41,5000.0,7191.177118305011,2191.1771183050114,43.82354236610022,-1514.7055695603958
0.04,2022-07,2022,37,5000.0,7643.66973291203,2643.6697329120298,52.87339465824059,-519.8522300403238
0.04,2022-08,2022,43,5000.0,6436.255055386515,1436.2550553865149,28.7251011077303,-1100.9691169781154
0.04,2022-09,2022,38,5000.0,6129.2337629764015,1129.2337629764015,22.58467525952803,-1271.9740817117536
0.04,2022-10,2022,29,5000.0,7948.553703100381,2948.5537031003814,58.97107406200763,-643.5913575593677
0.04,2022-11,2022,27,5000.0,6778.339994619514,1778.339994619514,35.566799892390286,-831.8805741834012
0.04,2022-12,2022,39,5000.0,10299.541832056902,5299.541832056902,105.99083664113805,-865.5397691602493
0.04,2023-01,2023,26,5000.0,7231.873325607779,2231.8733256077794,44.63746651215559,-467.527446737442
0.04,2023-02,2023,29,5000.0,6133.306339030369,1133.3063390303687,22.666126780607378,-747.0219575979063
0.04,2023-03,2023,30,5000.0,9847.534517617365,4847.534517617365,96.9506903523473,-755.6239561580305
0.04,2023-04,2023,35,5000.0,9702.80773031792,4702.80773031792,94.05615460635839,-456.5035778563524
0.04,2023-05,2023,26,5000.0,6863.895425025505,1863.8954250255047,37.277908500510094,-660.810428095172
0.04,2023-06,2023,26,5000.0,5332.155867894992,332.1558678949923,6.6431173578998415,-954.6527051465118
0.04,2023-07,2023,25,5000.0,6101.541355911607,1101.5413559116068,22.030827118232143,-689.7684475419828
0.04,2023-08,2023,31,5000.0,7258.109849656617,2258.1098496566174,45.162196993132355,-676.7916713613031
0.04,2023-09,2023,31,5000.0,6208.268773087815,1208.2687730878151,24.165375461756298,-761.513553192156
0.04,2023-10,2023,35,5000.0,9728.80372933329,4728.803729333291,94.57607458666581,-872.0704846182598
0.04,2023-11,2023,35,5000.0,8088.918536315727,3088.9185363157267,61.778370726314535,-575.301094555065
0.04,2023-12,2023,26,5000.0,9616.508453575872,4616.508453575872,92.33016907151746,-419.2451219758659
0.04,2024-01,2024,36,5000.0,9889.39677321203,4889.396773212031,97.78793546424063,-744.3797943737818
0.04,2024-02,2024,32,5000.0,6970.979265073657,1970.9792650736572,39.419585301473134,-1295.5867533867722
0.04,2024-03,2024,28,5000.0,5451.494477885536,451.49447788553607,9.029889557710714,-659.2095932443872
0.04,2024-04,2024,43,5000.0,10372.406397121356,5372.406397121356,107.44812794242713,-899.4218847123766
0.04,2024-05,2024,38,5000.0,8810.738415963877,3810.738415963877,76.21476831927754,-1610.614469570456
0.04,2024-06,2024,35,5000.0,7147.642868619757,2147.642868619757,42.95285737239514,-1288.4510495672957
0.04,2024-07,2024,34,5000.0,7087.874294556315,2087.8742945563154,41.75748589112631,-967.5316221632702
0.04,2024-08,2024,33,5000.0,7863.915701404549,2863.9157014045486,57.27831402809098,-707.9681304999158
0.04,2024-09,2024,30,5000.0,8377.01360506372,3377.0136050637193,67.54027210127438,-774.0635314766978
0.04,2024-10,2024,37,5000.0,8839.712660273903,3839.7126602739027,76.79425320547806,-907.6419853704456
0.04,2024-11,2024,20,5000.0,6479.015873736208,1479.015873736208,29.58031747472416,-512.7444730234283
0.04,2024-12,2024,25,5000.0,7551.782258397915,2551.782258397915,51.03564516795831,-338.95515616968805
0.04,2025-01,2025,27,5000.0,8124.65090341538,3124.6509034153796,62.493018068307585,-693.5589608697774
0.04,2025-02,2025,28,5000.0,8016.441015147429,3016.4410151474294,60.32882030294859,-929.8330804246416
0.04,2025-03,2025,39,5000.0,10122.896271293705,5122.896271293705,102.45792542587408,-1302.0275394254732
0.04,2025-04,2025,34,5000.0,11335.011090682507,6335.011090682507,126.70022181365015,-816.3434214697336
0.04,2025-05,2025,29,5000.0,7927.93956337584,2927.9395633758404,58.55879126751682,-347.1288884346932
0.04,2025-06,2025,18,5000.0,7153.218033803529,2153.2180338035287,43.06436067607058,-320.1634941137818
0.04,2025-07,2025,39,5000.0,9458.986060402693,4458.986060402693,89.17972120805385,-1159.240884082994
0.04,2025-08,2025,27,5000.0,8333.530665845068,3333.530665845068,66.67061331690137,-681.1742416657844
0.04,2025-09,2025,33,5000.0,8260.698757294616,3260.6987572946164,65.21397514589233,-420.7164032919518
0.04,2025-10,2025,35,5000.0,10042.47680517625,5042.476805176249,100.84953610352501,-647.5306496943667
0.04,2025-11,2025,18,5000.0,6162.189112484956,1162.1891124849562,23.24378224969912,-309.59267110599285
0.04,2025-12,2025,24,5000.0,7102.061831862949,2102.0618318629486,42.04123663725896,-785.3586656948628
0.04,2026-01,2026,22,5000.0,7205.514691072401,2205.5146910724006,44.110293821448025,-633.4462038265247
0.04,2026-02,2026,25,5000.0,8131.206523237966,3131.2065232379664,62.62413046475932,-891.3024899009561
0.04,2026-03,2026,33,5000.0,8705.408781223992,3705.4087812239923,74.10817562447984,-748.0769021163815
0.04,2026-04,2026,34,5000.0,11406.978690630423,6406.978690630423,128.13957381260846,-636.1895392345077
0.04,2026-05,2026,31,5000.0,10121.335361052848,5121.335361052848,102.42670722105696,-826.1944172574076
0.04,2026-06,2026,17,5000.0,6417.613825986161,1417.613825986161,28.35227651972321,-289.59810896634554
0.05,2019-09,2019,5,5000.0,5631.218379241259,631.2183792412588,12.624367584825169,-320.2894171002945
0.05,2019-10,2019,39,5000.0,8243.939291700062,3243.9392917000623,64.87878583400123,-1494.3285671899785
0.05,2019-11,2019,21,5000.0,5235.037461189695,235.03746118969502,4.70074922379391,-1215.1394312282464
0.05,2019-12,2019,31,5000.0,7650.555361820132,2650.555361820132,53.01110723640263,-704.6282019327618
0.05,2020-01,2020,24,5000.0,5482.5096205817645,482.50962058176447,9.650192411635295,-723.9226441961746
0.05,2020-02,2020,29,5000.0,6324.308362780566,1324.3083627805663,26.486167255611328,-1215.1034780219243
0.05,2020-03,2020,22,5000.0,3775.0540316987813,-1224.9459683012187,-24.498919366024374,-1614.3068465903457
0.05,2020-04,2020,35,5000.0,8224.291402943023,3224.291402943023,64.48582805886045,-775.6572645768056
0.05,2020-05,2020,33,5000.0,7226.140654875517,2226.1406548755167,44.52281309751034,-997.8688228309456
0.05,2020-06,2020,31,5000.0,7231.558525135636,2231.558525135636,44.63117050271273,-1423.785463740509
0.05,2020-07,2020,40,5000.0,8451.119303177995,3451.119303177995,69.0223860635599,-1232.2861971826487
0.05,2020-08,2020,21,5000.0,7999.553642095812,2999.5536420958124,59.99107284191625,-403.3998535233259
0.05,2020-09,2020,35,5000.0,9822.459515815666,4822.459515815666,96.44919031631332,-630.827345772439
0.05,2020-10,2020,28,5000.0,7840.122684367526,2840.122684367526,56.80245368735051,-933.409559972938
0.05,2020-11,2020,34,5000.0,10159.666893563794,5159.666893563794,103.19333787127589,-598.4248730367071
0.05,2020-12,2020,27,5000.0,5948.0114881512,948.0114881512,18.960229763024007,-1142.1979790282276
0.05,2021-01,2021,27,5000.0,6329.893861124978,1329.8938611249778,26.597877222499555,-1244.08376263239
0.05,2021-02,2021,30,5000.0,7706.447614963937,2706.4476149639368,54.128952299278744,-1896.9602057860257
0.05,2021-03,2021,32,5000.0,5540.449716856999,540.4497168569987,10.808994337139977,-1175.9611884912665
0.05,2021-04,2021,33,5000.0,3562.886173568358,-1437.1138264316419,-28.742276528632836,-2052.5171028960845
0.05,2021-05,2021,30,5000.0,9400.925824952385,4400.925824952385,88.01851649904768,-852.7082260978978
0.05,2021-06,2021,26,5000.0,7636.860311082709,2636.860311082709,52.73720622165419,-890.0546017438492
0.05,2021-07,2021,32,5000.0,6511.932574990825,1511.9325749908248,30.238651499816505,-980.7077570687898
0.05,2021-08,2021,26,5000.0,6155.9270126432075,1155.9270126432075,23.11854025286415,-1049.7170579174535
0.05,2021-09,2021,41,5000.0,11028.293112500067,6028.293112500067,120.56586225000135,-1223.5176511184882
0.05,2021-10,2021,29,5000.0,10404.419894748724,5404.419894748724,108.08839789497449,-540.8120342690363
0.05,2021-11,2021,30,5000.0,12167.514350581469,7167.5143505814685,143.35028701162935,-690.7668840778733
0.05,2021-12,2021,37,5000.0,6346.452282180864,1346.4522821808641,26.92904564361729,-1238.280645978305
0.05,2022-01,2022,36,5000.0,8038.532327352982,3038.532327352982,60.770646547059634,-1077.2297353504182
0.05,2022-02,2022,24,5000.0,6710.960120308684,1710.960120308684,34.219202406173686,-1754.6777039260478
0.05,2022-03,2022,39,5000.0,8785.042745870638,3785.042745870638,75.70085491741277,-1836.0659583351207
0.05,2022-04,2022,35,5000.0,7665.452284536731,2665.452284536731,53.30904569073462,-1329.3420605732854
0.05,2022-05,2022,33,5000.0,7053.6450472207725,2053.6450472207725,41.072900944415444,-1323.818430567398
0.05,2022-06,2022,41,5000.0,7800.455137711226,2800.4551377112257,56.00910275422451,-2096.892183737381
0.05,2022-07,2022,37,5000.0,8427.472584915471,3427.472584915471,68.54945169830941,-672.3184093575801
0.05,2022-08,2022,43,5000.0,6786.50362891209,1786.5036289120899,35.73007257824179,-1480.1346588778842
0.05,2022-09,2022,38,5000.0,6391.7320838284995,1391.7320838284995,27.834641676569994,-1721.84964067698
0.05,2022-10,2022,29,5000.0,8865.607416490491,3865.6074164904912,77.31214832980982,-864.7080499152999
0.05,2022-11,2022,27,5000.0,7269.873921323987,2269.873921323987,45.39747842647974,-1102.1658633145744
0.05,2022-12,2022,39,5000.0,12236.253116552329,7236.253116552329,144.7250623310466,-1128.9092725606897
0.05,2023-01,2023,26,5000.0,7883.39367149871,2883.3936714987103,57.667873429974215,-594.4968834639385
0.05,2023-02,2023,29,5000.0,6409.267110137907,1409.2671101379074,28.185342202758147,-924.4140990635315
0.05,2023-03,2023,30,5000.0,11589.206271997242,6589.206271997242,131.78412543994483,-1080.1916780876309
0.05,2023-04,2023,35,5000.0,11363.223591152317,6363.223591152317,127.26447182304632,-676.233750653073
0.05,2023-05,2023,26,5000.0,7385.589714209583,2385.589714209583,47.711794284191654,-896.1051566970227
0.05,2023-06,2023,26,5000.0,5384.038162919387,384.0381629193871,7.680763258387735,-1207.6560386191968
0.05,2023-07,2023,25,5000.0,6375.234717182353,1375.234717182353,27.504694343647063,-858.4641185033452
0.05,2023-08,2023,31,5000.0,7915.256755820877,2915.2567558208766,58.30513511641753,-931.7410292739569
0.05,2023-09,2023,31,5000.0,6506.506442971941,1506.5064429719414,30.13012885943882,-1025.4598283502673
0.05,2023-10,2023,35,5000.0,11402.066132885,6402.066132885,128.0413226577,-1120.0285037669064
0.05,2023-11,2023,35,5000.0,9052.253669498105,4052.2536694981045,81.0450733899621,-767.4545094876594
0.05,2023-12,2023,26,5000.0,11266.960948905127,6266.960948905127,125.33921897810254,-615.636366939023
0.05,2024-01,2024,36,5000.0,11640.154219325104,6640.154219325104,132.8030843865021,-958.2142411430577
0.05,2024-02,2024,32,5000.0,7522.120505962787,2522.1205059627873,50.44241011925574,-1758.3204770179273
0.05,2024-03,2024,28,5000.0,5532.774985834966,532.7749858349662,10.655499716699325,-814.4452977163091
0.05,2024-04,2024,43,5000.0,12328.958111560572,7328.958111560572,146.57916223121146,-1282.9847880414836
0.05,2024-05,2024,38,5000.0,10062.003335074267,5062.003335074267,101.24006670148535,-2326.3120129450017
0.05,2024-06,2024,35,5000.0,7749.681224257092,2749.6812242570923,54.993624485141844,-1782.2316547877945
0.05,2024-07,2024,34,5000.0,7672.177208067212,2672.1772080672117,53.44354416134423,-1323.0748864735706
0.05,2024-08,2024,33,5000.0,8740.83662032798,3740.83662032798,74.8167324065596,-1000.2526228818497
0.05,2024-09,2024,30,5000.0,9466.644067539894,4466.6440675398935,89.33288135079786,-1105.415196516844
0.05,2024-10,2024,37,5000.0,10109.734422700149,5109.734422700149,102.19468845400299,-1182.1978298888562
0.05,2024-11,2024,20,5000.0,6880.038278209171,1880.038278209171,37.60076556418341,-672.6678799726542
0.05,2024-12,2024,25,5000.0,8325.093145972363,3325.0931459723633,66.50186291944726,-472.38128099176356
0.05,2025-01,2025,27,5000.0,9116.812015230462,4116.812015230462,82.33624030460925,-859.6432555234123
0.05,2025-02,2025,28,5000.0,8961.959408535666,3961.9594085356657,79.23918817071332,-1244.453728871371
0.05,2025-03,2025,39,5000.0,11967.12628451458,6967.126284514579,139.3425256902916,-1917.0091242260514
0.05,2025-04,2025,34,5000.0,13798.63451216316,8798.63451216316,175.97269024326317,-1205.1432461753411
0.05,2025-05,2025,29,5000.0,8834.665524670332,3834.665524670332,76.69331049340664,-484.53205889200035
0.05,2025-06,2025,18,5000.0,7789.953110445685,2789.9531104456846,55.79906220891368,-433.99109164171296
0.05,2025-07,2025,39,5000.0,10992.60466553951,5992.604665539509,119.85209331079018,-1656.374888387989
0.05,2025-08,2025,27,5000.0,9409.637287704034,4409.637287704034,88.19274575408068,-857.6431196574349
0.05,2025-09,2025,33,5000.0,9293.202638018676,4293.202638018676,85.86405276037353,-523.0122235718727
0.05,2025-10,2025,35,5000.0,11856.028367072247,6856.028367072247,137.12056734144494,-815.6284103451299
0.05,2025-11,2025,18,5000.0,6464.4595474368925,1464.4595474368925,29.289190948737854,-411.8685473600608
0.05,2025-12,2025,24,5000.0,7708.693431927852,2708.6934319278516,54.173868638557046,-1034.4927097208083
0.05,2026-01,2026,22,5000.0,7853.565740174837,2853.5657401748367,57.07131480349674,-881.3551172539637
0.05,2026-02,2026,25,5000.0,9127.487842381346,4127.487842381346,82.54975684762694,-1216.50246496609
0.05,2026-03,2026,33,5000.0,9920.56104965365,4920.56104965365,98.411220993073,-1082.7952783407618
0.05,2026-04,2026,34,5000.0,13907.61719708958,8907.61719708958,178.15234394179157,-877.1067274007592
0.05,2026-05,2026,31,5000.0,11984.727812768197,6984.727812768197,139.69455625536392,-1222.1536514000127
0.05,2026-06,2026,17,5000.0,6802.888584655848,1802.8885846558478,36.05777169311695,-387.8838380151392
