direction,pivot_lb,max_hold_h,session,ext,sl_buf,n,net,yr_r,wr,pf,dd,mar,pos_years,years_dict,trades_per_year,gate_trades_yr_ge_200,gate_pf_ge_1p3,gate_mar_ge_1p5,gate_pos_years_ge_7,gate_ALL_PASS,label
long,3,12,all,0.27,0.05,2344,83.65754514735464,12.462654243540781,0.45051194539249145,1.0657608668198384,-80.38276579309212,0.1550413713758004,5/8,"{2019: 6.78, 2020: -11.87, 2021: -28.69, 2022: 20.78, 2023: 21.4, 2024: 48.57, 2025: 33.34, 2026: -6.65}",349.1909964056999,True,False,False,False,False,long_lb3_hold12h_sessall_ext0.27_sl0.05_v2
long,3,12,london_ny,0.27,0.05,2043,68.2161686729021,10.16231736769197,0.4434654919236417,1.0606055818989928,-82.23488026325924,0.12357672723738702,5/8,"{2019: 7.3, 2020: -13.42, 2021: -29.41, 2022: 32.58, 2023: 5.52, 2024: 47.18, 2025: 28.89, 2026: -10.44}",304.3503437102581,True,False,False,False,False,long_lb3_hold12h_sesslondon_ny_ext0.27_sl0.05_v2
long,3,24,all,0.27,0.05,2512,119.95528927209423,17.87001151239614,0.44028662420382164,1.082977674953002,-81.3377249790691,0.219701393381665,6/8,"{2019: 5.36, 2020: 6.02, 2021: -30.73, 2022: 13.16, 2023: 31.78, 2024: 63.45, 2025: 49.33, 2026: -18.4}",374.2183374450163,True,False,False,False,False,long_lb3_hold24h_sessall_ext0.27_sl0.05_v2
long,3,24,london_ny,0.27,0.05,2268,116.19022650831349,17.309121572970117,0.4347442680776014,1.0882128786201573,-82.93821508519927,0.20869898821899066,6/8,"{2019: 5.68, 2020: 0.11, 2021: -31.82, 2022: 31.32, 2023: 19.48, 2024: 63.15, 2025: 51.69, 2026: -23.41}",337.86910403077104,True,False,False,False,False,long_lb3_hold24h_sesslondon_ny_ext0.27_sl0.05_v2
long,3,48,all,0.27,0.05,2629,142.09778536127155,21.16862937600072,0.4431342715861544,1.0931289787288094,-74.32106898766801,0.2848267612985115,6/8,"{2019: 0.18, 2020: 14.35, 2021: -28.48, 2022: 17.72, 2023: 37.52, 2024: 67.43, 2025: 54.04, 2026: -20.66}",391.64809281168306,True,False,False,False,False,long_lb3_hold48h_sessall_ext0.27_sl0.05_v2
long,3,48,london_ny,0.27,0.05,2404,127.697805558268,19.023431724280258,0.4355241264559068,1.090317203752449,-75.45606000950784,0.252112709328889,6/8,"{2019: 1.57, 2020: 6.85, 2021: -29.56, 2022: 34.55, 2023: 28.74, 2024: 63.25, 2025: 47.76, 2026: -25.45}",358.12933249117003,True,False,False,False,False,long_lb3_hold48h_sesslondon_ny_ext0.27_sl0.05_v2
short,3,12,all,0.27,0.05,2396,-287.3785024255918,-42.832718768591974,0.3735392320534224,0.8019113897327685,-289.41581837713005,-0.14799715858231977,0/8,"{2019: -41.39, 2020: -50.34, 2021: -31.35, 2022: -20.73, 2023: -9.69, 2024: -75.41, 2025: -44.11, 2026: -14.34}",357.11507055444645,True,False,False,False,False,short_lb3_hold12h_sessall_ext0.27_sl0.05_v2
short,3,12,london_ny,0.27,0.05,2104,-223.55401419603032,-33.3161820868983,0.3754752851711027,0.8242076594269186,-223.83427691317874,-0.14884307509265457,0/8,"{2019: -34.44, 2020: -40.52, 2021: -11.77, 2022: -19.11, 2023: -5.46, 2024: -69.27, 2025: -30.67, 2026: -12.31}",313.5584362594673,True,False,False,False,False,short_lb3_hold12h_sesslondon_ny_ext0.27_sl0.05_v2
short,3,24,all,0.27,0.05,2542,-305.15708121979117,-45.482551164438505,0.37372147915027537,0.81244475903031,-316.3615279370019,-0.14376764286426003,0/8,"{2019: -34.16, 2020: -61.13, 2021: -38.39, 2022: -23.41, 2023: -11.21, 2024: -74.33, 2025: -54.55, 2026: -7.97}",378.8758386266289,True,False,False,False,False,short_lb3_hold24h_sessall_ext0.27_sl0.05_v2
short,3,24,london_ny,0.27,0.05,2291,-234.13300014393252,-34.89276492484274,0.3723264949803579,0.8399989912766844,-240.5334445292878,-0.14506408866811088,0/8,"{2019: -27.37, 2020: -43.18, 2021: -25.24, 2022: -18.8, 2023: -5.53, 2024: -70.09, 2025: -36.65, 2026: -7.27}",341.4269854897527,True,False,False,False,False,short_lb3_hold24h_sesslondon_ny_ext0.27_sl0.05_v2
short,3,48,all,0.27,0.05,2626,-343.4017690279976,-51.182782543804294,0.3674790555978675,0.8016050178227997,-359.06138714056993,-0.14254605027681966,0/8,"{2019: -35.37, 2020: -73.06, 2021: -45.21, 2022: -29.01, 2023: -11.42, 2024: -83.25, 2025: -58.52, 2026: -7.56}",391.39573258596675,True,False,False,False,False,short_lb3_hold48h_sessall_ext0.27_sl0.05_v2
short,3,48,london_ny,0.27,0.05,2400,-261.3789601398887,-38.95322148887317,0.36791666666666667,0.8341717955602769,-271.3448591881025,-0.14355614329833277,0/8,"{2019: -28.59, 2020: -58.14, 2021: -28.32, 2022: -23.48, 2023: -4.77, 2024: -73.75, 2025: -35.62, 2026: -8.72}",357.6712200678335,True,False,False,False,False,short_lb3_hold48h_sesslondon_ny_ext0.27_sl0.05_v2
long,5,12,all,0.27,0.05,1438,98.7660034511891,14.717230555600786,0.45549374130737136,1.1357812949650739,-29.693181612090285,0.49564343585223336,5/8,"{2019: 8.99, 2020: 28.46, 2021: -18.87, 2022: 24.36, 2023: -0.5, 2024: 38.55, 2025: 20.91, 2026: -3.15}",214.2779579960733,True,False,False,False,False,long_lb5_hold12h_sessall_ext0.27_sl0.05_v2
long,5,12,london_ny,0.27,0.05,1255,64.29169324847996,9.580175761748412,0.44621513944223107,1.0997120362727775,-30.806505224336775,0.310978986158423,6/8,"{2019: 7.86, 2020: 22.26, 2021: -23.15, 2022: 17.44, 2023: 7.14, 2024: 28.78, 2025: 9.32, 2026: -5.35}",187.00892718016132,False,False,False,False,False,long_lb5_hold12h_sesslondon_ny_ext0.27_sl0.05_v2
long,5,24,all,0.27,0.05,1549,110.16241207329246,16.415421910283087,0.4448030987734022,1.1273751953313802,-33.25996549825727,0.49354897590447616,5/8,"{2019: 7.66, 2020: 33.51, 2021: -27.14, 2022: 18.95, 2023: -0.47, 2024: 49.31, 2025: 37.49, 2026: -9.15}",230.81818980244614,True,False,False,False,False,long_lb5_hold24h_sessall_ext0.27_sl0.05_v2
long,5,24,london_ny,0.27,0.05,1396,77.36944082500858,11.528905279054845,0.4391117478510029,1.0979601019891159,-36.340984522984726,0.31724251366286216,6/8,"{2019: 6.16, 2020: 28.05, 2021: -30.13, 2022: 20.04, 2023: 6.83, 2024: 39.35, 2025: 20.94, 2026: -13.87}",208.01949190717548,True,False,False,False,False,long_lb5_hold24h_sesslondon_ny_ext0.27_sl0.05_v2
long,5,48,all,0.27,0.05,1643,142.0016712777586,21.159824863301644,0.4497869750456482,1.1531968066759002,-35.020539080940054,0.6042118544890672,6/8,"{2019: 4.19, 2020: 44.72, 2021: -20.71, 2022: 28.17, 2023: 4.66, 2024: 60.01, 2025: 36.14, 2026: -15.18}",244.82523295378888,True,False,False,False,False,long_lb5_hold48h_sessall_ext0.27_sl0.05_v2
long,5,48,london_ny,0.27,0.05,1508,106.2262816614776,15.828894798287308,0.4423076923076923,1.123460105252656,-33.27567423863404,0.4756896790361499,6/8,"{2019: 3.77, 2020: 34.89, 2021: -23.67, 2022: 26.83, 2023: 11.18, 2024: 55.13, 2025: 17.36, 2026: -19.25}",224.70873481090302,True,False,False,False,False,long_lb5_hold48h_sesslondon_ny_ext0.27_sl0.05_v2
short,5,12,all,0.27,0.05,1544,-103.0241171291192,-15.362095162357374,0.3898963730569948,0.8801035874359557,-132.63028927250608,-0.1158264469347116,1/8,"{2019: -3.55, 2020: -8.73, 2021: -20.19, 2022: -32.58, 2023: -5.87, 2024: -38.78, 2025: -8.5, 2026: 15.17}",230.2283736239436,True,False,False,False,False,short_lb5_hold12h_sessall_ext0.27_sl0.05_v2
short,5,12,london_ny,0.27,0.05,1342,-88.69057199980432,-13.224140636127382,0.3897168405365127,0.8815498298479356,-110.44615662713619,-0.11973382361118995,1/8,"{2019: -2.65, 2020: -5.99, 2021: -9.28, 2022: -30.28, 2023: -0.64, 2024: -43.0, 2025: -5.56, 2026: 8.71}",200.0978946637316,True,False,False,False,False,short_lb5_hold12h_sesslondon_ny_ext0.27_sl0.05_v2
short,5,24,all,0.27,0.05,1617,-146.0373059285931,-21.775862326659514,0.37909709338280767,0.854046187275505,-175.65352382331218,-0.12397054071379518,2/8,"{2019: 2.04, 2020: -10.8, 2021: -32.36, 2022: -37.74, 2023: -7.91, 2024: -44.39, 2025: -25.05, 2026: 10.18}",241.11352341315856,True,False,False,False,False,short_lb5_hold24h_sessall_ext0.27_sl0.05_v2
short,5,24,london_ny,0.27,0.05,1466,-117.53054412812043,-17.52430286044687,0.3806275579809004,0.8701292654371622,-149.09030203255023,-0.11754153436902198,3/8,"{2019: 3.62, 2020: -1.5, 2021: -27.14, 2022: -30.64, 2023: 1.05, 2024: -46.97, 2025: -21.19, 2026: 5.23}",218.58682084726567,True,False,False,False,False,short_lb5_hold24h_sesslondon_ny_ext0.27_sl0.05_v2
short,5,48,all,0.27,0.05,1672,-171.36135180632175,-25.551972362933864,0.36901913875598086,0.8408680880134108,-201.71040870162145,-0.1266765187151617,1/8,"{2019: -4.31, 2020: -18.2, 2021: -45.4, 2022: -33.26, 2023: -7.73, 2024: -49.6, 2025: -24.51, 2026: 11.65}",249.3146636653068,True,False,False,False,False,short_lb5_hold48h_sessall_ext0.27_sl0.05_v2
short,5,48,london_ny,0.27,0.05,1538,-133.27335382490756,-19.871622589522044,0.3732119635890767,0.8644972557266697,-157.8759201288308,-0.12586860981273323,2/8,"{2019: -2.2, 2020: -11.95, 2021: -34.6, 2022: -29.08, 2023: 2.39, 2024: -47.48, 2025: -14.08, 2026: 3.73}",229.32232637318867,True,False,False,False,False,short_lb5_hold48h_sesslondon_ny_ext0.27_sl0.05_v2
long,8,12,all,0.27,0.05,885,64.73778371092678,9.650380202561584,0.4745762711864407,1.1610299229767405,-22.09543563347969,0.4367589923386271,6/8,"{2019: 9.6, 2020: 14.69, 2021: 4.29, 2022: -7.98, 2023: 5.17, 2024: 24.4, 2025: 20.21, 2026: -5.65}",131.9258397445799,False,False,False,False,False,long_lb8_hold12h_sessall_ext0.27_sl0.05_v2
long,8,12,london_ny,0.27,0.05,749,20.207783151998314,3.0123488832810748,0.4539385847797063,1.0578935768571238,-25.49501956973137,0.11815440561016266,5/8,"{2019: 9.17, 2020: 9.29, 2021: -1.53, 2022: -6.68, 2023: 6.15, 2024: 10.88, 2025: 8.83, 2026: -15.91}",111.65249036010208,False,False,False,False,False,long_lb8_hold12h_sesslondon_ny_ext0.27_sl0.05_v2
long,8,24,all,0.27,0.05,965,55.989935607276294,8.346349460152407,0.44870466321243524,1.1086194097521216,-46.038602357405395,0.18129024411641118,5/8,"{2019: 7.68, 2020: 19.71, 2021: -9.88, 2022: -15.52, 2023: 4.93, 2024: 31.96, 2025: 25.0, 2026: -7.9}",143.85133938250803,False,False,False,False,False,long_lb8_hold24h_sessall_ext0.27_sl0.05_v2
long,8,24,london_ny,0.27,0.05,845,28.01240086846568,4.1757734551798125,0.4437869822485207,1.061590724943557,-42.95517011451691,0.09721235986372195,5/8,"{2019: 6.83, 2020: 20.12, 2021: -15.67, 2022: -7.02, 2023: 2.96, 2024: 20.27, 2025: 16.87, 2026: -16.36}",125.96308992561583,False,False,False,False,False,long_lb8_hold24h_sesslondon_ny_ext0.27_sl0.05_v2
long,8,48,all,0.27,0.05,1021,97.35790483734075,14.513020736089352,0.46131243878550443,1.1751556816962467,-40.1081353062401,0.3618473066692629,5/8,"{2019: 8.57, 2020: 31.72, 2021: -8.74, 2022: -5.08, 2023: 11.46, 2024: 39.65, 2025: 30.27, 2026: -10.49}",152.19918912905771,False,False,False,False,False,long_lb8_hold48h_sessall_ext0.27_sl0.05_v2
long,8,48,london_ny,0.27,0.05,912,61.77465109560689,9.208669740922454,0.45394736842105265,1.123114565116781,-37.62636306772195,0.24473983106866312,6/8,"{2019: 7.72, 2020: 31.02, 2021: -15.59, 2022: 1.27, 2023: 10.64, 2024: 25.25, 2025: 18.8, 2026: -17.33}",135.95069587238063,False,False,False,False,False,long_lb8_hold48h_sesslondon_ny_ext0.27_sl0.05_v2
short,8,12,all,0.27,0.05,968,-57.00585974833561,-8.511445800878203,0.4049586776859504,0.883508173326102,-70.73881293240923,-0.12032214633020304,2/8,"{2019: -3.32, 2020: -24.05, 2021: -9.46, 2022: -8.51, 2023: 17.13, 2024: -23.38, 2025: -14.24, 2026: 8.84}",144.53039690346318,False,False,False,False,False,short_lb8_hold12h_sessall_ext0.27_sl0.05_v2
short,8,12,london_ny,0.27,0.05,847,-60.37116757962323,-9.014809747672649,0.4049586776859504,0.8580966064791661,-71.5921416543642,-0.12591898411413305,2/8,"{2019: -2.67, 2020: -26.78, 2021: -8.8, 2022: -8.11, 2023: 23.07, 2024: -17.78, 2025: -26.07, 2026: 6.77}",126.47666365253336,False,False,False,False,False,short_lb8_hold12h_sesslondon_ny_ext0.27_sl0.05_v2
short,8,24,all,0.27,0.05,1025,-80.31482008495797,-11.99166614060869,0.3951219512195122,0.8657471576057242,-94.62816232610415,-0.12672407289579865,2/8,"{2019: -0.99, 2020: -22.97, 2021: -19.36, 2022: -18.26, 2023: 26.51, 2024: -26.13, 2025: -26.33, 2026: 7.21}",153.04096779550594,False,False,False,False,False,short_lb8_hold24h_sessall_ext0.27_sl0.05_v2
short,8,24,london_ny,0.27,0.05,923,-89.005717627606,-13.29060945872383,0.39219934994582883,0.8362256267605427,-101.28897790597445,-0.13121476525374134,3/8,"{2019: 0.09, 2020: -22.66, 2021: -24.83, 2022: -17.26, 2023: 24.04, 2024: -16.22, 2025: -37.39, 2026: 5.23}",137.82521906881735,False,False,False,False,False,short_lb8_hold24h_sesslondon_ny_ext0.27_sl0.05_v2
short,8,48,all,0.27,0.05,1062,-108.59344813484174,-16.213898925665617,0.3709981167608286,0.8374465316438141,-124.99576046604756,-0.12971559087453832,2/8,"{2019: -4.79, 2020: -36.37, 2021: -23.4, 2022: -12.72, 2023: 21.07, 2024: -31.22, 2025: -31.44, 2026: 10.29}",158.56537346227054,False,False,False,False,False,short_lb8_hold48h_sessall_ext0.27_sl0.05_v2
short,8,48,london_ny,0.27,0.05,969,-106.2620090407051,-15.867372345317259,0.3684210526315789,0.8255857189149887,-120.08298577475665,-0.13213672397420378,2/8,"{2019: -2.99, 2020: -36.36, 2021: -25.04, 2022: -10.05, 2023: 21.37, 2024: -18.28, 2025: -42.35, 2026: 7.44}",144.69408155762082,False,False,False,False,False,short_lb8_hold48h_sesslondon_ny_ext0.27_sl0.05_v2
