base,universe,split,variant,eligible,score,train_trades,train_net_r,train_avg_r_year,train_wr,train_pf,train_max_dd_r,train_positive_years,train_negative_years,train_worst_year_r,train_best_year_r,train_positive_months,train_negative_months,test_trades,test_net_r,test_avg_r_year,test_wr,test_pf,test_max_dd_r,test_positive_years,test_negative_years,test_worst_year_r,test_best_year_r,test_positive_months,test_negative_months,selection_note
clean_top3,preferred_realistic_units,expanding_2019_2021_to_2022_2023,NO_ADDON,True,12.979871874652513,214,39.141026301529955,13.047008767176651,0.6074766355140186,1.4687655147072745,-6.7136892524137295,3,0,1.5916729139630694,27.111676597127474,16,11,165,19.76398101225917,9.881990506129585,0.5818181818181818,1.2883283183766936,-12.694926116838417,2,0,1.0362336998100448,18.727747312449125,10,13,eligible_train_selected
clean_top3,preferred_realistic_units,expanding_2019_2023_to_2024_2026,NO_ADDON,True,11.65405220158944,379,58.90500731378913,11.781001462757825,0.5963060686015831,1.3874185432521506,-12.694926116838438,5,0,1.0362336998100448,27.111676597127474,26,24,653,197.20166765992602,65.73388921997534,0.663093415007657,1.8862478619173626,-5.375690107531241,3,0,39.16454748016467,82.34868128048608,27,3,eligible_train_selected
clean_top3,preferred_realistic_units,rolling_prev3_to_2022,NO_ADDON,True,12.979871874652513,214,39.141026301529955,13.047008767176651,0.6074766355140186,1.4687655147072745,-6.7136892524137295,3,0,1.5916729139630694,27.111676597127474,16,11,90,18.727747312449125,18.727747312449125,0.6222222222222222,1.5690352281880655,-3.2747862551233204,1,0,18.727747312449125,18.727747312449125,7,5,eligible_train_selected
clean_top3,preferred_realistic_units,rolling_prev3_to_2023,orb15_not_above_50__risk_1p0%__dd3_half_recover1__realistic_units,True,24.84786826076537,380,74.74220902870158,24.91406967623386,0.6052631578947368,1.619160874751406,-6.620141546849155,3,0,6.4409352393472945,37.47805746414719,27,9,106,6.081281708635691,6.081281708635691,0.5377358490566038,1.1514072389364158,-12.941545313104472,1,0,6.081281708635691,6.081281708635691,5,7,eligible_train_selected
clean_top3,preferred_realistic_units,rolling_prev3_to_2024,NO_ADDON,False,9.94027000639781,235,30.201657802698584,10.067219267566195,0.5829787234042553,1.3161129246124448,-12.694926116838417,3,0,1.0362336998100448,18.727747312449125,16,18,157,39.16454748016467,39.16454748016467,0.6369426751592356,1.695838831387529,-5.375690107531241,1,0,39.16454748016467,39.16454748016467,10,2,fallback_to_base_only_no_eligible_addon
clean_top3,preferred_realistic_units,rolling_prev3_to_2025,orb15_not_above_50__risk_1p0%__dd3_half_recover1__realistic_units,True,27.585063643472207,428,83.175309199314,27.725103066438,0.6285046728971962,1.6111261639195873,-14.003942296579169,3,0,6.081281708635691,46.27081116547121,24,12,336,88.77926995945919,88.77926995945919,0.6428571428571429,1.811626277367475,-5.305986034022624,1,0,88.77926995945919,88.77926995945919,11,1,eligible_train_selected
clean_top3,preferred_realistic_units,rolling_prev3_to_2026,orb15_not_above_50__risk_1p0%__dd3_half_recover1__realistic_units,True,46.9037481882229,639,141.13136283356607,47.04378761118869,0.6322378716744914,1.6735151553045382,-14.003942296579158,3,0,6.081281708635691,88.77926995945919,26,10,218,84.19474226801893,84.19474226801893,0.7110091743119266,2.370586853411236,-5.161515524903848,1,0,84.19474226801893,84.19474226801893,6,0,eligible_train_selected
clean_top3,fixed_fee_stretch,expanding_2019_2021_to_2022_2023,orb15_not_above_50__risk_5p0%__tiered_dd_3_6__$2p00_per_trade,True,17.162185489957906,286,51.67859145330826,17.226197151102753,0.6013986013986014,1.554996313861602,-6.4011661144847025,3,0,6.250263961690156,38.33174622102133,22,9,231,38.679598532482395,19.339799266241197,0.6406926406926406,1.511968635569108,-12.644343901720298,2,0,6.925341154853111,31.754257377629283,15,9,eligible_train_selected
clean_top3,fixed_fee_stretch,expanding_2019_2023_to_2024_2026,orb15_not_above_50__risk_5p0%__tiered_dd_3_6__$2p00_per_trade,True,17.945194558140926,517,90.35818998579063,18.071637997158128,0.6189555125725339,1.5357228761857538,-12.644343901720276,5,0,6.250263961690156,38.33174622102133,37,18,751,221.40521151962156,73.80173717320719,0.677762982689747,1.9625118332211533,-5.3059860340226095,3,0,47.50034016726798,89.52123337629858,28,2,eligible_train_selected
clean_top3,fixed_fee_stretch,rolling_prev3_to_2022,orb15_not_above_50__risk_5p0%__tiered_dd_3_6__$2p00_per_trade,True,17.162185489957906,286,51.67859145330826,17.226197151102753,0.6013986013986014,1.554996313861602,-6.4011661144847025,3,0,6.250263961690156,38.33174622102133,22,9,125,31.754257377629276,31.754257377629276,0.688,1.889207038493817,-4.5565019150512,1,0,31.754257377629283,31.754257377629283,9,3,eligible_train_selected
clean_top3,fixed_fee_stretch,rolling_prev3_to_2023,orb15_not_above_50__risk_5p0%__tiered_dd_3_6__$2p00_per_trade,True,25.66351662860428,380,77.18258486924738,25.727528289749127,0.6289473684210526,1.6443525193028168,-6.4011661144847025,3,0,7.096581270596769,38.33174622102133,27,9,106,6.925341154853113,6.925341154853113,0.5849056603773585,1.1738290143979417,-12.644343901720278,1,0,6.925341154853111,6.925341154853111,6,6,eligible_train_selected
clean_top3,fixed_fee_stretch,rolling_prev3_to_2024,orb15_not_above_50__risk_5p0%__tiered_dd_3_6__$2p00_per_trade,True,15.132283162009184,325,45.77617980307916,15.258726601026387,0.6123076923076923,1.4264117534517913,-12.644343901720298,3,0,6.925341154853111,31.754257377629283,23,13,197,47.50034016726798,47.50034016726798,0.6751269035532995,1.79753145983005,-5.258046314371477,1,0,47.50034016726798,47.50034016726798,10,2,eligible_train_selected
clean_top3,fixed_fee_stretch,rolling_prev3_to_2025,orb15_not_above_50__risk_5p0%__tiered_dd_3_6__$2p00_per_trade,True,28.5901535263625,428,86.17993869975037,28.726646233250122,0.6565420560747663,1.6378505425094905,-13.649270688762279,3,0,6.925341154853111,47.50034016726798,25,11,336,89.52123337629858,89.52123337629858,0.6577380952380952,1.820770317606987,-5.305986034022617,1,0,89.52123337629858,89.52123337629858,12,0,eligible_train_selected
clean_top3,fixed_fee_stretch,rolling_prev3_to_2026,orb15_not_above_50__risk_5p0%__tiered_dd_3_6__$2p00_per_trade,True,47.845812192585605,639,143.94691469841968,47.98230489947323,0.651017214397496,1.690495735352464,-13.649270688762257,3,0,6.925341154853111,89.52123337629858,28,8,218,84.38363797605501,84.38363797605501,0.7110091743119266,2.3743357392421185,-5.161402100350571,1,0,84.38363797605501,84.38363797605501,6,0,eligible_train_selected
top10_stretch,preferred_realistic_units,expanding_2019_2021_to_2022_2023,NO_ADDON,False,12.680966517256756,286,38.29466306854203,12.76488768951401,0.5804195804195804,1.324852141170493,-8.39211722572546,3,0,4.01143997056648,21.695302227879928,18,13,216,20.84636084116597,10.423180420582986,0.5694444444444444,1.2231022508524285,-9.239396707337583,2,0,4.125833362236218,16.720527478929757,14,10,fallback_to_base_only_no_eligible_addon
top10_stretch,preferred_realistic_units,expanding_2019_2023_to_2024_2026,NO_ADDON,False,11.735810814868227,502,59.14102390970801,11.828204781941603,0.5756972111553785,1.2798621796378598,-9.239396707337619,5,0,4.01143997056648,21.695302227879928,32,23,906,215.8105461015872,71.93684870052907,0.6313465783664459,1.6359948042522925,-7.463771371035975,3,0,40.061971616818845,92.84908014756154,28,2,fallback_to_base_only_no_eligible_addon
top10_stretch,preferred_realistic_units,rolling_prev3_to_2022,NO_ADDON,False,12.680966517256756,286,38.29466306854203,12.76488768951401,0.5804195804195804,1.324852141170493,-8.39211722572546,3,0,4.01143997056648,21.695302227879928,18,13,117,16.720527478929757,16.720527478929757,0.5897435897435898,1.3525549036703057,-3.703802764765772,1,0,16.720527478929757,16.720527478929757,7,5,fallback_to_base_only_no_eligible_addon
top10_stretch,preferred_realistic_units,rolling_prev3_to_2023,NO_ADDON,False,16.917329020044516,381,51.00375057690531,17.00125019230177,0.5826771653543307,1.3253832497159652,-8.39211722572546,3,0,12.587920870095624,21.695302227879928,22,14,99,4.125833362236219,4.125833362236219,0.5454545454545454,1.0896689079813309,-9.239396707337576,1,0,4.125833362236218,4.125833362236218,7,5,fallback_to_base_only_no_eligible_addon
top10_stretch,preferred_realistic_units,rolling_prev3_to_2024,NO_ADDON,False,11.05236660334716,306,33.434281711261605,11.144760570420535,0.5718954248366013,1.2619200258428205,-9.239396707337612,3,0,4.125833362236218,16.720527478929757,22,14,187,40.06197161681885,40.06197161681885,0.6203208556149733,1.5658244862189485,-5.186784339514911,1,0,40.061971616818845,40.061971616818845,11,1,fallback_to_base_only_no_eligible_addon
top10_stretch,preferred_realistic_units,rolling_prev3_to_2025,orb15_not_above_50__risk_1p0%__dd3_half_recover1__realistic_units,True,28.278675655097746,509,85.15511316487496,28.385037721624986,0.6129666011787819,1.485180061428429,-10.636206652723907,3,0,9.170881371061864,47.16823530212538,24,12,458,99.27966882653463,99.27966882653463,0.6200873362445415,1.602250611550055,-7.5161098842242495,1,0,99.27966882653465,99.27966882653465,11,1,eligible_train_selected
top10_stretch,preferred_realistic_units,rolling_prev3_to_2026,orb15_not_above_50__risk_1p5%__dd3_half_recover1__realistic_units,True,51.766566433380056,815,155.6187854997219,51.872928499907296,0.6159509202453988,1.5367957562863894,-10.636206652723892,3,0,9.170881371061864,99.27966882653465,28,8,319,91.40579770595046,91.40579770595046,0.658307210031348,1.844301772009456,-5.066721612854947,1,0,91.40579770595046,91.40579770595046,6,0,eligible_train_selected
top10_stretch,fixed_fee_stretch,expanding_2019_2021_to_2022_2023,NO_ADDON,False,12.680966517256756,286,38.29466306854203,12.76488768951401,0.5804195804195804,1.324852141170493,-8.39211722572546,3,0,4.01143997056648,21.695302227879928,18,13,216,20.84636084116597,10.423180420582986,0.5694444444444444,1.2231022508524285,-9.239396707337583,2,0,4.125833362236218,16.720527478929757,14,10,fallback_to_base_only_no_eligible_addon
top10_stretch,fixed_fee_stretch,expanding_2019_2023_to_2024_2026,orb15_not_above_50__risk_5p0%__tiered_dd_3_6__$2p00_per_trade,True,18.025500636956217,640,90.59420658170951,18.118841316341904,0.5984375,1.3974423866495784,-9.334067938568623,5,0,8.670031018293566,32.91537185177378,35,20,1004,240.01408996128276,80.00469665376092,0.6454183266932271,1.6919961624917959,-7.398995172448508,3,0,48.39776430392215,100.02163224337404,27,3,eligible_train_selected
top10_stretch,fixed_fee_stretch,rolling_prev3_to_2022,NO_ADDON,False,12.680966517256756,286,38.29466306854203,12.76488768951401,0.5804195804195804,1.324852141170493,-8.39211722572546,3,0,4.01143997056648,21.695302227879928,18,13,117,16.720527478929757,16.720527478929757,0.5897435897435898,1.3525549036703057,-3.703802764765772,1,0,16.720527478929757,16.720527478929757,7,5,fallback_to_base_only_no_eligible_addon
top10_stretch,fixed_fee_stretch,rolling_prev3_to_2023,orb15_not_above_50__risk_5p0%__tiered_dd_3_6__$2p00_per_trade,True,23.88853185908356,469,71.90923474613666,23.969744915378886,0.6012793176972282,1.4349886615524463,-8.12130562953259,3,0,9.246825350252978,32.91537185177378,24,12,130,10.014940817279287,10.014940817279287,0.5846153846153846,1.1994355256175653,-9.334067938568602,1,0,10.014940817279285,10.014940817279285,7,5,eligible_train_selected
top10_stretch,fixed_fee_stretch,rolling_prev3_to_2024,orb15_not_above_50__risk_5p0%__tiered_dd_3_6__$2p00_per_trade,True,16.242927224495038,396,49.00880371164217,16.336267903880724,0.5984848484848485,1.3514131590593186,-9.334067938568623,3,0,9.246825350252978,29.747037544109915,23,13,227,48.397764303922145,48.397764303922145,0.6563876651982379,1.6533343546548014,-4.459394328886416,1,0,48.39776430392215,48.39776430392215,10,2,eligible_train_selected
top10_stretch,fixed_fee_stretch,rolling_prev3_to_2025,orb15_not_above_50__risk_5p0%__tiered_dd_3_6__$2p00_per_trade,True,29.283765537988042,509,88.15974266531134,29.386580888437113,0.6365422396856582,1.5051537396331218,-10.281535044907017,3,0,10.014940817279285,48.39776430392215,24,12,458,100.02163224337404,100.02163224337404,0.631004366812227,1.6079118375362882,-7.3989951724486644,1,0,100.02163224337404,100.02163224337404,11,1,eligible_train_selected
top10_stretch,fixed_fee_stretch,rolling_prev3_to_2026,orb15_not_above_50__risk_5p0%__tiered_dd_3_6__$2p00_per_trade,True,52.708630437742755,815,158.43433736457547,52.811445788191826,0.6306748466257669,1.5485428330759878,-10.28153504490699,3,0,10.014940817279285,100.02163224337404,28,8,319,91.59469341398653,91.59469341398653,0.658307210031348,1.8462820338168617,-5.066721612854945,1,0,91.59469341398655,91.59469341398655,6,0,eligible_train_selected
