ote,tp,mss_lb,entry,sl,n,is_pf,is_net,is_pos,is_yrs,oos_pf,oos_net,oos_pos,oos_yrs,full_net,full_pf,pass_
"(0.5, 0.618)",nl2.0,2,edge,sweep,3840,0.8147335295274373,-188.0981608160359,0,10,1.0306421488330761,28.441651887508357,5,11,-159.65650892852756,0.9178498398469486,False
"(0.5, 0.618)",nl2.0,2,edge,fvg,3840,0.6320155543721181,-669.6226661173478,0,10,0.7207736086991143,-504.61601207918255,1,11,-1174.2386781965304,0.6762415006363014,False
"(0.5, 0.618)",nl2.0,2,ce,sweep,6671,0.7791060463286076,-427.25768173628285,0,10,0.9385886098182881,-104.99965718029082,4,11,-532.2573389165736,0.8539357966615141,False
"(0.5, 0.618)",nl2.0,2,ce,fvg,6671,0.4543142418802668,-2480.305247422805,0,10,0.6003928985795776,-1655.2430181214909,1,11,-4135.548265544297,0.5239643392288907,False
"(0.5, 0.618)",nl2.0,3,edge,sweep,2789,0.9060950219936967,-65.39545183541634,4,10,1.1627540832230032,104.42172821869687,10,11,39.02627638328053,1.029167787772362,False
"(0.5, 0.618)",nl2.0,3,edge,fvg,2789,0.7006130105519452,-392.9591185645852,0,10,0.7875300274315038,-282.0109648431213,3,11,-674.9700834077065,0.7443143781008156,False
"(0.5, 0.618)",nl2.0,3,ce,sweep,4646,0.8334943426954683,-214.46602240744062,1,10,1.0166824654246203,18.913791766139077,6,11,-195.55223064130152,0.9192531274464484,False
"(0.5, 0.618)",nl2.0,3,ce,fvg,4646,0.47373784410708114,-1656.8852518204217,0,10,0.6775476923202814,-917.3479019524308,0,11,-2574.233153772853,0.5704824541472099,False
"(0.5, 0.618)",nl2.0,5,edge,sweep,1654,1.0212627555363767,7.890699848893775,4,10,1.1339781537319895,52.942534279948916,7,11,60.83323412884268,1.0793895741529358,False
"(0.5, 0.618)",nl2.0,5,edge,fvg,1654,0.631380669914634,-294.162790660546,0,10,0.7824588210638462,-182.81435837902748,2,11,-476.9771490395735,0.7088725318770839,False
"(0.5, 0.618)",nl2.0,5,ce,sweep,2581,0.935259217549219,-42.20094155626053,4,10,0.9997139357003438,-0.17806713282664077,5,11,-42.37900868908717,0.9667437519300839,False
"(0.5, 0.618)",nl2.0,5,ce,fvg,2581,0.4396258363506777,-972.4206985134631,0,10,0.6201950393610107,-612.0976109622203,1,11,-1584.5183094756835,0.5265736891184567,False
"(0.5, 0.618)",nl2.0,8,edge,sweep,900,1.0231748668173484,4.961329034405293,6,10,1.0537473388079264,12.234272315942833,7,11,17.19560135034813,1.0389297982676342,False
"(0.5, 0.618)",nl2.0,8,edge,fvg,900,0.5006704717697454,-230.15656158040733,0,10,0.590668437581561,-195.86932040084912,3,11,-426.0258819812565,0.5465114827709664,False
"(0.5, 0.618)",nl2.0,8,ce,sweep,1346,0.977407714515496,-7.161949135628841,6,10,1.0040037135057887,1.3347239295580486,6,11,-5.827225206070785,0.9910402775606967,False
"(0.5, 0.618)",nl2.0,8,ce,fvg,1346,0.4348355047491996,-501.2916909579784,0,10,0.5731197440712413,-375.74542540680835,1,11,-877.0371163647867,0.5037127074275477,False
"(0.5, 0.618)",rr1.5,2,edge,sweep,3840,0.8773100259734957,-143.94811429957124,1,10,1.0533689512684579,62.33357600248618,6,11,-81.61453829708508,0.965140489606961,False
"(0.5, 0.618)",rr1.5,2,edge,fvg,3840,0.628240801178299,-538.7230693734932,0,10,0.7584913374821561,-344.2129362154301,1,11,-882.9360055889234,0.6928255355425554,False
"(0.5, 0.618)",rr1.5,2,ce,sweep,6671,0.8462130805466839,-337.5161328724534,1,10,0.9311631058155291,-141.86805577225334,2,11,-479.3841886447068,0.8873529548503841,False
"(0.5, 0.618)",rr1.5,2,ce,fvg,6671,0.3771054766240733,-2067.0913603788426,0,10,0.4700880414921901,-1577.3665636212813,0,11,-3644.457924000124,0.4210719925530079,False
"(0.5, 0.618)",rr1.5,3,edge,sweep,2789,0.9535611284761046,-38.040191711421684,4,10,1.1589857950256937,127.68646989341642,8,11,89.64627818199475,1.0552595455381923,False
"(0.5, 0.618)",rr1.5,3,edge,fvg,2789,0.6513728985815158,-361.02376321996337,0,10,0.7620366727587238,-244.8258414090112,1,11,-605.8496046289747,0.706524670589386,False
"(0.5, 0.618)",rr1.5,3,ce,sweep,4646,0.862949548240818,-207.32817699522053,1,10,0.9823219304858918,-24.513657769202283,6,11,-231.84183476442286,0.9200395891448909,False
"(0.5, 0.618)",rr1.5,3,ce,fvg,4646,0.37586979744863397,-1458.2589935870856,0,10,0.49719860413089023,-1012.2000114065775,0,11,-2470.459004993663,0.43202445400917355,False
"(0.5, 0.618)",rr1.5,5,edge,sweep,1654,0.9981243223322105,-0.8681987786935181,5,10,1.1720144534805628,80.88837289042132,8,11,80.02017411172781,1.0857560738577028,False
"(0.5, 0.618)",rr1.5,5,edge,fvg,1654,0.656096391561674,-208.2579247524571,0,10,0.8023257065375635,-119.0348717298692,2,11,-327.29279648232625,0.7290055927214,False
"(0.5, 0.618)",rr1.5,5,ce,sweep,2581,0.8751613297576681,-101.65740442313324,3,10,0.9842201934656465,-12.173015410460579,4,11,-113.83041983359384,0.9282162222206001,False
"(0.5, 0.618)",rr1.5,5,ce,fvg,2581,0.3712517816444922,-809.9619378032655,0,10,0.5060616696327727,-555.7647991864598,0,11,-1365.7267369897254,0.43410299136276687,False
"(0.5, 0.618)",rr1.5,8,edge,sweep,900,1.1064714628176577,25.7631166985609,6,10,1.0902597279473605,23.32550642899072,8,11,49.08862312755163,1.0980990522922027,False
"(0.5, 0.618)",rr1.5,8,edge,fvg,900,0.6686505183963481,-109.35981660042438,1,10,0.7223792217181951,-94.86824733382379,0,11,-204.22806393424815,0.6959817674049706,False
"(0.5, 0.618)",rr1.5,8,ce,sweep,1346,0.8319577084095683,-70.63901973682212,2,10,0.9638863861002355,-14.785984425739889,5,11,-85.425004162562,0.8970527808422822,False
"(0.5, 0.618)",rr1.5,8,ce,fvg,1346,0.3888339976947007,-392.9457744186831,0,10,0.43555802109041386,-359.6104626469026,0,11,-752.5562370655857,0.4120894885887966,False
"(0.5, 0.618)",rr2.0,2,edge,sweep,3840,0.9067116143546019,-120.01946841715915,2,10,1.020912001782149,27.742203231445597,5,11,-92.27726518571356,0.9646874634925066,False
"(0.5, 0.618)",rr2.0,2,edge,fvg,3840,0.6592330524387924,-559.9496433459076,0,10,0.8040657287339563,-315.4716153009623,1,11,-875.4212586468698,0.7309122686534792,False
"(0.5, 0.618)",rr2.0,2,ce,sweep,6671,0.8361397701669192,-401.0643260498781,1,10,0.9430215120860703,-130.57452165155573,4,11,-531.6388477014339,0.8878220642435182,False
"(0.5, 0.618)",rr2.0,2,ce,fvg,6671,0.4573187050991858,-1967.9951940634842,0,10,0.5793372031475107,-1358.3121652020363,0,11,-3326.3073592655205,0.5147908926002946,False
"(0.5, 0.618)",rr2.0,3,edge,sweep,2789,0.9829122442198641,-15.329173110217106,3,10,1.1081366577845033,99.37013771779877,9,11,84.04096460758163,1.0462776484284457,False
"(0.5, 0.618)",rr2.0,3,edge,fvg,2789,0.7114346042725868,-334.95802950007,0,10,0.8053871788408383,-226.0845204945333,1,11,-561.0425499946033,0.7584299958230152,False
"(0.5, 0.618)",rr2.0,3,ce,sweep,4646,0.8775247920029529,-203.91766130256332,2,10,0.9879285167596753,-18.637214552336083,5,11,-222.55487585489942,0.9306439603897976,False
"(0.5, 0.618)",rr2.0,3,ce,fvg,4646,0.46443633621107266,-1354.193092078511,0,10,0.6159851226568509,-837.7203054302131,0,11,-2191.9133975087243,0.5346272664906333,False
"(0.5, 0.618)",rr2.0,5,edge,sweep,1654,1.0597556317844459,29.856905492856733,6,10,1.118602615611519,63.365781232002064,7,11,93.22268672485879,1.0901643353738344,False
"(0.5, 0.618)",rr2.0,5,edge,fvg,1654,0.7083192142026935,-199.287530015616,0,10,0.8586354983427228,-95.79355081539694,2,11,-295.08108083101297,0.7831678958457585,False
"(0.5, 0.618)",rr2.0,5,ce,sweep,2581,0.9240639492022014,-67.13895648772021,5,10,0.972560051809741,-23.554530980622545,6,11,-90.69348746834272,0.9479537056832109,False
"(0.5, 0.618)",rr2.0,5,ce,fvg,2581,0.44299554303599264,-782.3960362946981,0,10,0.6226907810302134,-458.7850932101105,0,11,-1241.1811295048085,0.5263731784667116,False
"(0.5, 0.618)",rr2.0,8,edge,sweep,900,1.160181589800882,42.07160461088513,9,10,1.072873807382598,20.993932508019384,7,11,63.065537118904516,1.1145114674562602,False
"(0.5, 0.618)",rr2.0,8,edge,fvg,900,0.6944171937152811,-115.8598166004234,2,10,0.768917862645584,-88.36824733382416,2,11,-204.22806393424756,0.7318273181460837,False
"(0.5, 0.618)",rr2.0,8,ce,sweep,1346,0.8893695716890531,-49.56885999188587,5,10,0.9893994632377138,-4.772127088418064,4,11,-54.34098708030393,0.9395025489147044,False
"(0.5, 0.618)",rr2.0,8,ce,fvg,1346,0.4580396945800216,-382.6531779948656,0,10,0.5455603268448199,-309.6307566705493,0,11,-692.2839346654149,0.5010207006729968,False
"(0.5, 0.618)",rr3.0,2,edge,sweep,3840,0.8904363744732948,-157.26484247165953,2,10,1.0345709854839806,50.96944706376002,8,11,-106.29539540789955,0.9634688114909646,False
"(0.5, 0.618)",rr3.0,2,edge,fvg,3840,0.6860093824390885,-590.7380774886192,0,10,0.809872718551259,-356.91482931894075,0,11,-947.6529068075598,0.7478727337293557,False
"(0.5, 0.618)",rr3.0,2,ce,sweep,6671,0.8877424130009396,-301.1862905741972,3,10,0.9654482307234198,-88.06247858489331,4,11,-389.24876915909044,0.9255980881601944,False
"(0.5, 0.618)",rr3.0,2,ce,fvg,6671,0.5349328275643207,-1897.9378527744984,0,10,0.6720241290480602,-1194.836063820067,0,11,-3092.7739165945654,0.5995920971616849,False
"(0.5, 0.618)",rr3.0,3,edge,sweep,2789,0.9735000494049694,-26.46668517044469,4,10,1.1465383116589292,147.7418033428391,8,11,121.27511817239443,1.0604273471152073,False
"(0.5, 0.618)",rr3.0,3,edge,fvg,2789,0.722889090763321,-374.3131584508185,0,10,0.8421433907781813,-210.31863220632204,2,11,-584.6317906571405,0.7821066577029091,False
"(0.5, 0.618)",rr3.0,3,ce,sweep,4646,0.9242492378596596,-137.9093123933415,2,10,1.0520072244752596,87.9970284868798,7,11,-49.91228390646168,0.9857904293889773,False
"(0.5, 0.618)",rr3.0,3,ce,fvg,4646,0.5214248451694525,-1375.3304702614723,0,10,0.7219096590685568,-684.2442040482437,0,11,-2059.574674309716,0.6139006693226051,False
"(0.5, 0.618)",rr3.0,5,edge,sweep,1654,1.0405331094658166,22.518163935277308,7,10,1.109048743934406,64.4566469212639,6,11,86.97481085654118,1.0758524894923205,False
"(0.5, 0.618)",rr3.0,5,edge,fvg,1654,0.7485068759351687,-197.6426589663645,1,10,0.8203176214163533,-144.0127185670363,2,11,-341.65537753340084,0.7847652928935328,False
"(0.5, 0.618)",rr3.0,5,ce,sweep,2581,0.939897275022179,-58.30772147626172,4,10,0.9857652056626752,-13.46301927873715,5,11,-71.77074075499885,0.9625397423374552,False
"(0.5, 0.618)",rr3.0,5,ce,fvg,2581,0.4752977616295197,-841.3960362946981,0,10,0.7198217187907908,-385.36558552808765,0,11,-1226.7616218227859,0.5881966306667954,False
"(0.5, 0.618)",rr3.0,8,edge,sweep,900,1.1214594472744708,35.45574246646082,7,10,1.1064835719056567,33.09859405229652,8,11,68.55433651875734,1.113736483172655,False
"(0.5, 0.618)",rr3.0,8,edge,fvg,900,0.6715422300827028,-146.2678242267341,2,10,0.7372458344791527,-117.0275574750442,1,11,-263.2953817017783,0.7043966522037768,False
"(0.5, 0.618)",rr3.0,8,ce,sweep,1346,0.8610128177692133,-68.72649407704878,3,10,1.0418627980425053,20.544548544005877,7,11,-48.18194553304289,0.9510962296454916,False
"(0.5, 0.618)",rr3.0,8,ce,fvg,1346,0.478628963293277,-422.6531779948656,0,10,0.6452007142377318,-269.92546699800516,0,11,-692.5786449928707,0.5592715524068398,False
"(0.5, 0.705)",nl2.0,2,edge,sweep,5433,0.8940393111971008,-153.2893508341388,2,10,1.1375405529881035,181.4437291105183,8,11,28.154378276379532,1.01017923397571,False
"(0.5, 0.705)",nl2.0,2,edge,fvg,5433,0.6756790965374702,-846.3227906814022,0,10,0.821600015338197,-456.5757820955431,2,11,-1302.8985727769452,0.7479303731023396,False
"(0.5, 0.705)",nl2.0,2,ce,sweep,9037,0.8345772073462521,-440.59162013215916,0,10,0.9965924574217839,-8.021983512141503,5,11,-448.6136036443007,0.910592207680673,False
"(0.5, 0.705)",nl2.0,2,ce,fvg,9037,0.4909256097731093,-3158.6327914571757,0,10,0.6461323056298618,-2007.38905355132,0,11,-5166.021845008495,0.5650533616112148,False
"(0.5, 0.705)",nl2.0,3,edge,sweep,3998,1.0633479756794826,62.88602400182483,7,10,1.2950404219797955,270.03381337606265,11,11,332.91983737788746,1.1744907543689176,False
"(0.5, 0.705)",nl2.0,3,edge,fvg,3998,0.7351452709089976,-517.3526024933136,0,10,0.8457322650731605,-293.1279870686199,2,11,-810.4805895619336,0.7896751172347893,False
"(0.5, 0.705)",nl2.0,3,ce,sweep,6368,0.9100924636018303,-160.91476410040855,3,10,1.1061503019516519,169.30526907535958,7,11,8.390504974951057,1.0024789226213693,False
"(0.5, 0.705)",nl2.0,3,ce,fvg,6368,0.5196953381347534,-2090.0913589670354,0,10,0.6760353393746248,-1297.8824245178384,0,11,-3387.973783484874,0.5946353352727436,False
"(0.5, 0.705)",nl2.0,5,edge,sweep,2396,1.2051210664846193,113.13847518539114,8,10,1.2499026495065495,147.81555407262158,8,11,260.9540292580128,1.2282938926167752,False
"(0.5, 0.705)",nl2.0,5,edge,fvg,2396,0.6749350630543096,-390.60898851849976,0,10,0.7720372784063548,-283.0178079256695,1,11,-673.6267964441693,0.724278591480202,False
"(0.5, 0.705)",nl2.0,5,ce,sweep,3610,1.0637678480951376,59.23290103613966,7,10,1.0977819956752863,88.69082046904782,8,11,147.92372150518747,1.0805724443326175,False
"(0.5, 0.705)",nl2.0,5,ce,fvg,3610,0.4761132775291213,-1308.903220781366,0,10,0.64116608865229,-836.0704265084307,0,11,-2144.9736472897966,0.5557600153884255,False
"(0.5, 0.705)",nl2.0,8,edge,sweep,1326,1.0909194258673687,30.537793735471908,6,10,1.2930693422595714,99.00284382500753,9,11,129.54063756047944,1.1922848706765572,False
"(0.5, 0.705)",nl2.0,8,edge,fvg,1326,0.5579057718645128,-309.2385235937801,1,10,0.6653487034367892,-241.73451029461026,1,11,-550.9730338883904,0.6124910344554473,False
"(0.5, 0.705)",nl2.0,8,ce,sweep,1882,1.0686119962555465,32.07965833520183,6,10,1.0964914040674738,46.002268065814626,7,11,78.08192640101646,1.0826874827534831,False
"(0.5, 0.705)",nl2.0,8,ce,fvg,1882,0.4325228310179096,-740.9554091926785,0,10,0.5340094694815103,-587.147280088997,1,11,-1328.1026892816756,0.4823622650278693,False
"(0.5, 0.705)",rr1.5,2,edge,sweep,5433,0.9606073836863636,-63.95359866490247,4,10,1.1673297605436324,263.23857857612916,10,11,199.28497991122663,1.0623415368300613,False
"(0.5, 0.705)",rr1.5,2,edge,fvg,5433,0.6375373375323322,-743.933279446023,0,10,0.7513118972808046,-500.5329786548457,0,11,-1244.4662581008686,0.6938683939405915,False
"(0.5, 0.705)",rr1.5,2,ce,sweep,9037,0.907609040493412,-267.7440003029333,1,10,1.0255281400971155,68.57166143007728,6,11,-199.172338872856,0.9643320254460841,False
"(0.5, 0.705)",rr1.5,2,ce,fvg,9037,0.3736910155683416,-2815.9431903107625,0,10,0.46154774952235816,-2186.0053264619523,0,11,-5001.948516772714,0.4153793019524092,False
"(0.5, 0.705)",rr1.5,3,edge,sweep,3998,1.0978754757717883,109.92283673531256,9,10,1.2955267911287132,320.0761609614919,11,11,429.99899769680445,1.1949084772236036,False
"(0.5, 0.705)",rr1.5,3,edge,fvg,3998,0.6538989015388154,-519.2479210252185,0,10,0.7655434672897306,-341.39303720443297,0,11,-860.6409582296515,0.7088870849616724,False
"(0.5, 0.705)",rr1.5,3,ce,sweep,6368,0.9381233971704004,-124.00745352980799,3,10,1.1186655007815942,214.26524134772146,10,11,90.2577878179134,1.0236913704860822,False
"(0.5, 0.705)",rr1.5,3,ce,fvg,6368,0.36628294732357874,-2030.0630785733151,0,10,0.4849048829680009,-1444.229467704336,0,11,-3474.292546277651,0.4216484555222845,False
"(0.5, 0.705)",rr1.5,5,edge,sweep,2396,1.1422667970782006,91.98010810598458,8,10,1.3184295929049912,204.27119177794512,11,11,296.25129988392973,1.2300037500490109,False
"(0.5, 0.705)",rr1.5,5,edge,fvg,2396,0.6346104223344677,-330.8867445490908,0,10,0.7845900205294275,-186.9680760624359,1,11,-517.8548206115266,0.7080100296058188,False
"(0.5, 0.705)",rr1.5,5,ce,sweep,3610,0.9770576993553906,-25.02838577476252,4,10,1.1022089876197467,105.5719671771415,9,11,80.54358140237899,1.0379237344667327,False
"(0.5, 0.705)",rr1.5,5,ce,fvg,3610,0.3456823864582205,-1205.0615858217918,0,10,0.4977756542771441,-798.2789502407675,0,11,-2003.3405360625593,0.41613897535971495,False
"(0.5, 0.705)",rr1.5,8,edge,sweep,1326,1.1973807917277024,68.54445610600266,9,10,1.2885246431659143,102.83312014889881,10,11,171.3775762549015,1.2435446467890712,False
"(0.5, 0.705)",rr1.5,8,edge,fvg,1326,0.6390245826276469,-179.5836461488351,1,10,0.7415399421926859,-128.1710640057443,1,11,-307.75471015457947,0.6902000812455052,False
"(0.5, 0.705)",rr1.5,8,ce,sweep,1882,0.9503117865010035,-28.13355049937077,4,10,1.0686197883952688,37.228160376566734,7,11,9.094609877195964,1.0082027292095568,False
"(0.5, 0.705)",rr1.5,8,ce,fvg,1882,0.3590308370146631,-604.0149259064134,0,10,0.4383103353540874,-492.39931719052714,0,11,-1096.4142430969405,0.3972386873558001,False
"(0.5, 0.705)",rr2.0,2,edge,sweep,5433,0.9864154613968045,-24.412237018018107,4,10,1.1362175781267503,245.11308778018568,10,11,220.70085076216753,1.0613657295700276,False
"(0.5, 0.705)",rr2.0,2,edge,fvg,5433,0.6836824424128147,-732.1598534184347,0,10,0.7996223889775789,-455.2916577403856,0,11,-1187.4515111588203,0.7411156971084092,False
"(0.5, 0.705)",rr2.0,2,ce,sweep,9037,0.8936083233675083,-347.0544307937965,2,10,1.006156803813239,18.800014919861496,4,11,-328.25441587393505,0.9480246584871782,False
"(0.5, 0.705)",rr2.0,2,ce,fvg,9037,0.46277851060107517,-2632.847023995406,0,10,0.5758761001912325,-1862.3012202393406,0,11,-4495.148244234746,0.516223974855212,False
"(0.5, 0.705)",rr2.0,3,edge,sweep,3998,1.1108933622582635,138.86748686970606,10,10,1.2351480656962226,294.9009012378898,11,11,433.76838810759585,1.1730664670976312,False
"(0.5, 0.705)",rr2.0,3,edge,fvg,3998,0.7166696029799582,-476.6821873053222,0,10,0.8130011361914431,-307.6517162899588,0,11,-784.3339035952808,0.7642966462338433,False
"(0.5, 0.705)",rr2.0,3,ce,sweep,6368,0.9384184695558485,-137.7328213104335,4,10,1.0854308958255074,176.46837970341912,7,11,38.735558392985524,1.0090036206064816,False
"(0.5, 0.705)",rr2.0,3,ce,fvg,6368,0.46386543168358485,-1850.9971770647394,0,10,0.5975708955638701,-1224.24976172798,0,11,-3075.24693879272,0.5264943577401073,False
"(0.5, 0.705)",rr2.0,5,edge,sweep,2396,1.1926908467470922,136.33850941363966,9,10,1.2527413536858076,187.1653112920768,10,11,323.5038207057165,1.2234001348136778,False
"(0.5, 0.705)",rr2.0,5,edge,fvg,2396,0.6878390422538581,-317.4163498122466,0,10,0.820430355956786,-177.22675514796762,0,11,-494.64310496021426,0.7531460230705352,False
"(0.5, 0.705)",rr2.0,5,ce,sweep,3610,1.0137477476423054,16.447829903897972,5,10,1.082649465108535,96.45680765948919,7,11,112.90463756338717,1.0477708937552945,False
"(0.5, 0.705)",rr2.0,5,ce,fvg,3610,0.4293177674737884,-1134.9956843132204,0,10,0.6032824473128199,-685.2992442644261,0,11,-1820.2949285776463,0.5101814296855297,False
"(0.5, 0.705)",rr2.0,8,edge,sweep,1326,1.2227624982920557,85.49249550322132,8,10,1.3065719878823632,121.77322075372828,10,11,207.26571625694962,1.265387628731532,False
"(0.5, 0.705)",rr2.0,8,edge,fvg,1326,0.6654700486136719,-190.0836461488322,1,10,0.7832351062475337,-121.17106400574922,3,11,-311.2547101545814,0.7238712873694579,False
"(0.5, 0.705)",rr2.0,8,ce,sweep,1882,1.0009631164927262,0.586725191157301,4,10,1.0734715885777704,44.599843865321915,7,11,45.186569056479215,1.0371529904162555,False
"(0.5, 0.705)",rr2.0,8,ce,fvg,1882,0.43487219854223297,-580.2223294825956,0,10,0.5282391386819387,-447.9196112141762,0,11,-1028.1419406967718,0.4797308577412849,False
"(0.5, 0.705)",rr3.0,2,edge,sweep,5433,0.9478300038174591,-106.05956887967766,3,10,1.1565414770261884,316.3200805218987,9,11,210.26051164222105,1.0518695564071339,False
"(0.5, 0.705)",rr3.0,2,edge,fvg,5433,0.7139170763504563,-761.2310377645638,0,10,0.8403260387936572,-417.6924761789719,1,11,-1178.9235139435357,0.7765829504699001,False
"(0.5, 0.705)",rr3.0,2,ce,sweep,9037,0.9342306970732722,-237.75048461542968,3,10,1.019979683102767,68.63922449517014,7,11,-169.1112601202595,0.9760138351548909,False
"(0.5, 0.705)",rr3.0,2,ce,fvg,9037,0.5505470691725919,-2477.012808500575,0,10,0.6805517320316901,-1578.925255562771,0,11,-4055.9380640633462,0.6120143879221647,False
"(0.5, 0.705)",rr3.0,3,edge,sweep,3998,1.081539352831307,115.77906927522525,8,10,1.2497368919543284,351.0571072014498,11,11,466.83617647667506,1.1652152326865504,False
"(0.5, 0.705)",rr3.0,3,edge,fvg,3998,0.7521123966843785,-482.03731625607065,0,10,0.8660011084359925,-252.03486099378398,1,11,-734.0721772498547,0.8081084259484504,False
"(0.5, 0.705)",rr3.0,3,ce,sweep,6368,0.9745139849684272,-63.084951033820076,4,10,1.1159893760103508,268.0143339116462,8,11,204.92938287782607,1.042818891785227,False
"(0.5, 0.705)",rr3.0,3,ce,fvg,6368,0.5380771763561957,-1803.3576810418558,0,10,0.7074809982084705,-1000.873797051411,0,11,-2804.2314780932666,0.6172007145069073,False
"(0.5, 0.705)",rr3.0,5,edge,sweep,2396,1.2003427540870546,157.76918206818314,9,10,1.222782075353672,186.13861523534882,8,11,343.907797303532,1.2118943870101266,False
"(0.5, 0.705)",rr3.0,5,edge,fvg,2396,0.7463304878139734,-293.7714787629951,0,10,0.8263658421214944,-199.59495589164345,2,11,-493.3664346546386,0.7861994930247584,False
"(0.5, 0.705)",rr3.0,5,ce,sweep,3610,1.042274560308408,55.709332314921944,6,10,1.0489675875318616,64.60000272162453,6,11,120.30933503654649,1.0456229039068077,False
"(0.5, 0.705)",rr3.0,5,ce,fvg,3610,0.487088421304,-1151.2188101073752,0,10,0.6953617634831193,-595.9798732878031,0,11,-1747.1986833951783,0.5840825987146617,False
"(0.5, 0.705)",rr3.0,8,edge,sweep,1326,1.171033285554036,73.60878823079592,6,10,1.365889779227664,159.09947203538547,10,11,232.7082602661814,1.2689628569211822,False
"(0.5, 0.705)",rr3.0,8,edge,fvg,1326,0.6817821535627525,-208.49165377514285,2,10,0.7900761071697425,-135.83037414696923,2,11,-344.32202792211206,0.7355906890347337,False
"(0.5, 0.705)",rr3.0,8,ce,sweep,1882,0.9795780342825988,-13.786096290502286,3,10,1.12850130278009,85.24000023536598,9,11,71.4539039448637,1.053387485831995,False
"(0.5, 0.705)",rr3.0,8,ce,fvg,1882,0.4818106210362623,-601.4454552767504,0,10,0.6226291446520132,-400.314458247032,0,11,-1001.7599135237824,0.5490545481215934,False
"(0.62, 0.79)",nl2.0,2,edge,sweep,2739,1.1643276958081386,123.30244615949249,7,10,1.2591361664159968,192.92229253618115,10,11,316.22473869567364,1.2115460161190703,False
"(0.62, 0.79)",nl2.0,2,edge,fvg,2739,0.8053040131022868,-255.98784847497137,1,10,0.9642361423236326,-47.60001368894213,3,11,-303.5878621639135,0.8852549955314193,False
"(0.62, 0.79)",nl2.0,2,ce,sweep,4041,1.014534637563291,18.848021075328518,4,10,1.1161453946365187,134.27094652636083,7,11,153.11896760168938,1.0624255582141282,False
"(0.62, 0.79)",nl2.0,2,ce,fvg,4041,0.59390381961727,-1178.9003236810413,0,10,0.6532437875215855,-929.2892053309072,0,11,-2108.1895290119483,0.6223883876755375,False
"(0.62, 0.79)",nl2.0,3,edge,sweep,2006,1.5359508512332298,261.3265814268268,9,10,1.6039409252962242,302.92672247100245,11,11,564.2533038978293,1.5704266499790116,True
"(0.62, 0.79)",nl2.0,3,edge,fvg,2006,0.8192714781268683,-181.48184984788162,2,10,0.9618764679846524,-38.588164168815304,7,11,-220.07001401669692,0.8908575505075063,False
"(0.62, 0.79)",nl2.0,3,ce,sweep,2927,1.2757539897480321,234.9537285200906,7,10,1.3838049232364513,307.18937088309053,10,11,542.1430994031812,1.3280903747728463,False
"(0.62, 0.79)",nl2.0,3,ce,fvg,2927,0.6331920325884003,-768.2133089860054,0,10,0.6775690459942585,-648.2229074009109,0,11,-1416.4362163869164,0.6549270320348334,False
"(0.62, 0.79)",nl2.0,5,edge,sweep,1267,1.8055012834129638,245.50694232635416,10,10,1.644182744794341,224.65825901918868,10,11,470.1652013455428,1.7194163050092848,True
"(0.62, 0.79)",nl2.0,5,edge,fvg,1267,0.865561912146981,-89.81274396553837,3,10,0.8687673285886083,-91.84871381785874,4,11,-181.66145778339708,0.8672019149391536,False
"(0.62, 0.79)",nl2.0,5,ce,sweep,1746,1.444887471490333,215.9519197657361,9,10,1.5559258909366915,275.55928696287646,11,11,491.51120672861254,1.500987762777434,True
"(0.62, 0.79)",nl2.0,5,ce,fvg,1746,0.5812674616148653,-532.9020862395853,1,10,0.7107928038841681,-370.90458209719884,1,11,-903.8066683367842,0.6462793429512953,False
"(0.62, 0.79)",nl2.0,8,edge,sweep,718,1.498494129075495,96.63557843782007,8,10,1.6145266845430764,129.51707976950559,10,11,226.15265820732566,1.5589342275900273,True
"(0.62, 0.79)",nl2.0,8,edge,fvg,718,0.7531924052686297,-95.63073012740122,3,10,0.694675584225094,-132.74995714329836,1,11,-228.38068727069964,0.7222504649066189,False
"(0.62, 0.79)",nl2.0,8,ce,sweep,946,1.4153689030822698,112.9231898629958,8,10,1.5563106035787582,150.76020907413533,10,11,263.68339893713113,1.4857278095629352,True
"(0.62, 0.79)",nl2.0,8,ce,fvg,946,0.4668500286115894,-378.7392056294523,0,10,0.5840752782850751,-292.30245878585197,1,11,-671.0416644153042,0.5251473117140918,False
"(0.62, 0.79)",rr1.5,2,edge,sweep,2739,1.2201568864233443,164.7703467952557,7,10,1.4070942408007259,300.7349153460109,11,11,465.5052621412666,1.313016728186841,False
"(0.62, 0.79)",rr1.5,2,edge,fvg,2739,0.6453770234962302,-363.5136679157946,0,10,0.7443823055436335,-261.17841500814825,0,11,-624.692082923943,0.6947994480084921,False
"(0.62, 0.79)",rr1.5,2,ce,sweep,4041,1.1008168675782963,121.82805268128628,7,10,1.3158057455952337,340.8742283136131,10,11,462.70228099489935,1.2022486816875209,False
"(0.62, 0.79)",rr1.5,2,ce,fvg,4041,0.32606413708587445,-1418.8622193490087,0,10,0.38899397332515573,-1183.2213967368036,0,11,-2602.0836160858125,0.35621479981658505,False
"(0.62, 0.79)",rr1.5,3,edge,sweep,2006,1.5916673933425862,276.82809664804427,10,10,1.80407646168901,377.87294995644817,11,11,654.7010466044924,1.698106191994754,True
"(0.62, 0.79)",rr1.5,3,edge,fvg,2006,0.6677518249635873,-242.91545884787735,0,10,0.7889681438908847,-154.5690972796392,2,11,-397.4845561275165,0.7284145577280259,False
"(0.62, 0.79)",rr1.5,3,ce,sweep,2927,1.2500785795492804,202.2436308630374,10,10,1.6367332868961542,446.046474437585,11,11,648.2901053006224,1.4295463719769164,False
"(0.62, 0.79)",rr1.5,3,ce,fvg,2927,0.31305956889339404,-1045.11525834219,0,10,0.3992301729345335,-854.7639777176519,0,11,-1899.8792360598418,0.35470159313584637,False
"(0.62, 0.79)",rr1.5,5,edge,sweep,1267,1.7895732026984774,216.35042739257983,10,10,1.9339104750708251,263.1216300749195,10,11,479.4720574674993,1.8627459617589908,True
"(0.62, 0.79)",rr1.5,5,edge,fvg,1267,0.6636767473915725,-158.30096472692878,0,10,0.7686343207676183,-107.01853794690392,2,11,-265.31950267383274,0.7156983841219721,False
"(0.62, 0.79)",rr1.5,5,ce,sweep,1746,1.3276761001457553,148.20128203393483,9,10,1.6897185457078985,288.8498196517281,11,11,437.05110168566296,1.5017384555551245,True
"(0.62, 0.79)",rr1.5,5,ce,fvg,1746,0.29698266941470597,-639.519188982892,0,10,0.39622957423329175,-522.9307003939092,0,11,-1162.4498893768011,0.3453886025367621,False
"(0.62, 0.79)",rr1.5,8,edge,sweep,718,1.6683553053401179,104.7550948872888,9,10,1.885523899917338,145.22645294097867,10,11,249.98154782826745,1.7793991347783966,True
"(0.62, 0.79)",rr1.5,8,edge,fvg,718,0.5839942054790008,-114.74193340022838,1,10,0.7310672406891459,-74.16821384778777,4,11,-188.91014724801613,0.6575266024880688,False
"(0.62, 0.79)",rr1.5,8,ce,sweep,946,1.3435367028715002,83.84809756778193,9,10,1.6907784747840644,153.5997088656345,9,11,237.44780643341642,1.5090742571134426,True
"(0.62, 0.79)",rr1.5,8,ce,fvg,946,0.289760380904069,-362.87852035952517,0,10,0.4262233691398246,-259.8706867622088,0,11,-622.749207121734,0.3538851554316147,False
"(0.62, 0.79)",rr2.0,2,edge,sweep,2739,1.1955945695357006,170.19866426711815,7,10,1.3740927927709519,323.45597075272656,11,11,493.65463501984465,1.2845597250078697,False
"(0.62, 0.79)",rr2.0,2,edge,fvg,2739,0.7379220938234163,-297.01366791579204,0,10,0.8101394834237502,-218.17841500815183,0,11,-515.1920829239439,0.7742815074827438,False
"(0.62, 0.79)",rr2.0,2,ce,sweep,4041,1.0900503007643263,126.00823561785323,7,10,1.2280492852533436,294.83009302936154,10,11,420.8383286472148,1.1563208593661427,False
"(0.62, 0.79)",rr2.0,2,ce,fvg,4041,0.43897006420146195,-1265.3622193490087,0,10,0.5068079048969663,-1019.5716889334394,0,11,-2284.933908282448,0.47141274412172335,False
"(0.62, 0.79)",rr2.0,3,edge,sweep,2006,1.5972836802291288,323.38423859161304,10,10,1.741813619872433,416.9687167172401,11,11,740.3529553088531,1.6709021642549353,True
"(0.62, 0.79)",rr2.0,3,edge,fvg,2006,0.7676368017666421,-187.9154588478754,0,10,0.8388641880439711,-134.5690972796386,2,11,-322.484556127514,0.8038227527459719,False
"(0.62, 0.79)",rr2.0,3,ce,sweep,2927,1.2448387585787188,229.29801528830188,8,10,1.5235994365581704,446.9382203681049,11,11,676.2362356564067,1.3777614070043953,False
"(0.62, 0.79)",rr2.0,3,ce,fvg,2927,0.42863020942585095,-924.1152583421872,0,10,0.4988013077882504,-767.2639777176496,0,11,-1691.3792360598368,0.4627516419881075,False
"(0.62, 0.79)",rr2.0,5,edge,sweep,1267,1.8272601173901597,258.9725372071032,10,10,1.8499620261709073,288.8425063234263,10,11,547.8150435305295,1.8390766935897984,True
"(0.62, 0.79)",rr2.0,5,edge,fvg,1267,0.7312975096698228,-141.30096472692742,0,10,0.7790829171968456,-118.51853794690558,2,11,-259.81950267383303,0.7554290681585193,False
"(0.62, 0.79)",rr2.0,5,ce,sweep,1746,1.3716620122247705,189.3360068888571,10,10,1.6640225033493579,328.8363468186828,11,11,518.17235370754,1.5157743679160636,True
"(0.62, 0.79)",rr2.0,5,ce,fvg,1746,0.4104877056612298,-567.5191889828925,0,10,0.49124973772847413,-475.43070039391046,0,11,-1042.9498893768027,0.45026880270964464,False
"(0.62, 0.79)",rr2.0,8,edge,sweep,718,1.6756559954177408,121.80647342667609,9,10,1.8402356189531321,161.7538288163406,11,11,283.5603022430166,1.760645746324291,True
"(0.62, 0.79)",rr2.0,8,edge,fvg,718,0.6441763449212176,-108.74193340022654,1,10,0.813380379089368,-57.168213847788735,2,11,-165.91014724801525,0.728879181129715,False
"(0.62, 0.79)",rr2.0,8,ce,sweep,946,1.379073274020277,103.60220773753727,9,10,1.6155512656322317,163.925942724761,10,11,267.5281504622983,1.4957792337805682,True
"(0.62, 0.79)",rr2.0,8,ce,fvg,946,0.39087806404994324,-328.87852035952386,0,10,0.5191858821477965,-236.37068676220645,0,11,-565.2492071217303,0.4520269771733406,False
"(0.62, 0.79)",rr3.0,2,edge,sweep,2739,1.1681022548631756,170.1330269931305,6,10,1.3478975657495342,352.7935907082973,11,11,522.9266177014277,1.2580883193748245,False
"(0.62, 0.79)",rr3.0,2,edge,fvg,2739,0.7785756962713121,-291.29641811920953,0,10,0.9115881722364456,-115.13601942875972,3,11,-406.43243754796924,0.844744347088027,False
"(0.62, 0.79)",rr3.0,2,ce,sweep,4041,1.0924379162217854,149.63232429980923,8,10,1.1852393952465086,282.5157815414542,9,11,432.1481058412634,1.137457285413008,False
"(0.62, 0.79)",rr3.0,2,ce,fvg,4041,0.5444757053966335,-1148.5853451431635,0,10,0.641773767264912,-817.9576076293607,0,11,-1966.5429527725241,0.5907139277496144,False
"(0.62, 0.79)",rr3.0,3,edge,sweep,2006,1.5379839674711278,349.38907597838835,10,10,1.6104609458989805,419.5793422241036,11,11,768.968418202492,1.5752491978064311,True
"(0.62, 0.79)",rr3.0,3,edge,fvg,2006,0.8557353109321395,-133.9154588478754,1,10,0.9547153610992456,-42.71813027167507,4,11,-176.6335891195505,0.9056236375609762,False
"(0.62, 0.79)",rr3.0,3,ce,sweep,2927,1.2679023290229292,290.625255509452,9,10,1.386258995138326,402.1712928296829,10,11,692.7965483391349,1.3258664279625416,False
"(0.62, 0.79)",rr3.0,3,ce,fvg,2927,0.5388546240069272,-828.338384136342,0,10,0.6139278317650343,-654.6498964135708,0,11,-1482.9882805499128,0.575309869813938,False
"(0.62, 0.79)",rr3.0,5,edge,sweep,1267,1.7529193521709538,280.19341701583954,10,10,1.664756954305684,278.4514920786613,10,11,558.6449090945009,1.7062337790857987,True
"(0.62, 0.79)",rr3.0,5,edge,fvg,1267,0.8474405561315864,-90.30096472692739,4,10,0.8771768063111557,-74.66757093894205,4,11,-164.96853566586944,0.8625072047927194,False
"(0.62, 0.79)",rr3.0,5,ce,sweep,1746,1.437943498043935,253.06597213463985,10,10,1.4488828393648923,276.89358720485757,10,11,529.9595593394974,1.4435917201853772,True
"(0.62, 0.79)",rr3.0,5,ce,fvg,1746,0.529497157990303,-496.74231477704734,0,10,0.6094636992345316,-403.53083709931025,0,11,-900.2731518763576,0.5690498768745175,False
"(0.62, 0.79)",rr3.0,8,edge,sweep,718,1.5443923677027565,115.13936649362594,7,10,1.7852892287005873,178.99253829476095,11,11,294.1319047883869,1.669344612924082,True
"(0.62, 0.79)",rr3.0,8,edge,fvg,718,0.7889547742716079,-70.74193340022653,2,10,0.9187369905533626,-28.168213847788728,4,11,-98.91014724801525,0.8549339129844572,False
"(0.62, 0.79)",rr3.0,8,ce,sweep,946,1.4645883201272427,141.99348720425505,9,10,1.5363556808508898,167.9625165214025,11,11,309.9560037256576,1.5009082133584044,True
"(0.62, 0.79)",rr3.0,8,ce,fvg,946,0.5034757330211256,-292.1016461536788,0,10,0.6270865926419418,-204.47082346760635,1,11,-496.57246962128517,0.563106805018344,False
"(0.705, 0.79)",nl2.0,2,edge,sweep,1094,1.3853792456633502,112.79001608970988,7,10,1.2469511996855887,81.7086519154213,8,11,194.49866800513115,1.311925322711682,False
"(0.705, 0.79)",nl2.0,2,edge,fvg,1094,0.9062320984589588,-45.91336960836123,1,10,0.9331713605701522,-37.371253778547555,4,11,-83.28462338690876,0.9205950444000925,False
"(0.705, 0.79)",nl2.0,2,ce,sweep,1582,1.090022822384929,46.76571152375636,6,10,1.1977603163207529,95.13706701614119,7,11,141.90277853989755,1.1418233756782648,False
"(0.705, 0.79)",nl2.0,2,ce,fvg,1582,0.6233033540894433,-431.2131076416372,0,10,0.5533763493464897,-497.9013369741873,0,11,-929.1144446158245,0.5888026813617724,False
"(0.705, 0.79)",nl2.0,3,edge,sweep,794,1.8359667542395308,154.91649731079897,9,10,1.6413416147366193,144.63282784680604,9,11,299.54932515760504,1.7291316456367969,True
"(0.705, 0.79)",nl2.0,3,edge,fvg,794,0.8999330887312466,-36.38132937564655,3,10,0.9228857377408197,-34.328363139360434,3,11,-70.70969251500696,0.9125672494059486,False
"(0.705, 0.79)",nl2.0,3,ce,sweep,1173,1.533186608680508,179.92630759106584,9,10,1.5597996795590054,185.55570836063038,11,11,365.4820159516962,1.5463740555045455,True
"(0.705, 0.79)",nl2.0,3,ce,fvg,1173,0.6357857386195752,-312.3305000408411,0,10,0.7320351148699904,-225.5603305004202,1,11,-537.8908305412614,0.6834631716670471,False
"(0.705, 0.79)",nl2.0,5,edge,sweep,530,2.1944760288026948,151.43623316557833,10,10,1.8345523273641968,127.3659016585126,10,11,278.80213482409096,1.9978733702166274,True
"(0.705, 0.79)",nl2.0,5,edge,fvg,530,1.0585364461891644,15.859611609576827,6,10,1.0259375568165716,7.767085012709142,6,11,23.626696622285976,1.0414220834711212,False
"(0.705, 0.79)",nl2.0,5,ce,sweep,722,1.528318053323365,114.05227227993286,9,10,1.9547074793023498,199.57075746019535,11,11,313.62302974012823,1.7380812100890628,True
"(0.705, 0.79)",nl2.0,5,ce,fvg,722,0.5626475212323802,-233.10087721758873,1,10,0.7905667346710182,-115.90278077120212,3,11,-349.0036579887908,0.6787501560625779,False
"(0.705, 0.79)",nl2.0,8,edge,sweep,300,1.9924910157864428,72.71742720170073,9,10,1.4988254512212738,50.40161996188511,7,11,123.11904716358585,1.7063296888827137,False
"(0.705, 0.79)",nl2.0,8,edge,fvg,300,0.9615696982880134,-5.714519594272151,5,10,0.659063701941809,-65.33592911502181,3,11,-71.05044870929396,0.7912338128306465,False
"(0.705, 0.79)",nl2.0,8,ce,sweep,409,1.583334011945284,72.15278742645725,8,10,1.8561052417011255,109.47671340896079,9,11,181.62950083541807,1.7219897311351864,True
"(0.705, 0.79)",nl2.0,8,ce,fvg,409,0.5015132543230076,-149.1934460875891,1,10,0.7926840891530319,-66.08439444728012,4,11,-215.27784053486923,0.6516847033502511,False
"(0.705, 0.79)",rr1.5,2,edge,sweep,1094,1.4220119487223437,111.08274724222518,8,10,1.4281474046203066,132.3236107848761,9,11,243.4063580271013,1.425325397524847,True
"(0.705, 0.79)",rr1.5,2,edge,fvg,1094,0.6468954270027988,-136.34162821743146,0,10,0.7376420304060278,-113.06129083364186,0,11,-249.40291905107335,0.6947576926110424,False
"(0.705, 0.79)",rr1.5,2,ce,sweep,1582,1.1572287876983176,71.65742019650351,9,10,1.4154173201140818,173.3815829184411,10,11,245.0390031149446,1.2806476333328884,False
"(0.705, 0.79)",rr1.5,2,ce,fvg,1582,0.27704694538522895,-621.326913553733,0,10,0.35254397372563495,-522.9933326391515,0,11,-1144.3202461928845,0.31362571993026545,False
"(0.705, 0.79)",rr1.5,3,edge,sweep,794,2.0145350587118154,152.34832687955526,10,10,2.0158328384663142,190.5104816156234,10,11,342.85880849517866,2.0152557641085047,True
"(0.705, 0.79)",rr1.5,3,edge,fvg,794,0.7332559589752353,-68.29260210378851,2,10,0.7454286679449951,-81.403457247087,2,11,-149.69605935087552,0.7400161140208548,False
"(0.705, 0.79)",rr1.5,3,ce,sweep,1173,1.474342557812647,138.7866450736135,10,10,1.9219794475105594,241.6105101246814,11,11,380.39715519829485,1.685840621483555,True
"(0.705, 0.79)",rr1.5,3,ce,fvg,1173,0.2560326106269931,-477.0299865119497,0,10,0.3659600192624099,-382.2754244345458,0,11,-859.3054109464956,0.30930526360878374,False
"(0.705, 0.79)",rr1.5,5,edge,sweep,530,2.5287367048067777,137.351322115901,10,10,2.344919065416033,144.73445048577304,10,11,282.0857726016741,2.4285570874143114,True
"(0.705, 0.79)",rr1.5,5,edge,fvg,530,0.7648580971127396,-41.91508607513944,1,10,0.7886700029199046,-41.651325822408126,5,11,-83.56641189754757,0.7773615579502628,False
"(0.705, 0.79)",rr1.5,5,ce,sweep,722,1.4228485953444294,75.32266256219818,9,10,2.255871932015959,187.30849362556557,11,11,262.63115618776374,1.8024719127289117,True
"(0.705, 0.79)",rr1.5,5,ce,fvg,722,0.2756929653192692,-275.8163649203601,0,10,0.34887049893312494,-249.17106871693989,0,11,-524.9874336373,0.3123715796596441,False
"(0.705, 0.79)",rr1.5,8,edge,sweep,300,2.2794130508511836,65.91598455687858,9,10,2.1727218664483487,76.5077380803969,9,11,142.4237226372755,2.219799499667614,True
"(0.705, 0.79)",rr1.5,8,edge,fvg,300,0.6107475714371925,-42.329901876854294,1,10,0.7539260198708764,-29.413955206826735,5,11,-71.74385708368104,0.6857194186021104,False
"(0.705, 0.79)",rr1.5,8,ce,sweep,409,1.4841592781993367,46.91062928918189,8,10,2.2379770138343305,105.55414057094224,10,11,152.46476986012414,1.8370088457158529,True
"(0.705, 0.79)",rr1.5,8,ce,fvg,409,0.25733820557792425,-164.08973438039322,0,10,0.41763332373173107,-121.7811291634643,0,11,-285.8708635438575,0.3352803579851589,False
"(0.705, 0.79)",rr2.0,2,edge,sweep,1094,1.3508503431754642,112.08189325341398,8,10,1.3952651113465344,144.67010201294372,9,11,256.7519952663577,1.3745658293906535,True
"(0.705, 0.79)",rr2.0,2,edge,fvg,1094,0.768468648864261,-97.34162821742936,0,10,0.838219213891923,-77.06129083363928,3,11,-174.40291905106866,0.8055181522180782,False
"(0.705, 0.79)",rr2.0,2,ce,sweep,1582,1.1898857019244866,100.311976126974,7,10,1.3980665338914353,196.31945263490016,11,11,296.63142876187413,1.2904000039987482,False
"(0.705, 0.79)",rr2.0,2,ce,fvg,1582,0.39199898601784344,-551.3269135537319,0,10,0.4673626730692488,-455.9933326391552,0,11,-1007.3202461928872,0.4285975121216337,False
"(0.705, 0.79)",rr2.0,3,edge,sweep,794,2.1535910749126193,198.33242872069286,10,10,1.9876703839520593,222.6900704391676,10,11,421.0224991598605,2.059452911160536,True
"(0.705, 0.79)",rr2.0,3,edge,fvg,794,0.879025173649806,-33.79260210378756,3,10,0.8010619124296235,-71.90345724708399,2,11,-105.69605935087154,0.8350489241536188,False
"(0.705, 0.79)",rr2.0,3,ce,sweep,1173,1.5651177946381674,189.97691297216136,9,10,1.8910108313141336,282.1593173411417,11,11,472.1362303133031,1.7231974831125945,True
"(0.705, 0.79)",rr2.0,3,ce,fvg,1173,0.3557272199825062,-437.029986511947,0,10,0.47967999103412123,-333.2754244345405,0,11,-770.3054109464875,0.41592678398849026,False
"(0.705, 0.79)",rr2.0,5,edge,sweep,530,2.5033994419332983,162.3401348943193,10,10,2.2294369104088756,163.2635100764972,11,11,325.6036449708165,2.3523015703022727,True
"(0.705, 0.79)",rr2.0,5,edge,fvg,530,0.8553526321447416,-28.915086075139985,3,10,0.8090233680965104,-43.65132582240571,6,11,-72.56641189754569,0.8306380810249924,False
"(0.705, 0.79)",rr2.0,5,ce,sweep,722,1.579520712167851,114.99961967387357,9,10,2.2531512702262404,225.0286647400104,11,11,340.02828441388397,1.8995233079823897,True
"(0.705, 0.79)",rr2.0,5,ce,fvg,722,0.3805646456335414,-249.81636492036176,0,10,0.4638514105121756,-218.17106871693437,1,11,-467.9874336372961,0.42239438864378326,False
"(0.705, 0.79)",rr2.0,8,edge,sweep,300,2.3468796481769236,81.32781161137126,10,10,1.9177922593814982,75.00356181882029,9,11,156.3313734301915,2.100118597377103,True
"(0.705, 0.79)",rr2.0,8,edge,fvg,300,0.7093774444208809,-34.32990187685422,2,10,0.903583527563174,-12.413955206823491,6,11,-46.7438570836777,0.810660750799694,False
"(0.705, 0.79)",rr2.0,8,ce,sweep,409,1.5462325303552276,60.51462351334552,8,10,2.1238688928051825,118.52254827863555,9,11,179.03717179198108,1.8279371956514296,True
"(0.705, 0.79)",rr2.0,8,ce,fvg,409,0.37457297294821745,-142.08973438039195,0,10,0.5764720125161491,-92.78112916346015,1,11,-234.8708635438521,0.47368539114371233,False
"(0.705, 0.79)",rr3.0,2,edge,sweep,1094,1.4435216592875324,164.7288544121181,8,10,1.2509778618577958,111.97766841069766,8,11,276.7065228228157,1.3384472179145923,False
"(0.705, 0.79)",rr3.0,2,edge,fvg,1094,0.8309929875849089,-82.34162821742937,1,10,0.9428435303514924,-31.061290833639276,4,11,-113.40291905106865,0.8899696737880582,False
"(0.705, 0.79)",rr3.0,2,ce,sweep,1582,1.1659881480538479,104.36935228968682,7,10,1.2854645925380228,172.23105192205207,9,11,276.6004042117389,1.2244929278790557,False
"(0.705, 0.79)",rr3.0,2,ce,fvg,1582,0.49482156718639403,-507.32691355373197,0,10,0.601583606073635,-373.99333263915514,0,11,-881.3202461928871,0.5464015649650932,False
"(0.705, 0.79)",rr3.0,3,edge,sweep,794,2.182797644203242,250.0710050178513,9,10,1.6689367694525077,195.99479848997476,8,11,446.06580350782605,1.8843180794476415,False
"(0.705, 0.79)",rr3.0,3,edge,fvg,794,0.9882655925616691,-3.792602103787562,6,10,0.9456394175691563,-21.903457247084,4,11,-25.69605935087155,0.9646124415192034,False
"(0.705, 0.79)",rr3.0,3,ce,sweep,1173,1.5780328948263282,232.49987556768542,9,10,1.6109327645907405,250.97577609305824,9,11,483.47565166074367,1.5946564572748,True
"(0.705, 0.79)",rr3.0,3,ce,fvg,1173,0.4691885552847278,-391.029986511947,0,10,0.6114322194810605,-274.2754244345405,0,11,-665.3054109464875,0.5387917330443159,False
"(0.705, 0.79)",rr3.0,5,edge,sweep,530,2.186554915769795,166.60518844992794,10,10,1.8322421456782916,144.54054770850337,11,11,311.1457361584313,1.9906357439009772,True
"(0.705, 0.79)",rr3.0,5,edge,fvg,530,1.0225585448574064,5.084913924860006,7,10,0.9051605979428508,-24.65132582240571,7,11,-19.566411897545695,0.95968487119798,False
"(0.705, 0.79)",rr3.0,5,ce,sweep,722,1.6368588947790057,148.09687186791703,10,10,1.8732644287110318,209.40171293201325,10,11,357.4985847999303,1.756875789237741,True
"(0.705, 0.79)",rr3.0,5,ce,fvg,722,0.4943773597278889,-220.81636492036176,0,10,0.6253206273736127,-165.17106871693437,2,11,-385.9874336372961,0.5601557342817025,False
"(0.705, 0.79)",rr3.0,8,edge,sweep,300,2.081151781025773,80.30281300859411,8,10,1.6118015384550837,63.22325569960806,6,11,143.5260687082022,1.808075260913995,False
"(0.705, 0.79)",rr3.0,8,edge,fvg,300,0.9422325673070158,-7.3299018768542155,6,10,1.0315011201511481,4.58604479317651,7,11,-2.7438570836777085,0.9899296892563423,False
"(0.705, 0.79)",rr3.0,8,ce,sweep,409,1.7281923259871736,90.84156079033451,9,10,1.7951389086637883,108.60313250373491,10,11,199.44469329406942,1.763181450895586,True
"(0.705, 0.79)",rr3.0,8,ce,fvg,409,0.5017197712982556,-122.08973438039195,1,10,0.7179606258995261,-68.78112916346015,4,11,-190.8708635438521,0.6095855247100701,False
"(0.38, 0.79)",nl2.0,2,edge,sweep,13324,0.8880640615204758,-373.0250343251497,1,10,1.0622727260620057,195.4440467967795,5,11,-177.5809875283702,0.972557430455977,False
"(0.38, 0.79)",nl2.0,2,edge,fvg,13324,0.645996218561874,-2164.4570873830653,0,10,0.7854044288180853,-1324.4364971446466,1,11,-3488.893584527711,0.7160268823992416,False
"(0.38, 0.79)",nl2.0,2,ce,sweep,20432,0.8260966255299287,-954.3247671640466,0,10,0.9913475230175325,-43.42519249769131,4,11,-997.7499596617379,0.9050348810087585,False
"(0.38, 0.79)",nl2.0,2,ce,fvg,20432,0.4803584744329816,-6970.933992858761,0,10,0.6097731855805696,-5039.476322966231,0,11,-12010.410315824993,0.5438353741612857,False
"(0.38, 0.79)",nl2.0,3,edge,sweep,9838,1.0098954590857494,22.709855463076316,5,10,1.2075721773303911,446.7909878765073,10,11,469.5008433395835,1.105566577947545,False
"(0.38, 0.79)",nl2.0,3,edge,fvg,9838,0.670490763440291,-1495.4749315924616,0,10,0.778068949597497,-1019.6547668547547,0,11,-2515.1296984472165,0.7246095232006317,False
"(0.38, 0.79)",nl2.0,3,ce,sweep,15013,0.9176225449795763,-315.12332901187136,2,10,1.059424720543508,210.1123800233377,8,11,-105.0109489885337,0.9857344037730488,False
"(0.38, 0.79)",nl2.0,3,ce,fvg,15013,0.4816290313580191,-5107.090092561986,0,10,0.6127139600398283,-3640.373459504632,0,11,-8747.46355206662,0.5456310100546599,False
"(0.38, 0.79)",nl2.0,5,edge,sweep,5869,1.1801556540079192,230.30436689715015,9,10,1.1678889067108047,225.0203068367269,8,11,455.3246737338771,1.1738772297771491,False
"(0.38, 0.79)",nl2.0,5,edge,fvg,5869,0.6577482280291502,-950.3267857952549,0,10,0.7175184561999277,-814.0609420683531,0,11,-1764.3877278636082,0.6881885846493633,False
"(0.38, 0.79)",nl2.0,5,ce,sweep,8821,1.018954572076132,39.77949464525959,5,10,1.1428968027519988,281.0747582449542,8,11,320.8542528902138,1.0789182646458637,False
"(0.38, 0.79)",nl2.0,5,ce,fvg,8821,0.4593611377389345,-3141.8418461387123,0,10,0.6304248385489469,-2014.265357638674,0,11,-5156.1072037773865,0.542150183625121,False
"(0.38, 0.79)",nl2.0,8,edge,sweep,3178,1.0734719529011199,53.6930786688767,5,10,1.1613074812475817,118.69237567583014,8,11,172.38545434470686,1.1175399665928298,False
"(0.38, 0.79)",nl2.0,8,edge,fvg,3178,0.5931837474165038,-625.6351754129666,1,10,0.6051193776834141,-640.0535305707499,0,11,-1265.6887059837168,0.5993083681460234,False
"(0.38, 0.79)",nl2.0,8,ce,sweep,4710,1.047034542866704,50.126519335543925,5,10,1.1160701559555306,121.09821869228215,8,11,171.22473802782605,1.0811854256649565,False
"(0.38, 0.79)",nl2.0,8,ce,fvg,4710,0.4445473096212025,-1719.8629033659622,0,10,0.5813440930433975,-1213.3751940846182,0,11,-2933.238097450581,0.5106857998595116,False
"(0.38, 0.79)",rr1.5,2,edge,sweep,13324,0.9497855351425369,-196.4137931892135,3,10,1.0771931242791222,306.26129156169446,8,11,109.84749837248097,1.0139418658437722,False
"(0.38, 0.79)",rr1.5,2,edge,fvg,13324,0.6645764696676161,-1642.0570664754173,0,10,0.7763971746937051,-1089.5607593032735,0,11,-2731.6178257786905,0.7203567610542813,False
"(0.38, 0.79)",rr1.5,2,ce,sweep,20432,0.8826169645023405,-748.1409767818152,0,10,1.0006629521100008,4.095519667108164,5,11,-744.045457114707,0.940719188700146,False
"(0.38, 0.79)",rr1.5,2,ce,fvg,20432,0.3814012249921812,-6093.219298554723,0,10,0.46711595230943065,-4982.774019110733,0,11,-11075.993317665454,0.4231437608455704,False
"(0.38, 0.79)",rr1.5,3,edge,sweep,9838,1.0454421566150598,125.61973151716575,6,10,1.1757926255314006,486.2501750720792,11,11,611.869906589245,1.1106369147347694,False
"(0.38, 0.79)",rr1.5,3,edge,fvg,9838,0.6750591819838981,-1171.8470270389485,0,10,0.7726530546822648,-812.665080022938,0,11,-1984.5121070618866,0.7236401555688844,False
"(0.38, 0.79)",rr1.5,3,ce,sweep,15013,0.9396328619166331,-274.9744036317406,2,10,1.0599117490239431,261.19560093071556,8,11,-13.778802701025057,0.9984543740340822,False
"(0.38, 0.79)",rr1.5,3,ce,fvg,15013,0.37509896109449725,-4587.919108767748,0,10,0.4758172731331052,-3538.226402002493,0,11,-8126.145510770241,0.4233430683033529,False
"(0.38, 0.79)",rr1.5,5,edge,sweep,5869,1.114440417016467,180.24857192750477,10,10,1.19390041216759,314.8765195151599,11,11,495.1250914426647,1.1547773092696565,False
"(0.38, 0.79)",rr1.5,5,edge,fvg,5869,0.6714472240095034,-707.3754486547641,0,10,0.7533337428009879,-532.064471832528,0,11,-1239.439920487292,0.7124286495734253,False
"(0.38, 0.79)",rr1.5,5,ce,sweep,8821,0.9489500735655526,-135.20664565933814,3,10,1.077470778107647,193.52968615919082,8,11,58.32304049985271,1.0113323061297792,False
"(0.38, 0.79)",rr1.5,5,ce,fvg,8821,0.37769566455228837,-2703.085280737957,0,10,0.4856029306789044,-2012.4757964441987,0,11,-4715.561077182156,0.428830245103917,False
"(0.38, 0.79)",rr1.5,8,edge,sweep,3178,1.0513129412991364,44.85938467001241,7,10,1.1581185061141952,138.00887330756,10,11,182.86825797757245,1.1046725573635632,False
"(0.38, 0.79)",rr1.5,8,edge,fvg,3178,0.6555702335108545,-408.96631056795513,0,10,0.7017021633729882,-357.0237093289778,0,11,-765.9900198969331,0.6787280831822099,False
"(0.38, 0.79)",rr1.5,8,ce,sweep,4710,0.9407991237669336,-83.06536322970223,4,10,1.064367779863011,84.68815503547108,7,11,1.6227918057687987,1.000596877504502,False
"(0.38, 0.79)",rr1.5,8,ce,fvg,4710,0.3882044835491603,-1415.7912700947247,0,10,0.485724681792399,-1070.8839590839561,0,11,-2486.6752291786806,0.4343932951165791,False
"(0.38, 0.79)",rr2.0,2,edge,sweep,13324,0.9585126454652776,-179.88628430023664,3,10,1.0649584194034671,289.7660734567258,8,11,109.87978915648927,1.0124909902580645,False
"(0.38, 0.79)",rr2.0,2,edge,fvg,13324,0.6961980476291154,-1688.6578169737318,0,10,0.8134381840585254,-1033.6394526506015,0,11,-2722.2972696243332,0.7547233091303458,False
"(0.38, 0.79)",rr2.0,2,ce,sweep,20432,0.8868729103857124,-800.2345222135071,1,10,0.9889506566784824,-76.67517305762644,4,11,-876.9096952711335,0.9374221827642334,False
"(0.38, 0.79)",rr2.0,2,ce,fvg,20432,0.46795403254078344,-5727.2615270870165,0,10,0.5784923181582045,-4268.070991286018,0,11,-9995.332518373036,0.5215329188463419,False
"(0.38, 0.79)",rr2.0,3,edge,sweep,9838,1.0634249942933163,193.62574218201343,7,10,1.1709830434557362,531.6675121203104,11,11,725.2932543023238,1.1176983635229976,False
"(0.38, 0.79)",rr2.0,3,edge,fvg,9838,0.7199959235500449,-1141.8410475629526,0,10,0.8118014231574938,-763.7969888812537,0,11,-1905.6380364442061,0.7657887671496375,False
"(0.38, 0.79)",rr2.0,3,ce,sweep,15013,0.9451802154907744,-276.573844693815,3,10,1.045970276305615,225.48396438272616,7,11,-51.08988031108882,0.9948654115647684,False
"(0.38, 0.79)",rr2.0,3,ce,fvg,15013,0.46155642964199806,-4299.398228612847,0,10,0.5886268089076555,-3008.7466960261418,0,11,-7308.144924638988,0.5223051798941939,False
"(0.38, 0.79)",rr2.0,5,edge,sweep,5869,1.157187560356094,270.98717865257186,9,10,1.157051256237831,287.8278227153846,10,11,558.8150013679565,1.1571173249083289,False
"(0.38, 0.79)",rr2.0,5,edge,fvg,5869,0.7002540541586647,-735.2036794334597,0,10,0.7724255124942441,-561.0809960754602,0,11,-1296.28467550892,0.7364331615045671,False
"(0.38, 0.79)",rr2.0,5,ce,sweep,8821,0.9743035642895385,-74.4589212733346,3,10,1.0930858252304343,257.4992538559499,9,11,183.04033258261535,1.0323170562886732,False
"(0.38, 0.79)",rr2.0,5,ce,fvg,8821,0.45025383949813536,-2617.4260057354013,0,10,0.5875299577640404,-1757.4960904678537,0,11,-4374.922096203255,0.5150861120592982,False
"(0.38, 0.79)",rr2.0,8,edge,sweep,3178,1.0724106199211223,69.60720524738414,7,10,1.1572065865852648,152.20378285024447,8,11,221.8109880976286,1.114960056855689,False
"(0.38, 0.79)",rr2.0,8,edge,fvg,3178,0.6708394235338712,-447.2649360834895,0,10,0.7372040428045572,-353.90532289310005,0,11,-801.1702589765895,0.7038731788502929,False
"(0.38, 0.79)",rr2.0,8,ce,sweep,4710,0.9615007423474403,-58.758272589896336,4,10,1.0861385864633686,124.96999331014354,9,11,66.21172072024721,1.0222409402147212,False
"(0.38, 0.79)",rr2.0,8,ce,fvg,4710,0.46519825214011257,-1352.9986736708947,0,10,0.5762405507667558,-965.904253107602,0,11,-2318.902926778497,0.517827044556371,False
"(0.38, 0.79)",rr3.0,2,edge,sweep,13324,0.9716857671983529,-135.68544123093292,3,10,1.073547281497934,366.0921430818954,8,11,230.4067018509625,1.0235836316282338,False
"(0.38, 0.79)",rr3.0,2,edge,fvg,13324,0.7062366131921235,-1890.8827395586213,0,10,0.8318067816989981,-1083.5910138530755,1,11,-2974.4737534116966,0.7690498869856365,False
"(0.38, 0.79)",rr3.0,2,ce,sweep,20432,0.9143239922753618,-668.1576690000323,2,10,0.9818083519542208,-141.2153505740582,4,11,-809.3730195740907,0.9479880944837464,False
"(0.38, 0.79)",rr3.0,2,ce,fvg,20432,0.5476333809614621,-5492.467754538743,0,10,0.6680256284550745,-3813.115746761059,0,11,-9305.583501299803,0.6061596161899536,False
"(0.38, 0.79)",rr3.0,3,edge,sweep,9838,1.0636904597089167,216.33402816821172,6,10,1.1792825019467632,622.0020435282377,11,11,838.3360716964495,1.1220988569093808,False
"(0.38, 0.79)",rr3.0,3,edge,fvg,9838,0.7340834712073139,-1259.2061963055555,0,10,0.8250729345837082,-824.8393234736802,0,11,-2084.0455197792357,0.779481871345077,False
"(0.38, 0.79)",rr3.0,3,ce,sweep,15013,0.97185068514427,-156.41612666307265,4,10,1.049836587593315,272.26881184858763,8,11,115.85268518551496,1.0105130529443578,False
"(0.38, 0.79)",rr3.0,3,ce,fvg,15013,0.5436851396061871,-4092.7991755365206,0,10,0.6748176357625992,-2707.3707313495725,0,11,-6800.1699068860935,0.6068116711122804,False
"(0.38, 0.79)",rr3.0,5,edge,sweep,5869,1.1522551525931333,290.9805951686043,9,10,1.136986846937857,279.91903583438625,9,11,570.8996310029905,1.144365669040957,False
"(0.38, 0.79)",rr3.0,5,edge,fvg,5869,0.7072450103013779,-833.8539662542285,0,10,0.7718024244688659,-652.7483010761921,0,11,-1486.6022673304203,0.739592431414304,False
"(0.38, 0.79)",rr3.0,5,ce,sweep,8821,0.9960027395371236,-12.693948126311753,6,10,1.0641846308552247,198.95758822237815,8,11,186.26364009606647,1.0296814056167591,False
"(0.38, 0.79)",rr3.0,5,ce,fvg,8821,0.5282367227905542,-2513.649131529556,0,10,0.6647366909080777,-1626.5877199243187,0,11,-4140.236851453876,0.5932918719764959,False
"(0.38, 0.79)",rr3.0,8,edge,sweep,3178,1.0651879386660672,68.65571777132999,7,10,1.185590435775695,196.0426925135841,9,11,264.6984102849141,1.125478291366187,False
"(0.38, 0.79)",rr3.0,8,edge,fvg,3178,0.6640330235362385,-530.9968324724836,0,10,0.7490537342764415,-388.93083033120274,1,11,-919.9276628036863,0.7061272050496655,False
"(0.38, 0.79)",rr3.0,8,ce,sweep,4710,0.9640801234707175,-60.18513933697071,5,10,1.107620935473955,170.71041026705393,8,11,110.52527093008321,1.0338851848964439,False
"(0.38, 0.79)",rr3.0,8,ce,fvg,4710,0.5353595430312463,-1319.381338148375,0,10,0.6408111672409822,-932.7101005735457,0,11,-2252.091438721921,0.585729865684175,False
"(0.62, 1.0)",nl2.0,2,edge,sweep,3779,0.6818176218604418,-557.240254966373,1,10,0.643419155984827,-767.1247635552501,2,11,-1324.3650185216231,0.6606505223533605,False
"(0.62, 1.0)",nl2.0,2,edge,fvg,3789,0.8030853039320647,-357.17009873101,1,10,0.9101302122452849,-168.63714862557174,3,11,-525.8072473565817,0.8575161080645176,False
"(0.62, 1.0)",nl2.0,2,ce,sweep,5247,9.984581590656365e-06,-200000400.14828902,3,10,0.7820017565392314,-529.0254465131753,3,11,-200000929.17373553,1.947281328613881e-05,False
"(0.62, 1.0)",nl2.0,2,ce,fvg,5255,0.6196400746852717,-1434.3630557305862,0,10,0.6847022348930174,-1119.7723823021374,1,11,-2554.135438032724,0.6511955970532523,False
"(0.62, 1.0)",nl2.0,3,edge,sweep,2678,0.9899926925377683,-10.037876222784671,5,10,0.7548004771861089,-388.7993600301096,6,11,-398.83723625289423,0.8459314271372147,False
"(0.62, 1.0)",nl2.0,3,edge,fvg,2682,0.8271685409299978,-225.70813423291006,2,10,0.9732141537193668,-37.48331750054284,5,11,-263.19145173345294,0.9027131547803816,False
"(0.62, 1.0)",nl2.0,3,ce,sweep,3739,7.5133796200054965e-06,-200000037.09716076,3,10,0.8961082707082578,-179.1064287598321,5,11,-200000216.20358953,1.5237516491565249e-05,False
"(0.62, 1.0)",nl2.0,3,ce,fvg,3743,0.6519327537250325,-937.4786266771451,0,10,0.6829773870805671,-833.1612026713074,1,11,-1770.6398293484526,0.6672645883622476,False
"(0.62, 1.0)",nl2.0,5,edge,sweep,1653,1.2854467706102897,163.63297043841192,9,10,0.9433531335150745,-46.48511788190102,4,11,117.14785255651091,1.0840453676807895,False
"(0.62, 1.0)",nl2.0,5,edge,fvg,1656,0.8610922370083723,-119.70121939981098,4,10,0.9620029372850172,-35.59965094977075,5,11,-155.30087034958171,0.9136563581181073,False
"(0.62, 1.0)",nl2.0,5,ce,sweep,2235,1.1988843706916876,162.12650158605805,8,10,0.9752513261204029,-26.74860149869518,8,11,135.37790008736283,1.0714022532902197,False
"(0.62, 1.0)",nl2.0,5,ce,fvg,2236,0.6224455727975943,-623.6829539618157,1,10,0.7739208392519865,-373.6096231316202,2,11,-997.2925770934357,0.6981983096535856,False
"(0.62, 1.0)",nl2.0,8,edge,sweep,921,1.1680625011954349,54.20894956992974,7,10,1.1557520452138303,64.51444992826329,6,11,118.72339949819303,1.1611415071170528,False
"(0.62, 1.0)",nl2.0,8,edge,fvg,923,0.7322865178846147,-131.6943495723623,4,10,0.7251404218513654,-155.4837728891917,3,11,-287.17812246155404,0.728464271548462,False
"(0.62, 1.0)",nl2.0,8,ce,sweep,1209,1.0415874514323118,19.067684053964406,5,10,0.862539753752752,-97.67319378208128,8,11,-78.60550972811689,0.932761324761422,False
"(0.62, 1.0)",nl2.0,8,ce,fvg,1209,0.5022658286500332,-448.816474015533,1,10,0.6438226931392222,-326.2072816997524,1,11,-775.0237557152855,0.5735947798183708,False
"(0.62, 1.0)",rr1.5,2,edge,sweep,3779,0.6750867070650437,-530.1703311081864,0,10,0.6298609722065502,-748.5136991215763,2,11,-1278.6840302297626,0.6500570739880386,False
"(0.62, 1.0)",rr1.5,2,edge,fvg,3789,0.6463254591754037,-500.19288049411944,0,10,0.721847992450178,-398.98345326826757,0,11,-899.176333762387,0.6843536089490723,False
"(0.62, 1.0)",rr1.5,2,ce,sweep,5247,7.93763064193108e-06,-200000574.97154516,1,10,0.8013190699088247,-433.8119885959775,2,11,-200001008.78353375,1.6685597094414443e-05,False
"(0.62, 1.0)",rr1.5,2,ce,fvg,5255,0.31219848320334437,-1894.5287765455048,0,10,0.3836938444546037,-1573.1014622895345,0,11,-3467.6302388350396,0.34658546838744064,False
"(0.62, 1.0)",rr1.5,3,edge,sweep,2678,0.9371068422840289,-58.0081071587129,2,10,0.703968467445349,-430.3384013952374,6,11,-488.34650855395023,0.7944685909004527,False
"(0.62, 1.0)",rr1.5,3,edge,fvg,2682,0.6646763678527033,-324.4297232061665,0,10,0.7519506446486579,-252.01380818275902,1,11,-576.4435313889255,0.7093798582086895,False
"(0.62, 1.0)",rr1.5,3,ce,sweep,3739,6.025139262798866e-06,-200000189.87383747,1,10,0.9593428573453601,-59.990134676836476,7,11,-200000249.86397216,1.3102606596190872e-05,False
"(0.62, 1.0)",rr1.5,3,ce,fvg,3743,0.30392378593048597,-1352.4783263560587,0,10,0.38890114143041826,-1126.4602386745846,0,11,-2478.938565030643,0.3452940353830622,False
"(0.62, 1.0)",rr1.5,5,edge,sweep,1653,1.155920065994594,78.8620801065187,9,10,0.9459728702765596,-37.034264264061434,4,11,41.82781584245727,1.035112228484935,False
"(0.62, 1.0)",rr1.5,5,edge,fvg,1656,0.6548615846309103,-212.77109235527902,0,10,0.7672784354085751,-142.06206915211263,2,11,-354.83316150739165,0.7107931848655057,False
"(0.62, 1.0)",rr1.5,5,ce,sweep,2235,1.0519570028172482,37.526674856751924,6,10,0.9400820052541922,-54.64431777626775,8,11,-17.117642919515795,0.9895256833272577,False
"(0.62, 1.0)",rr1.5,5,ce,fvg,2236,0.2927418170436922,-834.50275862855,0,10,0.38842664121808035,-674.6842358567606,0,11,-1509.1869944853106,0.3389766023844513,False
"(0.62, 1.0)",rr1.5,8,edge,sweep,921,1.230814301101797,58.70648100619587,8,10,1.084646231309936,28.11558414699304,7,11,86.82206515318893,1.1480344453496412,False
"(0.62, 1.0)",rr1.5,8,edge,fvg,923,0.577557360217712,-148.61968118886472,1,10,0.7661077783652699,-81.9356436761835,3,11,-230.55532486504825,0.6716316122831768,False
"(0.62, 1.0)",rr1.5,8,ce,sweep,1209,1.062863256597973,24.12523950123055,5,10,0.77732022160999,-135.34171741338386,7,11,-111.21647791215335,0.8878368195064127,False
"(0.62, 1.0)",rr1.5,8,ce,fvg,1209,0.29547393220414825,-451.43339300861265,0,10,0.44191026644412573,-318.71783721541493,0,11,-770.1512302240276,0.3644824528782268,False
"(0.62, 1.0)",rr2.0,2,edge,sweep,3779,0.7225989192880832,-494.2420136363246,1,10,0.6857008810295385,-683.7926437148676,2,11,-1178.0346573511922,0.7023134187324552,False
"(0.62, 1.0)",rr2.0,2,edge,fvg,3789,0.7320853686484035,-419.6928804941205,0,10,0.7739246149784136,-366.4834532682672,0,11,-786.1763337623877,0.7533629967293639,False
"(0.62, 1.0)",rr2.0,2,ce,sweep,5247,9.313050218827876e-06,-200000521.0897931,1,10,0.8318506195736028,-408.35612388023185,3,11,-200000929.44591698,1.941357267208939e-05,False
"(0.62, 1.0)",rr2.0,2,ce,fvg,5255,0.42673654048107323,-1683.201014242811,0,10,0.5074709211278985,-1337.9517544861706,0,11,-3021.1527687289818,0.46553493306335975,False
"(0.62, 1.0)",rr2.0,3,edge,sweep,2678,1.015103747806239,15.252018194820423,6,10,0.7786762669413179,-344.54667263919043,6,11,-329.29465444436994,0.871698603855699,False
"(0.62, 1.0)",rr2.0,3,edge,fvg,2682,0.7576603844311891,-259.9297232061666,0,10,0.7972129543366163,-234.51380818275862,1,11,-494.44353138892524,0.7781807654507571,False
"(0.62, 1.0)",rr2.0,3,ce,sweep,3739,7.04934139402117e-06,-200000141.26056233,3,10,1.00350147688342,5.772036159036077,7,11,-200000135.48852617,1.5320299123936455e-05,False
"(0.62, 1.0)",rr2.0,3,ce,fvg,3743,0.42152054846662035,-1192.1505640533655,0,10,0.4995213875625547,-985.9602386745817,0,11,-2178.110802727947,0.45964243791480636,False
"(0.62, 1.0)",rr2.0,5,edge,sweep,1653,1.2468160836435707,137.34557605965585,10,10,1.0115354429765204,8.686611984445967,4,11,146.03218804410184,1.1115170041945888,False
"(0.62, 1.0)",rr2.0,5,edge,fvg,1656,0.7334637731949837,-182.27109235527837,0,10,0.8003318987559612,-140.06206915211223,3,11,-322.3331615073906,0.767323165417105,False
"(0.62, 1.0)",rr2.0,5,ce,sweep,2235,1.1235291675929615,98.76827825714541,8,10,1.0079511949688238,7.992866254618463,9,11,106.76114451176386,1.0591541605112496,False
"(0.62, 1.0)",rr2.0,5,ce,fvg,2236,0.40223432687746574,-747.6749963258574,0,10,0.49620341899978254,-595.6842358567665,0,11,-1343.3592321826238,0.44789821711168765,False
"(0.62, 1.0)",rr2.0,8,edge,sweep,921,1.2803008206262136,80.25785954558229,8,10,1.1306420015618697,48.142960022358224,8,11,128.40081956794052,1.1960802291291541,False
"(0.62, 1.0)",rr2.0,8,edge,fvg,923,0.649580532502868,-135.61968118886261,1,10,0.8483383909335448,-59.43564367618183,3,11,-195.05532486504444,0.7495815028013211,False
"(0.62, 1.0)",rr2.0,8,ce,sweep,1209,1.1297940859164897,54.74169425357775,6,10,0.819985467853606,-120.01548355425935,8,11,-65.2737893006816,0.9400308900058193,False
"(0.62, 1.0)",rr2.0,8,ce,fvg,1209,0.39900517224821636,-406.1056307059185,0,10,0.5606045950574273,-270.71783721541465,0,11,-676.8234679213331,0.47607662299936826,False
"(0.62, 1.0)",rr3.0,2,edge,sweep,3779,0.7678638670901765,-456.5179696957495,1,10,0.741798488685685,-613.9576447062279,3,11,-1070.4756144019775,0.7535975487364721,False
"(0.62, 1.0)",rr3.0,2,edge,fvg,3789,0.7595221525870202,-439.11694806280724,0,10,0.8384914580589587,-299.39111197769165,0,11,-738.5080600404989,0.7993040195157722,False
"(0.62, 1.0)",rr3.0,2,ce,sweep,5247,1.107526757844312e-05,-200000444.97516003,1,10,0.8569816621028405,-392.2875037078667,4,11,-200000837.26266375,2.282794823527495e-05,False
"(0.62, 1.0)",rr3.0,2,ce,fvg,5255,0.5369525663057673,-1514.5615182199272,0,10,0.6419202969696115,-1076.337673182092,0,11,-2590.8991914020194,0.5872206255182937,False
"(0.62, 1.0)",rr3.0,3,edge,sweep,2678,1.0558353822414697,63.93450743241847,7,10,0.8290671968233282,-291.9291751213442,6,11,-227.9946676889257,0.9200835518002975,False
"(0.62, 1.0)",rr3.0,3,edge,fvg,2682,0.8437856440985715,-191.9982715932634,1,10,0.8904196493348285,-143.6628411747951,3,11,-335.6611127680585,0.8678549868247057,False
"(0.62, 1.0)",rr3.0,3,ce,sweep,3739,8.497698716741876e-06,-200000031.55454737,4,10,0.9985133972560086,-2.8134517925819864,7,11,-200000034.36799914,1.794606854275346e-05,False
"(0.62, 1.0)",rr3.0,3,ce,fvg,3743,0.5440234981010078,-1038.3736898475204,0,10,0.6178600099522832,-835.3461573705029,0,11,-1873.7198472180235,0.5801866864410281,False
"(0.62, 1.0)",rr3.0,5,edge,sweep,1653,1.29566594822381,185.6590043409072,10,10,1.0551720817119734,46.43201529602759,6,11,232.0910196369348,1.1579365790827356,False
"(0.62, 1.0)",rr3.0,5,edge,fvg,1656,0.8523640025048711,-113.41240972054766,3,10,0.8693832896516154,-105.21110214414867,3,11,-218.62351186469635,0.8610753745583236,False
"(0.62, 1.0)",rr3.0,5,ce,sweep,2235,1.237441225151328,210.86959314775837,9,10,1.0054289086108243,6.249379608407409,8,11,217.11897275616576,1.1064714869755445,False
"(0.62, 1.0)",rr3.0,5,ce,fvg,2236,0.5211599327295012,-657.8981221200123,0,10,0.6025577063697569,-525.7843725621664,0,11,-1183.6824946821787,0.5610888478641385,False
"(0.62, 1.0)",rr3.0,8,edge,sweep,921,1.2634406372842888,85.62571023965074,8,10,1.210782530171026,86.23595001079687,10,11,171.8616602504476,1.2340956861825922,False
"(0.62, 1.0)",rr3.0,8,edge,fvg,923,0.7681240535268523,-99.61968118886261,2,10,0.9476344051680693,-23.43564367618184,4,11,-123.05532486504441,0.8597122722259846,False
"(0.62, 1.0)",rr3.0,8,ce,sweep,1209,1.2135723696046044,100.39967929368339,7,10,0.8508492212739343,-109.97890975761786,9,11,-9.579230463934465,0.992066653888155,False
"(0.62, 1.0)",rr3.0,8,ce,fvg,1209,0.5088698029244736,-364.3287565000734,0,10,0.6759743587586368,-225.81797392081458,2,11,-590.1467304208879,0.589814393329441,False
