,short_M15_ny_sw3_atr1.5_prox0.5_wait5_RR4,long_M5_ny_sw7_atr2.0_prox1.0_wait3_RR4,long_M5_overlap_sw7_atr2.0_prox1.0_wait3_RR4,Martin_Luke,TraderzDen,total_$
2019-10,525.1700000000064,634.2400000000334,-155.14285714285143,27.900000000017826,779.4900000000744,1811.6571428572806
2019-11,628.4307142857233,-231.5328571428645,-262.77999999999884,-153.90000000000236,358.60000000002856,338.81785714288617
2019-12,15.918214285707109,154.94142857142378,154.94142857142378,1701.2500000000455,-417.3899999996811,1609.661071428919
2020-01,-35.138571428568866,806.23571428581,901.2085714286641,716.0500000000293,74.95000000019536,2463.30571428613
2020-02,0.0,643.4242857142544,643.4242857142544,2766.4800000000187,-794.5099999999984,3258.818571428529
2020-03,998.393571428579,-834.5385714285758,-698.2685714285763,704.5199999999959,70.46000000001186,240.5664285714347
2020-04,474.95178571428823,2095.6271428571135,647.3871428571338,1216.0500000000102,2609.880000000313,7043.896071428859
2020-05,-325.75071428570845,97.92999999998938,-138.40000000000782,-9.219999999988431,-1050.139999999994,-1425.5807142857093
2020-06,-139.29142857143233,-146.3371428571445,-154.44000000000233,495.21999999999844,-341.49999999996817,-286.3485714285489
2020-07,-241.43714285714395,125.53714285714614,0.0,2961.910000000007,-213.7900000001091,2632.2199999999
2020-08,843.1292857142944,-289.43714285714213,0.0,106.72999999999956,191.40000000000055,851.8221428571524
2020-09,-380.350000000004,216.9100000000044,-21.32571428571009,-150.8799999999992,-733.3400000000483,-1068.9857142857572
2020-10,776.3410714285901,-146.4728571428559,0.0,0.0,432.7600000000675,1062.6282142858017
2020-11,46.95714285714348,-340.4499999999962,-181.84000000000196,0.0,-163.79999999999563,-639.1328571428503
2020-12,-308.49285714285725,199.75999999998749,-349.80000000000655,919.5300000000079,52.86000000003423,513.8571428571659
2021-01,239.16071428571286,326.81428571429115,497.4200000000001,-292.59999999999945,392.8999999999942,1163.6949999999988
2021-02,591.2775000000074,-302.4771428571412,-2.24428571428507,0.0,395.1900000000087,681.7460714285899
2021-03,160.70000000000073,521.6514285714366,432.88000000000557,0.0,-495.38000000001375,619.8514285714291
2021-04,-114.01714285714115,642.4114285714386,451.9857142857236,-302.8299999999954,425.7399999999443,1103.28999999997
2021-05,-492.5707142857136,-125.72142857142535,-150.82571428571282,847.7800000000134,2735.650000000035,2814.3121428571967
2021-06,0.0,392.892857142856,396.58857142856596,-236.61999999999898,280.1600000000599,833.0214285714828
2021-07,390.04178571428565,-212.87285714284553,-150.32285714285354,0.0,39.289999999978136,66.13607142856472
2021-08,184.6592857142814,-414.8414285714316,-273.6228571428637,0.0,-868.5599999999531,-1372.364999999967
2021-09,-378.39964285714177,-162.36000000000604,-162.36000000000604,-146.70000000000073,452.03999999995267,-397.7796428572019
2021-10,-556.7682142857138,110.70714285714985,110.70714285714985,-154.55999999999403,110.37000000011176,-379.5439285712964
2021-11,798.7371428571423,972.9442857142812,972.9442857142812,1491.069999999986,370.64000000006763,4606.3357142857585
2021-12,382.2799999999979,-18.579999999989923,146.36285714287442,393.00000000001637,440.1700000000292,1343.232857142928
2022-01,179.6467857142825,305.08428571429795,-248.1599999999944,-1053.140000000004,3232.6800000005096,2416.1110714290917
2022-02,-156.1457142857098,1134.1642857142706,1335.4042857142695,837.4600000000037,53.66999999942982,3204.5528571422637
2022-03,506.1085714285646,159.39999999999964,159.39999999999964,429.1300000000001,796.2799999999988,2050.318571428563
2022-04,103.35214285714119,214.44285714284888,540.559999999995,-505.9999999999991,381.50000000001,733.8549999999959
2022-05,122.57607142857705,-459.83428571427794,107.46714285714825,0.0,105.78999999996995,-124.00107142858269
2022-06,-18.459999999998217,-25.83857142857596,-240.80571428571602,0.0,-718.9000000000033,-1004.0042857142935
2022-07,121.20071428572373,-522.4057142857191,-169.79142857144143,0.0,0.0,-570.9964285714368
2022-08,3.82571428571282,-43.16571428572115,-217.67571428572137,0.0,494.7900000002073,237.77428571447763
2022-09,172.72785714285965,446.74428571429235,-111.57571428570373,0.0,483.84000000015385,991.7364285716021
2022-10,36.25571428571402,260.5199999999868,591.6857142857025,0.0,-548.6199999999926,339.8414285714107
2022-11,-314.2689285714323,-10.50000000000091,0.0,-834.9299999999976,1260.5900000000365,100.89107142860576
2022-12,126.32571428571737,405.4285714285079,0.0,824.3499999999976,1960.9100000000153,3317.014285714238
2023-01,-358.6246428571412,1063.0214285714019,1245.819999999976,708.9099999999899,-1017.8500000000367,1641.2767857141898
2023-02,415.78250000000025,-586.680000000003,-456.43714285714486,-153.13999999999942,-198.8600000000115,-979.3346428571585
2023-03,-246.63500000000295,156.3699999999999,0.0,191.64999999999873,569.9199999998891,671.3049999998848
2023-04,1185.0914285714298,5.978571428576288,-301.8614285714275,-110.43999999999596,1612.1599999997634,2390.928571428346
2023-05,-300.4049999999979,-403.7942857142825,-311.0942857142809,271.09000000000196,-525.3599999999942,-1269.5635714285536
2023-06,330.67999999999574,186.0299999999952,331.3371428571363,0.0,297.81999999999425,1145.8671428571215
2023-07,310.2550000000201,363.32571428571373,-157.97142857142808,-572.3799999999992,686.7399999999298,629.9692857142363
2023-08,-604.8789285714329,-414.5014285714233,-335.5828571428556,0.0,-761.6999999998834,-2116.663214285595
2023-09,488.58142857142866,-117.4028571428662,-318.4600000000064,0.0,-125.03999999980988,-72.32142857125382
2023-10,61.37999999999647,158.5642857142775,397.60857142856366,-566.0700000000033,-149.5200000000059,-98.0371428571716
2023-11,-154.00000000000364,-366.9099999999926,89.98285714285885,1065.799999999992,247.1500000000533,882.0228571429079
2023-12,-440.088928571422,882.4471428571378,613.3600000000015,1168.980000000006,21.40000000016971,2246.098214285893
2024-01,150.3100000000013,-467.1142857142695,-459.7442857142669,-203.96000000000367,-377.6399999999503,-1358.148571428489
2024-02,-155.08607142857272,-131.23857142857014,-149.89714285714308,-56.9200000000028,-556.0100000000184,-1049.1517857143072
2024-03,359.15000000000055,575.2571428571391,575.2571428571391,4267.309999999989,-429.30000000027303,5347.674285713994
2024-04,-463.8439285714376,404.2400000000134,590.871428571445,172.86000000001422,63.85999999997148,767.9875000000065
2024-05,808.2500000000064,648.4771428570975,835.8985714285263,-407.21000000000276,-131.4699999999957,1753.9457142856318
2024-06,-18.880000000001928,567.0600000000295,567.0600000000295,0.0,-157.8000000000011,957.440000000056
2024-07,176.84607142857567,344.2071428571453,-137.03999999999633,1879.529999999996,970.3200000004081,3233.863214286129
2024-08,14.00571428571493,-417.1628571428664,-149.80999999999767,894.5100000000111,1526.3899999999558,1867.9328571428177
2024-09,-220.1025000000036,2.7014285714003563,400.5728571428317,2357.4699999999975,1390.070000000418,3930.711785714644
2024-10,-147.3482142857174,-51.132857142854846,0.0,2304.4599999999837,-1164.9100000000753,941.0689285713361
2024-11,439.38000000000557,143.08857142857687,143.08857142857687,-219.13999999999578,384.6000000000158,891.0171428571794
2024-12,-267.55857142857803,132.12285714285008,48.94428571428034,-214.38000000000102,-454.40000000001055,-755.2714285714592
2025-01,208.33535714283607,67.69714285714963,-299.252857142852,1849.939999999965,133.54000000002816,1960.259642857127
2025-02,241.01928571427925,-573.521428571431,-423.6085714285664,1310.3699999999908,1102.3900000000021,1656.6492857142748
2025-03,-17.91714285713715,116.21857142857152,262.07000000000244,2127.0399999999954,480.0399999999836,2967.451428571416
2025-04,0.7500000000063665,1212.3085714285407,573.2485714285658,1533.2099999999891,226.69000000008054,3546.2071428571826
2025-05,227.15428571428492,-410.2085714285731,-149.17571428571318,-451.15000000000055,607.0199999999913,-176.3600000000106
2025-06,-141.25571428571584,-135.649999999986,317.4614285714415,-640.3999999999969,673.7999999999565,73.95571428569929
2025-07,743.8982142857021,-324.3142857142784,0.0,296.9699999999975,-802.9399999999914,-86.38607142857018
2025-08,-131.82000000000517,-27.524285714283906,131.43142857143084,1081.609999999987,773.4899999997269,1827.1871428568556
2025-09,130.37000000000444,-510.7942857142816,-146.2128571428566,3240.9400000000005,1220.2899999999818,3934.5928571428485
2025-10,-261.43285714285685,-146.9900000000007,0.0,2237.4800000000023,632.9299999999703,2461.987142857115
2025-11,109.96535714285164,780.8971428571458,409.80571428571875,-185.13999999999942,398.680000000013,1514.2082142857298
2025-12,-280.89500000000317,1355.371428571416,1355.371428571416,1237.949999999989,-433.7600000000175,3234.0378571428
2026-01,-280.1957142857227,432.14571428572344,432.14571428572344,1372.6599999999862,1081.3600000000324,3038.115714285743
2026-02,-64.40964285713926,782.2542857142735,555.05428571427,583.6699999999973,-152.28000000005704,1704.2889285713445
2026-03,1165.1853571428464,-0.8628571428507712,-0.8628571428507712,-248.98000000000047,-437.75999999999385,476.7196428571506
2026-04,-166.1842857142792,-394.91428571428423,-269.24999999999727,0.0,2012.8500000003778,1182.501428571817
2026-05,264.6310714285737,-411.20000000000437,-139.62000000000717,0.0,-440.1900000000096,-726.3789285714474
2026-06,-267.5321428571433,268.6157142857119,-141.46999999999935,0.0,-154.66000000000258,-295.04642857143335
