tf,family,side,sl,tp,n,net,wr,pf,dd,mar,pos_years,trades_per_year,flag
M5,fvg_break,L,1.0,1.5,48906,-44929.5421946829,0.3520631415368258,0.2408020888429704,-44933.533953091195,-0.14999544386843175,0/8,7336.328914963372,False
M5,fvg_break,L,1.0,2.0,48906,-42913.082104306515,0.32613585245164195,0.31923785636579133,-42917.32488722318,-0.14999394040729033,0/8,7336.328914963372,False
M5,fvg_break,L,1.0,3.0,48906,-40255.68974938569,0.2697624013413487,0.41632754657693083,-40263.10032506708,-0.1499811605103375,0/8,7336.328914963372,False
M5,fvg_break,L,2.0,1.5,48906,-22212.091217837045,0.3941029730503415,0.4851720000659975,-22216.190243432997,-0.14998109263779058,0/8,7336.328914963372,False
M5,fvg_break,L,2.0,2.0,48906,-20508.264926857664,0.34556087187666135,0.5613998685021359,-20515.085275825677,-0.1499588989793412,0/8,7336.328914963372,False
M5,fvg_break,L,2.0,3.0,48906,-18492.900534090288,0.27736883000040896,0.6422806646860049,-18510.72088305829,-0.1498643561160932,0/8,7336.328914963372,False
M5,fvg_break,S,1.0,1.5,47836,-44629.127846606294,0.3483777907851827,0.23547312982527313,-44635.375595044105,-0.1499894841468854,0/8,7175.901396258865,False
M5,fvg_break,S,1.0,2.0,47836,-42863.7951062814,0.32270674805585753,0.3110320078102947,-42869.64257169635,-0.14999001997617648,0/8,7175.901396258865,False
M5,fvg_break,S,1.0,3.0,47836,-40540.99868327118,0.265783092231792,0.4054666838006932,-40549.262488019864,-0.14997990993050064,0/8,7175.901396258865,False
M5,fvg_break,S,2.0,1.5,47836,-23044.45102138909,0.38521197424533826,0.4647080781062937,-23052.852214596554,-0.14995581297252444,0/8,7175.901396258865,False
M5,fvg_break,S,2.0,2.0,47836,-22041.27772971475,0.3336608412074588,0.5298304722613622,-22049.990168178752,-0.14995120911061832,0/8,7175.901396258865,False
M5,fvg_break,S,2.0,3.0,47836,-20526.326249727394,0.2640898068400368,0.6035898985605508,-20534.95815210171,-0.14994742442250034,0/8,7175.901396258865,False
M5,fvg_retest,L,1.0,1.5,30647,-37056.09879295154,0.25486997095963715,0.15043960762106937,-37055.13185095979,-0.15002017237793874,0/8,4597.54825129349,False
M5,fvg_retest,L,1.0,2.0,30647,-36253.5810315275,0.23326916174503215,0.20170319775188672,-36253.114089535615,-0.15001818996814337,0/8,4597.54825129349,False
M5,fvg_retest,L,1.0,3.0,30647,-35173.483639138925,0.19068750611805396,0.26861863596575175,-35172.04573471388,-0.1500223907192345,0/8,4597.54825129349,False
M5,fvg_retest,L,2.0,1.5,30647,-19108.013871582916,0.3287434332887395,0.36538895930335175,-19106.794919370437,-0.15002582830687752,0/8,4597.54825129349,False
M5,fvg_retest,L,2.0,2.0,30647,-18366.8055655079,0.2862596665252716,0.42783975045033606,-18365.586613295392,-0.15002621456056478,0/8,4597.54825129349,False
M5,fvg_retest,L,2.0,3.0,30647,-17373.391141253076,0.22905994061408946,0.4985678170904639,-17372.172189040528,-0.1500267839331329,0/8,4597.54825129349,False
M5,fvg_retest,S,1.0,1.5,29497,-35581.23220397216,0.25629725056785435,0.15087004900962978,-35584.389866456724,-0.1499963144259954,0/8,4424.833934415709,False
M5,fvg_retest,S,1.0,2.0,29497,-35000.97161589562,0.23314235345967388,0.19980449625382524,-35004.14519520316,-0.1499960255581034,0/8,4424.833934415709,False
M5,fvg_retest,S,1.0,3.0,29497,-33990.76776702744,0.19059565379530122,0.267146017350199,-33996.308086403966,-0.1499851790657502,0/8,4424.833934415709,False
M5,fvg_retest,S,2.0,1.5,29497,-18900.843566169035,0.32230396311489307,0.3548342898300248,-18908.903528774124,-0.1499456839343477,0/8,4424.833934415709,False
M5,fvg_retest,S,2.0,2.0,29497,-18564.849825472542,0.2770790249855918,0.4074668246076765,-18571.0376632996,-0.14995964292486527,0/8,4424.833934415709,False
M5,fvg_retest,S,2.0,3.0,29497,-17800.44445419632,0.21907312608061838,0.47303341918778913,-17806.03124385008,-0.1499625591128512,0/8,4424.833934415709,False
M5,fvg_fade,L,1.0,1.5,47832,-40277.27329822046,0.37761331326308745,0.26946833903329764,-40275.98923007916,-0.15001526416081432,0/8,7175.301354332595,False
M5,fvg_fade,L,1.0,2.0,47832,-38041.89079408372,0.3528600100351229,0.35603140024395113,-38040.606725942256,-0.15001554520064397,0/8,7175.301354332595,False
M5,fvg_fade,L,1.0,3.0,47832,-35073.84896890816,0.29331828064893795,0.46343299983514025,-35072.99728064821,-0.1500141243175626,0/8,7175.301354332595,False
M5,fvg_fade,L,2.0,1.5,47832,-19387.643264219092,0.4141787924402074,0.5243196287643063,-19386.676659763514,-0.15001796097208098,0/8,7175.301354332595,False
M5,fvg_fade,L,2.0,2.0,47832,-18013.83963481905,0.36080448235490886,0.5970851560625869,-18021.474585322245,-0.1499469283550347,0/8,7175.301354332595,False
M5,fvg_fade,L,2.0,3.0,47832,-15843.730239144232,0.28986870714166246,0.6815114483449273,-15853.721503157507,-0.1499159426084835,0/8,7175.301354332595,False
M5,fvg_fade,S,1.0,1.5,48904,-40988.13903479287,0.37487731064943564,0.269081586789291,-40986.672024087675,-0.15001413936255809,0/8,7336.02889742299,False
M5,fvg_fade,S,1.0,2.0,48904,-38968.3071419833,0.348539996728284,0.3532205044486278,-38967.4014936765,-0.1500122565715482,0/8,7336.02889742299,False
M5,fvg_fade,S,1.0,3.0,48904,-36111.89313813808,0.2898126942581384,0.4585876724873974,-36113.983208436155,-0.15000008854346478,0/8,7336.02889742299,False
M5,fvg_fade,S,2.0,1.5,48904,-20130.045418086655,0.4104776705381973,0.5186960897728254,-20131.592593933216,-0.14999724154794947,0/8,7336.02889742299,False
M5,fvg_fade,S,2.0,2.0,48904,-19394.08335957938,0.3532430884999182,0.5802144413610676,-19397.628394728436,-0.14998135517142908,0/8,7336.02889742299,False
M5,fvg_fade,S,2.0,3.0,48904,-18244.846533588196,0.27772779322754787,0.647131463996607,-18255.589549760738,-0.14992049330249282,0/8,7336.02889742299,False
M5,ob,L,1.0,1.5,718,-1836.9713219499047,0.018105849582172703,0.0060935144089333225,-1835.4809774091782,-0.1505705346483473,0/8,108.02193395214464,False
M5,ob,L,1.0,2.0,718,-1833.9713219499047,0.016713091922005572,0.008905317063026255,-1832.4809774091784,-0.15057073463733261,0/8,108.02193395214464,False
M5,ob,L,1.0,3.0,718,-1821.9713219499047,0.016713091922005572,0.014285265426253364,-1820.4809774091784,-0.15057154118457547,0/8,108.02193395214464,False
M5,ob,L,2.0,1.5,718,-1171.080566119679,0.06128133704735376,0.034820780239795276,-1169.8353938493149,-0.15060851316206644,0/8,108.02193395214464,False
M5,ob,L,2.0,2.0,718,-1172.5805661196791,0.05153203342618384,0.04171343919181473,-1171.8265928932688,-0.15054517703033599,0/8,108.02193395214464,False
M5,ob,L,2.0,3.0,718,-1174.580566119679,0.04317548746518106,0.05602561643906644,-1175.8265928932688,-0.1502889454074194,0/8,108.02193395214464,False
M5,ob,S,1.0,1.5,760,-2007.1509542987822,0.006578947368421052,0.002531678059460772,-2005.4174278600196,-0.1504458810763718,0/8,114.24011797555322,False
M5,ob,S,1.0,2.0,760,-2008.1509542987822,0.006578947368421052,0.002708405118435846,-2006.4174278600196,-0.15044581631598353,0/8,114.24011797555322,False
M5,ob,S,1.0,3.0,760,-2004.1509542987822,0.006578947368421052,0.004461972527867159,-2002.41742786002,-0.1504460757456299,0/8,114.24011797555322,False
M5,ob,S,2.0,1.5,760,-1291.0754771493912,0.046052631578947366,0.025848506388435763,-1289.7087139300104,-0.15047524137553578,0/8,114.24011797555322,False
M5,ob,S,2.0,2.0,760,-1291.0754771493912,0.039473684210526314,0.03198754481181388,-1289.7087139300104,-0.15047524137553578,0/8,114.24011797555322,False
M5,ob,S,2.0,3.0,760,-1292.0754771493912,0.030263157894736843,0.039331496664131466,-1290.7087139300104,-0.15047511795754911,0/8,114.24011797555322,False
M5,orb,L,1.0,1.5,2819,-2245.944824542937,0.35863781482795315,0.2893004101379438,-2247.733873796092,-0.1499255053607756,0/8,422.9766613890196,False
M5,orb,L,1.0,2.0,2819,-2109.944824542937,0.3306136927988648,0.3734846246575856,-2109.733873796092,-0.15005993420219915,0/8,422.9766613890196,False
M5,orb,L,1.0,3.0,2819,-1901.0361949247872,0.2749201844625754,0.48411143187783795,-1901.8252441779427,-0.1499826791005862,0/8,422.9766613890196,False
M5,orb,L,2.0,1.5,2819,-1097.7083680943551,0.3955303299042214,0.537100144186139,-1098.5063613536365,-0.14993593345817838,0/8,422.9766613890196,False
M5,orb,L,2.0,2.0,2819,-1009.6930639915322,0.3462220645619014,0.6082347583049835,-1010.9104924061513,-0.14986423385472616,0/8,422.9766613890196,False
M5,orb,L,2.0,3.0,2819,-895.1170891375639,0.27882227740333454,0.6843917503756074,-899.0487858986821,-0.149388758729146,0/8,422.9766613890196,False
M5,orb,S,1.0,1.5,2737,-2074.822521065623,0.3624406284252832,0.3084192123562458,-2076.298794359731,-0.14994744457624598,0/8,410.69816711767163,False
M5,orb,S,1.0,2.0,2737,-1947.322521065623,0.32955791012056995,0.39134070663269854,-1950.2987943597302,-0.14982514322477855,0/8,410.69816711767163,False
M5,orb,S,1.0,3.0,2737,-1765.6702900093492,0.26854219948849106,0.4946430478280585,-1771.6465633034568,-0.1495479591172564,0/8,410.69816711767163,False
M5,orb,S,2.0,1.5,2737,-1008.4116711109009,0.3942272561198392,0.5557484807266169,-1014.4780466750581,-0.14915684118485056,0/8,410.69816711767163,False
M5,orb,S,2.0,2.0,2737,-950.1069206783566,0.3379612714651078,0.6162426161490066,-955.8063319177611,-0.14915937177656977,0/8,410.69816711767163,False
M5,orb,S,2.0,3.0,2737,-842.732842274911,0.2718304713189624,0.6895476911947569,-846.7994182844901,-0.14933353145619244,0/8,410.69816711767163,False
M5,bb_meanrev,L,1.0,1.5,20247,-15271.6263584812,0.3933916135723811,0.3036190861316578,-15276.02853603302,-0.14998372146506395,0/8,3037.595769260391,False
M5,bb_meanrev,L,1.0,2.0,20247,-14250.841458688377,0.36439966414777497,0.3973061944107807,-14258.356864877489,-0.14994787818138322,0/8,3037.595769260391,False
M5,bb_meanrev,L,1.0,3.0,20247,-12841.28800837558,0.30127920185706525,0.5116627555989695,-12859.316387896126,-0.14981662222749237,0/8,3037.595769260391,False
M5,bb_meanrev,L,2.0,1.5,20247,-7272.698845704354,0.42065491183879095,0.5631101791678259,-7279.713035464659,-0.14988240075172443,0/8,3037.595769260391,False
M5,bb_meanrev,L,2.0,2.0,20247,-6640.684393127843,0.3660295352397886,0.6372566956955876,-6657.19858288812,-0.14965479096700074,0/8,3037.595769260391,False
M5,bb_meanrev,L,2.0,3.0,20247,-5900.654408291206,0.29066034474243096,0.7120522399257939,-5921.736929414565,-0.14949283077759837,0/8,3037.595769260391,False
M5,bb_meanrev,S,1.0,1.5,19377,-15264.779959996431,0.38463126386953606,0.28605684828851957,-15266.197823132277,-0.14999312680061733,0/8,2906.686779408682,False
M5,bb_meanrev,S,1.0,2.0,19377,-14430.56299523564,0.35604066676988183,0.3747304003227039,-14433.480858371468,-0.1499767335239311,0/8,2906.686779408682,False
M5,bb_meanrev,S,1.0,3.0,19377,-13062.77260999792,0.2947308664912009,0.4893389636123035,-13069.444593665936,-0.14993047988056737,0/8,2906.686779408682,False
M5,bb_meanrev,S,2.0,1.5,19377,-7359.374470073195,0.41580223976879804,0.5450649989022404,-7363.210461907207,-0.1499289100821037,0/8,2906.686779408682,False
M5,bb_meanrev,S,2.0,2.0,19377,-7161.478520458856,0.3539763637301956,0.6012312545353967,-7168.314512292873,-0.1498640061141178,0/8,2906.686779408682,False
M5,bb_meanrev,S,2.0,3.0,19377,-6525.068524097401,0.2796098467254993,0.674281655219478,-6537.336337210027,-0.14972555910082108,0/8,2906.686779408682,False
M5,rsi,L,1.0,1.5,5747,-3359.9271143657757,0.40786497302940666,0.3988269916932116,-3361.9879418678793,-0.14995145972385,0/8,862.2996104564834,False
M5,rsi,L,1.0,2.0,5747,-3124.927114365775,0.36488602749260485,0.4860422946454665,-3127.9879418678756,-0.1498966112960676,0/8,862.2996104564834,False
M5,rsi,L,1.0,3.0,5747,-2791.706536838169,0.2944144771184966,0.5886449736394351,-2794.2708464648867,-0.14990573792590825,0/8,862.2996104564834,False
M5,rsi,L,2.0,1.5,5747,-1641.7337583295514,0.4149991299808596,0.6312012317990625,-1645.1083856803343,-0.1497356475738359,0/8,862.2996104564834,False
M5,rsi,L,2.0,2.0,5747,-1487.1746110381225,0.36018792413433093,0.6955512292247349,-1495.6646025745151,-0.14919172653193521,0/8,862.2996104564834,False
M5,rsi,L,2.0,3.0,5747,-1278.8976598641918,0.2938924656342439,0.7637977543356856,-1287.3594784641034,-0.14905719713531718,0/8,862.2996104564834,False
M5,rsi,S,1.0,1.5,5868,-3756.163830039031,0.40354464894342196,0.36393385265893596,-3760.5561471023257,-0.14983569717470022,0/8,880.2640164625251,False
M5,rsi,S,1.0,2.0,5868,-3496.5858356899507,0.36537150647580097,0.45418895586460445,-3503.4553679500273,-0.14971676986868324,0/8,880.2640164625251,False
M5,rsi,S,1.0,3.0,5868,-3031.992004704549,0.3007839127471029,0.5741042290112557,-3037.8615369646323,-0.14972106938985275,0/8,880.2640164625251,False
M5,rsi,S,2.0,1.5,5868,-1748.7581919557451,0.4224608043626448,0.6199077134725873,-1755.0515959753902,-0.14947298833170722,0/8,880.2640164625251,False
M5,rsi,S,2.0,2.0,5868,-1659.0596658460256,0.3619631901840491,0.674217316456981,-1684.324595937721,-0.14776074032991082,1/8,880.2640164625251,False
M5,rsi,S,2.0,3.0,5868,-1465.1448375632613,0.2898773006134969,0.7420082938775114,-1514.4744960934572,-0.14512473473691018,1/8,880.2640164625251,False
M5,vwap_mss,L,1.0,1.5,4620,-6134.829642144028,0.2119047619047619,0.11380980136539862,-6133.339297603299,-0.15007368454979583,0/8,693.1719882585514,False
M5,vwap_mss,L,1.0,2.0,4620,-6032.329642144028,0.19675324675324676,0.15671952774545606,-6030.839297603299,-0.15007430418320855,0/8,693.1719882585514,False
M5,vwap_mss,L,1.0,3.0,4620,-5880.329642144028,0.1606060606060606,0.21450806210216586,-5878.839297603299,-0.15007526283293554,0/8,693.1719882585514,False
M5,vwap_mss,L,2.0,1.5,4620,-3144.8923883345738,0.30822510822510824,0.3274432866339314,-3147.2706796310317,-0.149923848585758,0/8,693.1719882585514,False
M5,vwap_mss,L,2.0,2.0,4620,-3044.4973131572033,0.26774891774891774,0.38605778114544637,-3043.9917187039878,-0.15006214745954494,0/8,693.1719882585514,False
M5,vwap_mss,L,2.0,3.0,4620,-2846.078066921109,0.21688311688311687,0.46363798099350106,-2846.1381543160005,-0.15003405932429098,0/8,693.1719882585514,False
M5,vwap_mss,S,1.0,1.5,4625,-6158.916286674037,0.2211891891891892,0.11727471140308411,-6159.87291232379,-0.15010298952037449,0/8,694.334156331616,False
M5,vwap_mss,S,1.0,2.0,4625,-6000.416286674037,0.2077837837837838,0.16451004902545746,-6001.87291232379,-0.15008986914073705,0/8,694.334156331616,False
M5,vwap_mss,S,1.0,3.0,4625,-5909.416286674037,0.16583783783783784,0.22117191834224093,-5911.8729123237845,-0.15006392043545655,0/8,694.334156331616,False
M5,vwap_mss,S,2.0,1.5,4625,-3254.1796471945936,0.3031351351351351,0.3190950023450916,-3255.407960019471,-0.15006965923120535,0/8,694.334156331616,False
M5,vwap_mss,S,2.0,2.0,4625,-3175.27668051321,0.2616216216216216,0.3733092210560034,-3174.004993338088,-0.15018645321952415,0/8,694.334156331616,False
M5,vwap_mss,S,2.0,3.0,4625,-3039.2255464793216,0.2077837837837838,0.44042073926492775,-3037.953859304197,-0.15018914692724714,0/8,694.334156331616,False
M5,vwap_mom,L,1.0,1.5,32893,-29340.3584430511,0.352141793086675,0.2474397832527879,-29342.638297763122,-0.14999561755274748,0/8,4934.189223182734,False
M5,vwap_mom,L,1.0,2.0,32893,-28070.3584430511,0.32392910345666254,0.32472617149166466,-28073.638297763064,-0.149989747357366,0/8,4934.189223182734,False
M5,vwap_mom,L,1.0,3.0,32893,-26409.25537022408,0.2659532423311951,0.42078651304253345,-26411.78213022133,-0.14999292188647834,0/8,4934.189223182734,False
M5,vwap_mom,L,2.0,1.5,32893,-14648.27255365529,0.3912078557747849,0.4908741529052994,-14649.53593365396,-0.14999433610039256,0/8,4934.189223182734,False
M5,vwap_mom,L,2.0,2.0,32893,-13480.996245994185,0.3426564922627915,0.5681021796284479,-13482.75962599283,-0.14998765365280559,0/8,4934.189223182734,False
M5,vwap_mom,L,2.0,3.0,32893,-11856.069113084071,0.2752865351290548,0.6552766636066929,-11858.83249308269,-0.14997231763321103,0/8,4934.189223182734,False
M5,vwap_mom,S,1.0,1.5,31070,-27158.736513833253,0.35214032829095593,0.25615336128433336,-27157.283876904377,-0.15001230170852478,0/8,4660.6329178906535,False
M5,vwap_mom,S,1.0,2.0,31070,-26033.925314791202,0.32442870936594786,0.3323417378598969,-26032.4726778624,-0.15001264839636025,0/8,4660.6329178906535,False
M5,vwap_mom,S,1.0,3.0,31070,-24467.20439010456,0.26485355648535563,0.4273109352392474,-24466.740933408426,-0.15000711944203804,0/8,4660.6329178906535,False
M5,vwap_mom,S,2.0,1.5,31070,-13702.918046545072,0.38921789507563564,0.4944490298593895,-13704.186318196998,-0.14999039567389139,0/8,4660.6329178906535,False
M5,vwap_mom,S,2.0,2.0,31070,-12986.66921785536,0.3368200836820084,0.5600858414542774,-12985.442899390955,-0.1500184441087174,0/8,4660.6329178906535,False
M5,vwap_mom,S,2.0,3.0,31070,-12184.002720627483,0.26472481493401995,0.6276324472685787,-12182.776402163077,-0.1500193774468468,0/8,4660.6329178906535,False
M15,fvg_break,L,1.0,1.5,14685,-6260.547317579064,0.4032005447735785,0.5056575615096115,-6259.3745232505635,-0.1500454356186311,0/8,2203.0044537998488,False
M15,fvg_break,L,1.0,2.0,14685,-5612.089602022463,0.3557371467483827,0.5911038839983512,-5616.36218804578,-0.14990320342453212,0/8,2203.0044537998488,False
M15,fvg_break,L,1.0,3.0,14685,-4679.006575120326,0.2881852230166837,0.6913377902418032,-4696.486821694071,-0.1494589654421677,0/8,2203.0044537998488,False
M15,fvg_break,L,2.0,1.5,14685,-2812.2803995980003,0.4164113040517535,0.7258360990576632,-2816.009745732021,-0.14981865395344704,0/8,2203.0044537998488,False
M15,fvg_break,L,2.0,2.0,14685,-2272.7413687953035,0.37058222676200203,0.7940000777883265,-2272.921579781437,-0.1500054331812621,0/8,2203.0044537998488,False
M15,fvg_break,L,2.0,3.0,14685,-1291.0771424342008,0.3239359891045284,0.8907583825781861,-1544.1147192541603,-0.12543364818813446,2/8,2203.0044537998488,False
M15,fvg_break,S,1.0,1.5,14070,-6437.131499116162,0.3934612651030561,0.4799433582019793,-6444.686126413738,-0.14985493716555234,0/8,2110.9334565619224,False
M15,fvg_break,S,1.0,2.0,14070,-5870.599150786213,0.3447050461975835,0.5625807811565362,-5875.653778083774,-0.14990174069066906,0/8,2110.9334565619224,False
M15,fvg_break,S,1.0,3.0,14070,-5194.390353432314,0.27469793887704336,0.6501225000299463,-5197.779696497945,-0.14993297578357453,0/8,2110.9334565619224,False
M15,fvg_break,S,2.0,1.5,14070,-3226.059129478921,0.39964463397299216,0.6823847723620553,-3242.124862907379,-0.14928735800337703,0/8,2110.9334565619224,False
M15,fvg_break,S,2.0,2.0,14070,-2951.196750395702,0.3486851457000711,0.7311039167698091,-2979.400343196299,-0.14861058585944467,0/8,2110.9334565619224,False
M15,fvg_break,S,2.0,3.0,14070,-2591.84714403391,0.2941009239516702,0.7811958794965759,-2673.847182483359,-0.14542974690893484,1/8,2110.9334565619224,False
M15,fvg_retest,L,1.0,1.5,9127,-6011.8807328705525,0.3136846718527446,0.340253027250434,-6010.7079385420275,-0.15004659846983628,0/8,1369.2081477583397,False
M15,fvg_retest,L,1.0,2.0,9127,-5646.765233669124,0.27851429823600304,0.41212131620603876,-5647.106229446072,-0.15000826879279514,0/8,1369.2081477583397,False
M15,fvg_retest,L,1.0,3.0,9127,-5172.895493555175,0.2259230853511559,0.49747215093591246,-5183.537232227381,-0.14970934372108088,0/8,1369.2081477583397,False
M15,fvg_retest,L,2.0,1.5,9127,-2960.6940023326074,0.3639750191738797,0.5763670499041973,-2965.364500221081,-0.14978104770381687,0/8,1369.2081477583397,False
M15,fvg_retest,L,2.0,2.0,9127,-2671.338919156169,0.32496986961761803,0.6395013172015626,-2671.955044604962,-0.14998273500518125,0/8,1369.2081477583397,False
M15,fvg_retest,L,2.0,3.0,9127,-2079.6420479191224,0.28508819984660894,0.734143657169459,-2078.555650754864,-0.15009573691039324,1/8,1369.2081477583397,False
M15,fvg_retest,S,1.0,1.5,8603,-5999.262495475346,0.3002441008950366,0.3165048627868219,-6001.812877066144,-0.1499728290691163,0/8,1290.7647398621327,False
M15,fvg_retest,S,1.0,2.0,8603,-5693.8848556616695,0.2646751133325584,0.3837472186654002,-5694.9352372524545,-0.15000891194469632,0/8,1290.7647398621327,False
M15,fvg_retest,S,1.0,3.0,8603,-5499.127063974533,0.20725328373823085,0.4475390513484007,-5498.177445565325,-0.1500624984838501,0/8,1290.7647398621327,False
M15,fvg_retest,S,2.0,1.5,8603,-3178.878141836238,0.3434848308729513,0.5332688729640116,-3179.013766595512,-0.15003018395642526,0/8,1290.7647398621327,False
M15,fvg_retest,S,2.0,2.0,8603,-3026.887621978208,0.2994304312449146,0.5818501077991539,-3027.977236855915,-0.1499825943664596,0/8,1290.7647398621327,False
M15,fvg_retest,S,2.0,3.0,8603,-2815.0939895992865,0.2530512611879577,0.634336556341804,-2821.8394855964275,-0.14967792835745378,0/8,1290.7647398621327,False
M15,fvg_fade,L,1.0,1.5,14070,-5038.469363349139,0.43049040511727077,0.5633529160704426,-5037.224560094444,-0.15006788288903092,0/8,2110.9334565619224,False
M15,fvg_fade,L,1.0,2.0,14070,-4504.770771473106,0.3770433546552949,0.645197558036959,-4505.40971327877,-0.15000953029100658,0/8,2110.9334565619224,False
M15,fvg_fade,L,1.0,3.0,14070,-3547.0278533918645,0.30646766169154227,0.7496697379671936,-3565.864118018282,-0.14923828676734213,0/8,2110.9334565619224,False
M15,fvg_fade,L,2.0,1.5,14070,-2225.3819973491177,0.4321961620469083,0.7683510681521637,-2243.1995644538015,-0.14883912361785848,0/8,2110.9334565619224,False
M15,fvg_fade,L,2.0,2.0,14070,-1706.2974385027405,0.3845771144278607,0.8354271544041216,-1724.2608307788248,-0.14846778246202744,1/8,2110.9334565619224,False
M15,fvg_fade,L,2.0,3.0,14070,-1022.9771341782059,0.33603411513859277,0.9084612214732528,-1251.3819247577717,-0.12264687710241125,1/8,2110.9334565619224,False
M15,fvg_fade,S,1.0,1.5,14685,-5548.836890595845,0.4226081035069799,0.5452683136985749,-5556.241584568137,-0.14981740231911525,0/8,2203.0044537998488,False
M15,fvg_fade,S,1.0,2.0,14685,-4980.403725040764,0.3690840994211781,0.6285015214253631,-4990.308419013042,-0.14971957518150414,0/8,2203.0044537998488,False
M15,fvg_fade,S,1.0,3.0,14685,-4366.089928956005,0.2926796050391556,0.7092354527924375,-4383.1241702267,-0.14943431150227154,0/8,2203.0044537998488,False
M15,fvg_fade,S,2.0,1.5,14685,-2912.4126212503597,0.41144024514811034,0.7171318058317234,-2927.886128369261,-0.1492245049003886,0/8,2203.0044537998488,False
M15,fvg_fade,S,2.0,2.0,14685,-2498.201986132871,0.3631596867551924,0.7753036218357174,-2548.322892427087,-0.1470667577241111,1/8,2203.0044537998488,False
M15,fvg_fade,S,2.0,3.0,14685,-2100.1450425883877,0.3103847463398025,0.8254202420194833,-2213.36127492813,-0.1423437511731214,3/8,2203.0044537998488,False
M15,ob,L,1.0,1.5,234,-349.9181149905208,0.038461538461538464,0.025013231965860003,-350.9642136526961,-0.1501883257375886,0/8,35.249133268319504,False
M15,ob,L,1.0,2.0,234,-347.9181149905208,0.038461538461538464,0.03671396058779276,-349.9642136526961,-0.14975660640261879,0/8,35.249133268319504,False
M15,ob,L,1.0,3.0,234,-350.9181149905208,0.02564102564102564,0.03958073893871561,-354.9642136526961,-0.1489202655670744,0/8,35.249133268319504,False
M15,ob,L,2.0,1.5,234,-257.6348256493327,0.07692307692307693,0.07973852205936159,-259.1578749804202,-0.1497520386172174,0/8,35.249133268319504,False
M15,ob,L,2.0,2.0,234,-259.18960606613246,0.0641025641025641,0.08741000049193981,-261.71265539722003,-0.14918509768096583,0/8,35.249133268319504,False
M15,ob,L,2.0,3.0,234,-259.8775646512636,0.05128205128205128,0.09793499652562607,-264.40061398235116,-0.14806039860811032,0/8,35.249133268319504,False
M15,ob,S,1.0,1.5,186,-293.1534622699171,0.026881720430107527,0.014024700227720798,-291.73594842680774,-0.15129190705664608,0/8,28.004225170681437,False
M15,ob,S,1.0,2.0,186,-290.6534622699171,0.026881720430107527,0.02243305478149079,-289.23594842680774,-0.1512982302391604,0/8,28.004225170681437,False
M15,ob,S,1.0,3.0,186,-289.6534622699171,0.021505376344086023,0.031604608704152805,-288.23594842680774,-0.15130079022469714,0/8,28.004225170681437,False
M15,ob,S,2.0,1.5,186,-208.32673113495855,0.08064516129032258,0.08002026937259453,-207.11797421340395,-0.15143903252396307,0/8,28.004225170681437,False
M15,ob,S,2.0,2.0,186,-203.82673113495855,0.07526881720430108,0.10432887154897053,-202.61797421340395,-0.15145854742466797,0/8,28.004225170681437,False
M15,ob,S,2.0,3.0,186,-205.08671905654174,0.053763440860215055,0.11550976790323551,-203.87796213498711,-0.15145299646950036,0/8,28.004225170681437,False
M15,orb,L,1.0,1.5,1771,-645.2421953860614,0.409373235460192,0.5571462328087057,-646.531156921235,-0.1498304249985689,0/8,265.879755778008,False
M15,orb,L,1.0,2.0,1771,-520.7061888584963,0.36702428006775834,0.6657409013303388,-521.7849196555117,-0.1498193561344245,0/8,265.879755778008,False
M15,orb,L,1.0,3.0,1771,-342.0310426981691,0.3060417843026539,0.8013747377759112,-343.31131726930624,-0.14956986930345909,0/8,265.879755778008,False
M15,orb,L,2.0,1.5,1771,-220.32154330299903,0.4330886504799548,0.8117885679718972,-221.61621645614252,-0.14925268028371463,0/8,265.879755778008,False
M15,orb,L,2.0,2.0,1771,-187.20385650939966,0.38170525127046867,0.8527773951531021,-188.497740344633,-0.14909921359616973,0/8,265.879755778008,False
M15,orb,L,2.0,3.0,1771,-68.60114973483215,0.33540372670807456,0.9496786209161755,-125.04884500287469,-0.08236039477271877,2/8,265.879755778008,False
M15,orb,S,1.0,1.5,1733,-718.8426677870241,0.380265435660704,0.5143700081135697,-719.272019695553,-0.14998488897409917,0/8,260.07906045094245,False
M15,orb,S,1.0,2.0,1733,-627.1901501898703,0.3398730525100981,0.6042123621046636,-628.6195020983988,-0.14973323368274752,0/8,260.07906045094245,False
M15,orb,S,1.0,3.0,1733,-531.8866321574984,0.27351413733410274,0.6941156734738517,-533.3330622386331,-0.14966746163384664,0/8,260.07906045094245,False
M15,orb,S,2.0,1.5,1733,-359.59150967067876,0.3935372186959031,0.7043645878679873,-361.9672802622753,-0.1490894591603872,0/8,260.07906045094245,False
M15,orb,S,2.0,2.0,1733,-323.41423705436523,0.34333525678015003,0.7520198914219464,-330.816856746522,-0.1467162871601803,0/8,260.07906045094245,False
M15,orb,S,2.0,3.0,1733,-271.76005345072207,0.2977495672244662,0.8054366700611127,-290.7106230686197,-0.1402915592704713,3/8,260.07906045094245,False
M15,bb_meanrev,L,1.0,1.5,6887,-2525.153285894688,0.43095687527225207,0.5571982046960169,-2525.7395510887354,-0.14999469897308892,0/8,1033.2533267155584,False
M15,bb_meanrev,L,1.0,2.0,6887,-2166.88966820348,0.3798460868302599,0.6520923076722429,-2169.373566572948,-0.14985774183590234,0/8,1033.2533267155584,False
M15,bb_meanrev,L,1.0,3.0,6887,-1824.4988897339736,0.3028895019602149,0.7395755121890122,-1830.982788103439,-0.1494982369031779,0/8,1033.2533267155584,False
M15,bb_meanrev,L,2.0,1.5,6887,-1101.2884013467763,0.43226368520400754,0.7674133558954384,-1105.4928364249217,-0.1494589276254197,0/8,1033.2533267155584,False
M15,bb_meanrev,L,2.0,2.0,6887,-813.9585921846917,0.3865253375925657,0.8404272890049787,-825.2096772616486,-0.14798398868383542,1/8,1033.2533267155584,False
M15,bb_meanrev,L,2.0,3.0,6887,-559.4482954877228,0.33192972266589227,0.8988426567590524,-601.3843555629511,-0.1395675831706954,1/8,1033.2533267155584,False
M15,bb_meanrev,S,1.0,1.5,6672,-2542.5081472920374,0.4292565947242206,0.543672893911085,-2547.360557000189,-0.14975526913911194,0/8,1001.0740791455567,False
M15,bb_meanrev,S,1.0,2.0,6672,-2333.574596746541,0.3720023980815348,0.6205982614357114,-2336.2516903558503,-0.14986914804099755,0/8,1001.0740791455567,False
M15,bb_meanrev,S,1.0,3.0,6672,-1974.262575612258,0.2976618705035971,0.7135906677277183,-1979.7126086563367,-0.1496280246920603,1/8,1001.0740791455567,False
M15,bb_meanrev,S,2.0,1.5,6672,-1361.122886623225,0.4157673860911271,0.7128306437824832,-1369.845040804464,-0.14908572903424983,0/8,1001.0740791455567,False
M15,bb_meanrev,S,2.0,2.0,6672,-1198.5987861431831,0.36360911270983215,0.7674525218744086,-1225.313691547906,-0.14676980793723718,0/8,1001.0740791455567,False
M15,bb_meanrev,S,2.0,3.0,6672,-1004.8543980187427,0.3087529976019185,0.8200966951953176,-1059.0650571538595,-0.14236088435442784,3/8,1001.0740791455567,False
M15,rsi,L,1.0,1.5,2016,-445.4823932455371,0.43601190476190477,0.7001947833700685,-447.9108956503304,-0.1492876281399324,0/8,302.604532495441,False
M15,rsi,L,1.0,2.0,2016,-356.52570479934093,0.37996031746031744,0.7815911833510245,-360.023069048959,-0.14864332732316213,0/8,302.604532495441,False
M15,rsi,L,1.0,3.0,2016,-222.53317999700909,0.310515873015873,0.8773791266487988,-229.03054424662702,-0.14584322858158472,0/8,302.604532495441,False
M15,rsi,L,2.0,1.5,2016,-215.5923296606862,0.4290674603174603,0.8327468067806754,-222.78406933931976,-0.1452559977963199,0/8,302.604532495441,False
M15,rsi,L,2.0,2.0,2016,-139.6005063782344,0.39037698412698413,0.8984032785980809,-150.43319596386752,-0.13929265370932462,1/8,302.604532495441,False
M15,rsi,L,2.0,3.0,2016,-65.05346588467316,0.35119047619047616,0.9554575367131455,-84.32619622359755,-0.1157958059779435,2/8,302.604532495441,False
M15,rsi,S,1.0,1.5,2130,-660.9082798213614,0.4136150234741784,0.6045567833530822,-661.2424183204192,-0.15013164788393424,0/8,319.94208287460856,False
M15,rsi,S,1.0,2.0,2130,-562.3797762122005,0.3629107981220657,0.6912165903566826,-575.0517974786094,-0.1468975300793845,1/8,319.94208287460856,False
M15,rsi,S,1.0,3.0,2130,-388.6057064068165,0.2990610328638498,0.805973577825853,-410.13502062611235,-0.14232267031736598,1/8,319.94208287460856,False
M15,rsi,S,2.0,1.5,2130,-282.57497710448865,0.42488262910798125,0.7985475210884957,-302.91649344703734,-0.1401207794977793,1/8,319.94208287460856,False
M15,rsi,S,2.0,2.0,2130,-199.05608998356024,0.38309859154929576,0.8671667930839196,-243.67653681010097,-0.12270253061242939,3/8,319.94208287460856,False
M15,rsi,S,2.0,3.0,2130,-90.95855270605085,0.3492957746478873,0.9422813043711165,-164.22673315374294,-0.08319389389200085,5/8,319.94208287460856,False
M15,vwap_mss,L,1.0,1.5,2299,-1956.0315234883942,0.25489343192692476,0.24182675576189613,-1954.7734242663637,-0.1501331489830752,0/8,344.93410867639693,False
M15,vwap_mss,L,1.0,2.0,2299,-1857.8302756468233,0.22836015658982167,0.3044550737042094,-1857.0087226344333,-0.15010296207947035,0/8,344.93410867639693,False
M15,vwap_mss,L,1.0,3.0,2299,-1783.251856157302,0.18181818181818182,0.36805602007967597,-1783.4303031449128,-0.15002157249199602,0/8,344.93410867639693,False
M15,vwap_mss,L,2.0,1.5,2299,-995.1007041391184,0.3257938234014789,0.4791825866906509,-996.7426685681672,-0.1497894250793186,0/8,344.93410867639693,False
M15,vwap_mss,L,2.0,2.0,2299,-907.7846207194202,0.29317094388864723,0.5455298201711979,-909.9843641148566,-0.14967389516250643,0/8,344.93410867639693,False
M15,vwap_mss,L,2.0,3.0,2299,-806.4688476701015,0.254458460200087,0.6152790762943031,-805.3397980590884,-0.1502469293349508,0/8,344.93410867639693,False
M15,vwap_mss,S,1.0,1.5,2329,-1936.2459051545598,0.25289823958780594,0.24665539998366687,-1934.8894534520507,-0.1502974011548401,0/8,349.79742226753075,False
M15,vwap_mss,S,1.0,2.0,2329,-1855.4742260440769,0.22370115929583512,0.30546844398315043,-1854.1177743415674,-0.15030198803177022,0/8,349.79742226753075,False
M15,vwap_mss,S,1.0,3.0,2329,-1725.5849006762596,0.18462859596393302,0.3848106218693771,-1724.7776334827865,-0.1502624052869904,0/8,349.79742226753075,False
M15,vwap_mss,S,2.0,1.5,2329,-1034.0632871488087,0.317732932589094,0.46815979120219253,-1032.8850612975543,-0.15036343532914,0/8,349.79742226753075,False
M15,vwap_mss,S,2.0,2.0,2329,-921.6096129206582,0.2855302705023615,0.5452924094192455,-920.705979323922,-0.15033951631522693,0/8,349.79742226753075,False
M15,vwap_mss,S,2.0,3.0,2329,-831.6924815234299,0.24044654358093603,0.6131043775262933,-831.7888479266942,-0.15017470875689048,0/8,349.79742226753075,False
M15,vwap_mom,L,1.0,1.5,11908,-5057.440563030608,0.40485387974470943,0.5065482924913454,-5056.263865361526,-0.15004967173113015,0/8,1786.3757642136247,False
M15,vwap_mom,L,1.0,2.0,11908,-4554.774857058197,0.35471951629156867,0.5911605051582982,-4553.5981593891165,-0.15005352557138907,0/8,1786.3757642136247,False
M15,vwap_mom,L,1.0,3.0,11908,-3684.4700367510295,0.2883775613033255,0.7002330367786341,-3683.2933390819385,-0.15006268522949937,0/8,1786.3757642136247,False
M15,vwap_mom,L,2.0,1.5,11908,-2185.76348433525,0.4181222707423581,0.7375616804903578,-2190.251934990982,-0.149707337166353,0/8,1786.3757642136247,False
M15,vwap_mom,L,2.0,2.0,11908,-1790.6967311641972,0.3702552905609674,0.8005046803147705,-1792.7411200709885,-0.1498436877872215,1/8,1786.3757642136247,False
M15,vwap_mom,L,2.0,3.0,11908,-1121.9428980892321,0.31877729257641924,0.8839406592793378,-1354.4129574297385,-0.12426637966531467,1/8,1786.3757642136247,False
M15,vwap_mom,S,1.0,1.5,11289,-5096.85056207106,0.3906457613606165,0.48512569554536333,-5095.711299166517,-0.15006434996848303,0/8,1693.6977818853975,False
M15,vwap_mom,S,1.0,2.0,11289,-4648.841238259599,0.3425458410842413,0.5666659928811807,-4649.201975355051,-0.1500191660789876,0/8,1693.6977818853975,False
M15,vwap_mom,S,1.0,3.0,11289,-4076.532009721711,0.273629196563026,0.6551113415228811,-4077.191912363601,-0.1500065243251273,0/8,1693.6977818853975,False
M15,vwap_mom,S,2.0,1.5,11289,-2593.271313457384,0.3956063424572593,0.6804480906349706,-2593.115083315611,-0.15003984621167216,0/8,1693.6977818853975,False
M15,vwap_mom,S,2.0,2.0,11289,-2337.610347363158,0.3458233678802374,0.7324708969093368,-2340.333491986165,-0.14985623562265818,0/8,1693.6977818853975,False
M15,vwap_mom,S,2.0,3.0,11289,-2011.1129144819631,0.29045973956949245,0.7871471171863885,-2034.9233066795616,-0.14827531476669886,1/8,1693.6977818853975,False
H1,fvg_break,L,1.0,1.5,3366,-447.7223136317366,0.4263220439691028,0.8063450535470319,-446.5507887544738,-0.15057388348590187,1/8,505.5054994003769,False
H1,fvg_break,L,1.0,2.0,3366,-169.22231363173665,0.3829471182412359,0.931942438249727,-252.32280077868995,-0.10071934778987973,2/8,505.5054994003769,False
H1,fvg_break,L,1.0,3.0,3366,143.8722046057286,0.31194295900178254,1.0519236254813285,-108.87926957071478,0.19844651332610616,4/8,505.5054994003769,False
H1,fvg_break,L,2.0,1.5,3366,-4.472128264367939,0.4411764705882353,0.9978241471071916,-190.95584983514317,-0.003517167542398347,3/8,505.5054994003769,False
H1,fvg_break,L,2.0,2.0,3366,160.16724036492516,0.38829471182412356,1.0712471909818333,-184.72000294479267,0.13021815539272127,4/8,505.5054994003769,False
H1,fvg_break,L,2.0,3.0,3366,511.4568420776276,0.3312537136066548,1.2088333396659157,-152.81971925023925,0.502621854618808,5/8,505.5054994003769,False
H1,fvg_break,S,1.0,1.5,3130,-599.7601312251345,0.4,0.7322975239681165,-605.3126968960623,-0.14871819965079666,0/8,469.7974419122305,False
H1,fvg_break,S,1.0,2.0,3130,-433.6391882801396,0.3514376996805112,0.8211552611641751,-478.4087328027159,-0.1360491191650806,3/8,469.7974419122305,False
H1,fvg_break,S,1.0,3.0,3130,-228.89648509056553,0.2808306709265176,0.9147245795286989,-324.44237901154196,-0.10589314736215596,3/8,469.7974419122305,False
H1,fvg_break,S,2.0,1.5,3130,-262.6656607870401,0.4054313099041534,0.8705092649211134,-305.16353128642976,-0.1291924035050733,2/8,469.7974419122305,False
H1,fvg_break,S,2.0,2.0,3130,-230.61409041634437,0.34440894568690095,0.8967729673048064,-286.72610042902534,-0.12072158279701493,3/8,469.7974419122305,False
H1,fvg_break,S,2.0,3.0,3130,-18.549514088718517,0.2884984025559105,0.9923335133765674,-170.16523796395143,-0.016361684061707137,3/8,469.7974419122305,False
H1,fvg_retest,L,1.0,1.5,2019,-726.0291385704533,0.33580980683506684,0.5482141071509421,-724.8647292819144,-0.15042371019201586,0/8,303.2183864722712,False
H1,fvg_retest,L,1.0,2.0,2019,-633.0291385704534,0.29519564140663695,0.6286489857849625,-631.9195181712314,-0.15044617307181807,0/8,303.2183864722712,False
H1,fvg_retest,L,1.0,3.0,2019,-453.16144434651176,0.2441802872709262,0.7516327632236999,-451.9970350579747,-0.15056935145667869,0/8,303.2183864722712,False
H1,fvg_retest,L,2.0,1.5,2019,-256.7640876764341,0.38979692917285785,0.8090048021380732,-273.2466442016798,-0.1411232785877975,2/8,303.2183864722712,False
H1,fvg_retest,L,2.0,2.0,2019,-173.30416395119113,0.34175334323922735,0.8804555596383533,-224.78672047643667,-0.11578640229408295,2/8,303.2183864722712,False
H1,fvg_retest,L,2.0,3.0,2019,9.765515669413944,0.2907379891035166,1.0062733740541128,-203.14165260475343,0.007219637855165613,3/8,303.2183864722712,False
H1,fvg_retest,S,1.0,1.5,1865,-772.167658243806,0.3109919571045576,0.49631704834477813,-775.8377252591727,-0.1494822721450416,0/8,280.1094834232845,False
H1,fvg_retest,S,1.0,2.0,1865,-689.667658243806,0.2739946380697051,0.5729810546767169,-697.1549696345531,-0.14857971099331413,0/8,280.1094834232845,False
H1,fvg_retest,S,1.0,3.0,1865,-591.9739377222869,0.2193029490616622,0.6588136591211118,-621.2487938557229,-0.14311528005774324,1/8,280.1094834232845,False
H1,fvg_retest,S,2.0,1.5,1865,-452.0037906219783,0.3415549597855228,0.6630216218358851,-471.58380144945636,-0.14395679675150683,1/8,280.1094834232845,False
H1,fvg_retest,S,2.0,2.0,1865,-447.9066385878565,0.28900804289544235,0.6903717380062454,-469.39913755123627,-0.1433158383419057,1/8,280.1094834232845,False
H1,fvg_retest,S,2.0,3.0,1865,-314.6354814118257,0.24664879356568364,0.7946643379123076,-369.8394395595687,-0.12777428238994706,2/8,280.1094834232845,False
H1,fvg_fade,L,1.0,1.5,3130,-309.8535343584785,0.43738019169329073,0.8522211584730927,-363.66743135692997,-0.12788463119953486,1/8,469.7974419122305,False
H1,fvg_fade,L,1.0,2.0,3130,-182.960506471007,0.3782747603833866,0.9209822098039464,-294.3323845327358,-0.0933008531663425,2/8,469.7974419122305,False
H1,fvg_fade,L,1.0,3.0,3130,105.62879388924539,0.3079872204472843,1.0410207909712892,-100.23456638629963,0.15817254957223453,4/8,469.7974419122305,False
H1,fvg_fade,L,2.0,1.5,3130,-19.71848642227483,0.4380191693290735,0.9897351778948492,-118.54118534741853,-0.024967244843294153,2/8,469.7974419122305,False
H1,fvg_fade,L,2.0,2.0,3130,74.16734063230345,0.38083067092651757,1.0350541994616693,-110.51732611815949,0.10072763756718486,4/8,469.7974419122305,False
H1,fvg_fade,L,2.0,3.0,3130,408.7411416786259,0.32811501597444087,1.1786092451704195,-117.0077498765059,0.5243243608022485,6/8,469.7974419122305,False
H1,fvg_fade,S,1.0,1.5,3366,-419.75088468768206,0.4292929292929293,0.8174591285868913,-462.68594723925605,-0.13624390534562264,3/8,505.5054994003769,False
H1,fvg_fade,S,1.0,2.0,3366,-259.7228469665047,0.37433155080213903,0.8971706343151875,-329.1435039285481,-0.11850499045113029,4/8,505.5054994003769,False
H1,fvg_fade,S,1.0,3.0,3366,-90.44286283797908,0.29411764705882354,0.9682539861204723,-221.73140435435587,-0.06125744322966972,5/8,505.5054994003769,False
H1,fvg_fade,S,2.0,1.5,3366,-388.08667644666616,0.3948306595365419,0.8262274194766875,-440.1256207012576,-0.13242313204635747,2/8,505.5054994003769,False
H1,fvg_fade,S,2.0,2.0,3366,-323.64356269993056,0.33868092691622104,0.8671102711765445,-400.64052408023696,-0.12131761699070306,2/8,505.5054994003769,False
H1,fvg_fade,S,2.0,3.0,3366,-179.03919800202578,0.27807486631016043,0.9326007704946483,-306.21542167633135,-0.08780774777595435,4/8,505.5054994003769,False
H1,ob,L,1.0,1.5,100,-118.38465420300484,0.03,0.029772018492975734,-117.22315900406586,-0.15297306344856287,0/8,15.14722145424385,False
H1,ob,L,1.0,2.0,100,-116.88465420300484,0.03,0.04206535145963653,-115.72315900406586,-0.15299251740556305,0/8,15.14722145424385,False
H1,ob,L,1.0,3.0,100,-113.88465420300484,0.03,0.06665201739295809,-112.72315900406586,-0.1530329785550701,0/8,15.14722145424385,False
H1,ob,L,2.0,1.5,100,-92.94232710150241,0.08,0.10602100584916589,-91.86157950203295,-0.15325427874316824,0/8,15.14722145424385,False
H1,ob,L,2.0,2.0,100,-97.94232710150241,0.05,0.08755112152807795,-96.86157950203295,-0.15316228849224053,0/8,15.14722145424385,False
H1,ob,L,2.0,3.0,100,-99.73200065382602,0.04,0.08035559796090123,-98.65125305435657,-0.1531316281553894,0/8,15.14722145424385,False
H1,ob,S,1.0,1.5,48,-54.86332300733656,0.041666666666666664,0.047518255113386046,-53.47256721135512,-0.1574192756194492,0/8,7.36458151013407,False
H1,ob,S,1.0,2.0,48,-56.86332300733656,0.020833333333333332,0.031728002179451854,-55.472567211355106,-0.15727540291411296,0/8,7.36458151013407,False
H1,ob,S,1.0,3.0,48,-55.86332300733656,0.020833333333333332,0.048756060805143164,-54.472567211355106,-0.15734601866897652,0/8,7.36458151013407,False
H1,ob,S,2.0,1.5,48,-48.93166150366828,0.041666666666666664,0.0550821638772019,-47.73628360567755,-0.1572708353543304,0/8,7.36458151013407,False
H1,ob,S,2.0,2.0,48,-50.93166150366829,0.020833333333333332,0.03634154831203482,-49.73628360567755,-0.15711633833064184,0/8,7.36458151013407,False
H1,ob,S,2.0,3.0,48,-49.93166150366829,0.020833333333333332,0.0552621651393213,-48.73628360567755,-0.15719200181166046,0/8,7.36458151013407,False
H1,orb,L,1.0,1.5,825,-135.571058971578,0.41575757575757577,0.7663787063693414,-137.24595119820987,-0.14848452225358133,0/8,124.0131353316414,False
H1,orb,L,1.0,2.0,825,-99.071058971578,0.3612121212121212,0.8441422045197305,-99.88678406481364,-0.1490913726911633,0/8,124.0131353316414,False
H1,orb,L,1.0,3.0,825,28.414828019363906,0.3103030303030303,1.041446898896054,-33.74868821091108,0.1265615759665489,5/8,124.0131353316414,False
H1,orb,L,2.0,1.5,825,18.48654202248497,0.4509090909090909,1.037072141889117,-38.23200421079339,0.07268459184275809,5/8,124.0131353316414,False
H1,orb,L,2.0,2.0,825,33.937606334459275,0.38545454545454544,1.060905023331443,-46.21515503964781,0.11038511956512789,5/8,124.0131353316414,False
H1,orb,L,2.0,3.0,825,115.11396992990129,0.32484848484848483,1.1886248793994951,-29.644297845655938,0.5837146624614605,6/8,124.0131353316414,False
H1,orb,S,1.0,1.5,810,-223.2863736997986,0.37037037037037035,0.635098816568582,-222.10517727854966,-0.15098374468324202,0/8,121.64987664473684,False
H1,orb,S,1.0,2.0,810,-226.2863736997986,0.3074074074074074,0.6637963798317331,-225.77474519604618,-0.15052536743303613,0/8,121.64987664473684,False
H1,orb,S,1.0,3.0,810,-177.28637369979862,0.24567901234567902,0.7583237360166221,-178.77474519604624,-0.1489346822264788,1/8,121.64987664473684,False
H1,orb,S,2.0,1.5,810,-130.2788634669379,0.3765432098765432,0.7650930649750898,-136.64035702831734,-0.14319294695063006,2/8,121.64987664473684,False
H1,orb,S,2.0,2.0,810,-110.83077817595172,0.32469135802469135,0.8155722646216593,-116.67013227695153,-0.14266825400173883,2/8,121.64987664473684,False
H1,orb,S,2.0,3.0,810,-95.81422085257813,0.26296296296296295,0.8536995267614184,-119.72307508107556,-0.12019288596440846,4/8,121.64987664473684,False
H1,bb_meanrev,L,1.0,1.5,1555,-176.83512463701695,0.4437299035369775,0.8323360021852891,-198.83983141962844,-0.1334938327848257,1/8,233.41375708488158,False
H1,bb_meanrev,L,1.0,2.0,1555,-92.83512463701697,0.3877813504823151,0.920161262449977,-153.08045830809567,-0.09103085605194834,3/8,233.41375708488158,False
H1,bb_meanrev,L,1.0,3.0,1555,56.13986429749306,0.3157556270096463,1.0432323265360208,-115.44772516927642,0.07299313799935368,5/8,233.41375708488158,False
H1,bb_meanrev,L,2.0,1.5,1555,-49.876803864078674,0.4340836012861736,0.9489468946597637,-114.35220726428284,-0.06547117266956336,3/8,233.41375708488158,False
H1,bb_meanrev,L,2.0,2.0,1555,10.128364878333844,0.3787781350482315,1.0094558647621377,-89.85463212892385,0.01691978826312758,3/8,233.41375708488158,False
H1,bb_meanrev,L,2.0,3.0,1555,102.30766118730821,0.312540192926045,1.0865248087584582,-76.84768952172631,0.19983584797105874,4/8,233.41375708488158,False
H1,bb_meanrev,S,1.0,1.5,1493,-193.03607767086066,0.4413931681178835,0.8121371558180157,-214.143020781781,-0.13540064802782326,2/8,224.25699108978753,False
H1,bb_meanrev,S,1.0,2.0,1493,-110.0360776708607,0.3864701942397857,0.9026182942522188,-144.44749033803194,-0.11442246079815753,3/8,224.25699108978753,False
H1,bb_meanrev,S,1.0,3.0,1493,13.96392232913928,0.31078365706630945,1.0110091495951938,-120.00412867873781,0.01747822877590383,4/8,224.25699108978753,False
H1,bb_meanrev,S,2.0,1.5,1493,-63.94162299201332,0.43000669792364365,0.9326356581489701,-101.66547071817564,-0.09447053238313809,3/8,224.25699108978753,False
H1,bb_meanrev,S,2.0,2.0,1493,-49.858060864417446,0.36302746148693904,0.9528889487994759,-113.45509921402655,-0.06600814780799427,4/8,224.25699108978753,False
H1,bb_meanrev,S,2.0,3.0,1493,62.78842645587968,0.2993971868720697,1.0542136411638787,-88.48533641452019,0.10658460401306658,5/8,224.25699108978753,False
H1,rsi,L,1.0,1.5,595,-105.07796395733794,0.3899159663865546,0.7477992394576637,-107.6280267259177,-0.14699686644475954,0/8,89.58571649404854,False
H1,rsi,L,1.0,2.0,595,-58.07796395733796,0.35126050420168065,0.8689117402274017,-62.628026725917636,-0.13962540967047826,3/8,89.58571649404854,False
H1,rsi,L,1.0,3.0,595,-2.485603537710265,0.28907563025210087,0.9949031888179517,-42.7448003301156,-0.008755286686646876,4/8,89.58571649404854,False
H1,rsi,L,2.0,1.5,595,-50.94679045024202,0.3983193277310924,0.8671575824982636,-55.111833784847,-0.13918542929600042,2/8,89.58571649404854,False
H1,rsi,L,2.0,2.0,595,-25.585333886925277,0.3495798319327731,0.9381421564973892,-33.18589486821154,-0.11608052445081779,3/8,89.58571649404854,False
H1,rsi,L,2.0,3.0,595,20.096875672563424,0.3042016806722689,1.0457262275680157,-28.917752559745267,0.10463712879384252,5/8,89.58571649404854,False
H1,rsi,S,1.0,1.5,658,-128.57711788533797,0.3905775075987842,0.7259183678732536,-142.83572831337898,-0.13551782600529932,1/8,99.05935288864464,False
H1,rsi,S,1.0,2.0,658,-120.07711788533797,0.32978723404255317,0.7677488693766469,-138.27802852007912,-0.13073042386992026,2/8,99.05935288864464,False
H1,rsi,S,1.0,3.0,658,-31.077117885337955,0.2811550151975684,0.9439980147627437,-73.09180921566623,-0.06400908458324682,3/8,99.05935288864464,False
H1,rsi,S,2.0,1.5,658,-66.21156120267234,0.3951367781155015,0.846712567179413,-79.21715737054275,-0.12582999145187873,2/8,99.05935288864464,False
H1,rsi,S,2.0,2.0,658,-49.77417419512007,0.34194528875379937,0.8938185644663484,-75.63289740997904,-0.09907473475637306,3/8,99.05935288864464,False
H1,rsi,S,2.0,3.0,658,-5.050806087266043,0.2917933130699088,0.9899734544245609,-56.21437501273037,-0.013526421038148105,4/8,99.05935288864464,False
H1,vwap_mss,L,1.0,1.5,861,-531.7158498165168,0.23809523809523808,0.332545749921561,-530.7323804001016,-0.15068535339523664,0/8,129.50012010569301,False
H1,vwap_mss,L,1.0,2.0,861,-483.2158498165168,0.21718931475029035,0.4102341603154259,-482.7323804001015,-0.1505572798451106,0/8,129.50012010569301,False
H1,vwap_mss,L,1.0,3.0,861,-420.5272322566471,0.18234610917537747,0.5082750062871175,-424.70025220987054,-0.14892877788615821,0/8,129.50012010569301,False
H1,vwap_mss,L,2.0,1.5,861,-275.6947949600485,0.3170731707317073,0.576621549442941,-280.31105362616324,-0.14792969531760072,0/8,129.50012010569301,False
H1,vwap_mss,L,2.0,2.0,861,-229.55276855944112,0.2857142857142857,0.6630132856460689,-238.05968778312348,-0.1450319529551226,0/8,129.50012010569301,False
H1,vwap_mss,L,2.0,3.0,861,-160.33079403943918,0.24274099883855982,0.7777189904773169,-190.57039845636695,-0.12654020134403135,2/8,129.50012010569301,False
H1,vwap_mss,S,1.0,1.5,772,-535.1641350555417,0.20725388601036268,0.27607193904830646,-533.9926784620953,-0.1511645573447559,0/8,116.44358793468348,False
H1,vwap_mss,S,1.0,2.0,772,-524.6641350555417,0.17746113989637305,0.3159485714276134,-523.4926784620952,-0.15117119428433634,0/8,116.44358793468348,False
H1,vwap_mss,S,1.0,3.0,772,-492.66413505554175,0.14378238341968913,0.3837816723097241,-491.4926784620954,-0.15119317019055337,0/8,116.44358793468348,False
H1,vwap_mss,S,2.0,1.5,772,-283.5800553279842,0.29533678756476683,0.5286055094192429,-282.4943270312609,-0.15141337167588068,0/8,116.44358793468348,False
H1,vwap_mss,S,2.0,2.0,772,-274.8531086161458,0.25129533678756477,0.5694363784697107,-273.76738031942244,-0.15143185118063887,0/8,116.44358793468348,False
H1,vwap_mss,S,2.0,3.0,772,-206.8951960282194,0.2189119170984456,0.6884320733282826,-220.8058783528691,-0.1413312024719516,1/8,116.44358793468348,False
H1,vwap_mom,L,1.0,1.5,2924,-337.672353083776,0.43399452804377564,0.8302499752918819,-343.8021171782417,-0.14741893437950565,1/8,438.877865863055,False
H1,vwap_mom,L,1.0,2.0,2924,-216.17235308377596,0.3755129958960328,0.9013509752236667,-305.54169113823343,-0.10619302250741262,2/8,438.877865863055,False
H1,vwap_mom,L,1.0,3.0,2924,143.14540547313632,0.3129274965800274,1.0594465125080617,-137.1871650940235,0.15661387727649162,3/8,438.877865863055,False
H1,vwap_mom,L,2.0,1.5,2924,16.638577848771906,0.4432284541723666,1.009340547392134,-158.04959255431348,0.015801165890028314,3/8,438.877865863055,False
H1,vwap_mom,L,2.0,2.0,2924,204.29681456893383,0.393296853625171,1.1056179399686417,-147.44129189826867,0.2079738720889886,3/8,438.877865863055,False
H1,vwap_mom,L,2.0,3.0,2924,545.8697900332397,0.33584131326949385,1.2580039686194644,-134.16786123534163,0.6106704050439551,6/8,438.877865863055,False
H1,vwap_mom,S,1.0,1.5,2716,-513.1359972236572,0.40316642120765833,0.7357659219230047,-518.4421589538254,-0.14852068840837285,1/8,407.55342531411554,False
H1,vwap_mom,S,1.0,2.0,2716,-399.2594388195989,0.35051546391752575,0.8110507055381398,-422.73615602250635,-0.14172307930325195,4/8,407.55342531411554,False
H1,vwap_mom,S,1.0,3.0,2716,-212.41190042994782,0.2809278350515464,0.9092348097216609,-284.41194164095623,-0.11206907807566452,4/8,407.55342531411554,False
H1,vwap_mom,S,2.0,1.5,2716,-253.9730866585275,0.40316642120765833,0.8568037334505136,-291.5061647378367,-0.13073586224165515,2/8,407.55342531411554,False
H1,vwap_mom,S,2.0,2.0,2716,-172.25851239032713,0.3490427098674521,0.9108880920399176,-238.85661060211413,-0.10821767745919826,2/8,407.55342531411554,False
H1,vwap_mom,S,2.0,3.0,2716,-30.55666820373515,0.28755522827687774,0.9855421727572822,-167.2038158940137,-0.02742297677276949,5/8,407.55342531411554,False
H4,fvg_break,L,1.0,1.5,833,39.63641568809365,0.453781512605042,1.0803334097855832,-43.258950016780844,0.13788246086527342,3/8,125.35325825722722,False
H4,fvg_break,L,1.0,2.0,833,81.63641568809365,0.3949579831932773,1.1492099260053499,-43.25895001678083,0.28398707844503757,4/8,125.35325825722722,False
H4,fvg_break,L,1.0,3.0,833,256.07164569916546,0.34933973589435774,1.4353122130065208,-26.426039450144174,1.458209888785496,5/8,125.35325825722722,False
H4,fvg_break,L,2.0,1.5,833,128.7741930782213,0.4789915966386555,1.2870071730381893,-23.91747932842435,0.8102220447090612,6/8,125.35325825722722,False
H4,fvg_break,L,2.0,2.0,833,181.99766305110384,0.4225690276110444,1.3669982805658012,-25.6181303315264,1.0690770488724166,6/8,125.35325825722722,True
H4,fvg_break,L,2.0,3.0,833,235.28682499393898,0.34093637454981995,1.415830709623928,-45.88864837446428,0.7715835656659566,6/8,125.35325825722722,False
H4,fvg_break,S,1.0,1.5,759,-26.142520156178737,0.42028985507246375,0.9451536709235613,-62.48085410265098,-0.06298112629036613,3/8,114.24881516587678,False
H4,fvg_break,S,1.0,2.0,759,23.327700907502283,0.3715415019762846,1.0452362299293039,-39.619146992856656,0.08862918312349255,5/8,114.24881516587678,False
H4,fvg_break,S,1.0,3.0,759,78.42050953785096,0.2977602108036891,1.1360002969906706,-40.696322858144114,0.29005771321286056,6/8,114.24881516587678,False
H4,fvg_break,S,2.0,1.5,759,-24.85600656404331,0.4057971014492754,0.9466679173134973,-65.64890395000398,-0.0569919877227071,4/8,114.24881516587678,False
H4,fvg_break,S,2.0,2.0,759,-9.921619410707777,0.34782608695652173,0.9806094229187773,-56.87721973995495,-0.026257545907842558,4/8,114.24881516587678,False
H4,fvg_break,S,2.0,3.0,759,-14.734136958371153,0.2727272727272727,0.9742036072379695,-81.32289912030814,-0.027272300829683738,4/8,114.24881516587678,False
H4,fvg_retest,L,1.0,1.5,455,-71.94892378455427,0.37142857142857144,0.7682853449465495,-84.20190489679955,-0.12891332813143955,1/8,68.64467162329616,False
H4,fvg_retest,L,1.0,2.0,455,-56.44892378455429,0.3208791208791209,0.831739896455854,-62.18505541255452,-0.1369509584136695,2/8,68.64467162329616,False
H4,fvg_retest,L,1.0,3.0,455,10.986306226517506,0.27912087912087913,1.0308633215607712,-38.39123625652613,0.0431732793535557,3/8,68.64467162329616,False
H4,fvg_retest,L,2.0,1.5,455,5.071646928275364,0.421978021978022,1.0186734821162122,-27.4530109207967,0.027871122753268803,3/8,68.64467162329616,False
H4,fvg_retest,L,2.0,2.0,455,32.75235637855986,0.37362637362637363,1.1115719782298876,-31.46886853525807,0.15702068150210585,5/8,68.64467162329616,False
H4,fvg_retest,L,2.0,3.0,455,45.10735281999914,0.2967032967032967,1.1370504633742304,-40.36562852469512,0.1685897073301482,5/8,68.64467162329616,False
H4,fvg_retest,S,1.0,1.5,440,-101.76818644456624,0.3409090909090909,0.675531011908257,-118.18531853311748,-0.12963375413938794,2/8,66.24029676444323,False
H4,fvg_retest,S,1.0,2.0,440,-68.76818644456624,0.3090909090909091,0.7907713808600181,-98.35488691990315,-0.10525948015887722,3/8,66.24029676444323,False
H4,fvg_retest,S,1.0,3.0,440,-76.39856289712327,0.22954545454545455,0.7918419723282142,-109.69170133867969,-0.1048530359701946,3/8,66.24029676444323,False
H4,fvg_retest,S,2.0,1.5,440,-74.47897802075627,0.3522727272727273,0.7480506195993325,-92.51650947728699,-0.12119482130273995,3/8,66.24029676444323,False
H4,fvg_retest,S,2.0,2.0,440,-68.54569029361855,0.30227272727272725,0.7844921961277047,-92.29143236885845,-0.11181198589254245,3/8,66.24029676444323,False
H4,fvg_retest,S,2.0,3.0,440,-77.94808829373594,0.23636363636363636,0.7761604584063488,-108.98316823137154,-0.10767518642370834,2/8,66.24029676444323,False
H4,fvg_fade,L,1.0,1.5,759,-15.40214451167357,0.4268774703557312,0.9674484862599814,-40.39278313095929,-0.05739675570213832,2/8,114.24881516587678,False
H4,fvg_fade,L,1.0,2.0,759,26.097855488326424,0.37417654808959155,1.0505624059623948,-34.465174064154056,0.11398147551817116,3/8,114.24881516587678,False
H4,fvg_fade,L,1.0,3.0,759,107.38145585775985,0.308300395256917,1.1882316135534832,-35.65655979058165,0.4533146737586153,5/8,114.24881516587678,False
H4,fvg_fade,L,2.0,1.5,759,46.816119797704836,0.4453227931488801,1.1068382897047382,-27.392158048499518,0.257264046226358,5/8,114.24881516587678,False
H4,fvg_fade,L,2.0,2.0,759,91.59946478855231,0.3939393939393939,1.1917293914569365,-34.284216411537685,0.40216904258525804,5/8,114.24881516587678,False
H4,fvg_fade,L,2.0,3.0,759,132.41778286078505,0.3214756258234519,1.247954789419908,-37.95244410310035,0.5251900525166633,5/8,114.24881516587678,False
H4,fvg_fade,S,1.0,1.5,833,-79.41683746369506,0.39735894357743096,0.854634105516099,-100.46328270943484,-0.11895860129389554,3/8,125.35325825722722,False
H4,fvg_fade,S,1.0,2.0,833,-57.1070222771186,0.34093637454981995,0.9043957837795981,-85.86531871817904,-0.10008347004444235,3/8,125.35325825722722,False
H4,fvg_fade,S,1.0,3.0,833,1.9272545768053,0.27490996398559425,1.002933987779959,-84.5849163121794,0.0034287576313603166,5/8,125.35325825722722,False
H4,fvg_fade,S,2.0,1.5,833,-73.44894121178754,0.38535414165666265,0.8626057853417957,-111.27809057340284,-0.09932681283444955,5/8,125.35325825722722,False
H4,fvg_fade,S,2.0,2.0,833,-75.14204760679216,0.32533013205282113,0.8718586405403954,-130.86302896693024,-0.08640854305675605,3/8,125.35325825722722,False
H4,fvg_fade,S,2.0,3.0,833,-80.51212839824805,0.25570228091236497,0.8752243675738292,-153.8678149640955,-0.07874158393519462,3/8,125.35325825722722,False
H4,ob,L,1.0,1.5,22,-16.911692896540593,0.13636363636363635,0.19626814692863995,-17.090175420146018,-0.15233302234117183,1/8,3.386695701039618,False
H4,ob,L,1.0,2.0,22,-21.411692896540593,0.045454545454545456,0.08315740320670134,-20.31019023793882,-0.16228953284301892,1/8,3.386695701039618,False
H4,ob,L,1.0,3.0,22,-20.411692896540593,0.045454545454545456,0.12597711864085226,-19.310190237938826,-0.16272188586784803,1/8,3.386695701039618,False
H4,ob,L,2.0,1.5,22,-18.205846448270297,0.09090909090909091,0.13779771248409237,-17.15509511896941,-0.16336959812960083,1/8,3.386695701039618,False
H4,ob,L,2.0,2.0,22,-17.205846448270297,0.09090909090909091,0.18515625139991543,-16.15509511896941,-0.16395324585043106,1/8,3.386695701039618,False
H4,ob,L,2.0,3.0,22,-19.205846448270293,0.045454545454545456,0.13270348527361656,-18.15509511896941,-0.16285024615792593,0/8,3.386695701039618,False
H4,bb_meanrev,L,1.0,1.5,244,-19.609729463171586,0.4098360655737705,0.8760245940041591,-23.82749643615507,-0.12387203972407251,3/8,36.72568681318681,False
H4,bb_meanrev,L,1.0,2.0,244,-5.609729463171589,0.36065573770491804,0.9673086319367203,-20.96231707788088,-0.04027937577063002,5/8,36.72568681318681,False
H4,bb_meanrev,L,1.0,3.0,244,46.390270536828424,0.3237704918032787,1.2554815034139566,-13.27057128370005,0.5261594635536927,6/8,36.72568681318681,False
H4,bb_meanrev,L,2.0,1.5,244,13.195135268414205,0.4426229508196721,1.0922971182890422,-14.353302430800296,0.1383700541750162,5/8,36.72568681318681,False
H4,bb_meanrev,L,2.0,2.0,244,21.80404121718865,0.38114754098360654,1.1371356315414551,-19.993548843008114,0.1641448291958092,5/8,36.72568681318681,False
H4,bb_meanrev,L,2.0,3.0,244,42.630500908186036,0.3114754098360656,1.2411823425816693,-20.40654077808596,0.31443519010123433,5/8,36.72568681318681,False
H4,bb_meanrev,S,1.0,1.5,218,-18.83520076575821,0.41284403669724773,0.8680088589267706,-25.625437689985148,-0.11059358790030488,2/8,32.8010298661174,False
H4,bb_meanrev,S,1.0,2.0,218,-4.335200765758211,0.3669724770642202,0.971865746534921,-19.694386813047206,-0.03312056503343183,3/8,32.8010298661174,False
H4,bb_meanrev,S,1.0,3.0,218,14.6647992342418,0.2981651376146789,1.0857952884170925,-27.421967519859912,0.08046527421749321,3/8,32.8010298661174,False
H4,bb_meanrev,S,2.0,1.5,218,-9.728952446890741,0.40825688073394495,0.9287411177021861,-20.869836255979237,-0.07014198062677747,4/8,32.8010298661174,False
H4,bb_meanrev,S,2.0,2.0,218,6.771047553109261,0.3669724770642202,1.0463605161922873,-17.613255605212377,0.05784252090620428,5/8,32.8010298661174,False
H4,bb_meanrev,S,2.0,3.0,218,25.081222971913995,0.3073394495412844,1.156977137613967,-18.570880217268083,0.20321099686232785,5/8,32.8010298661174,False
H4,rsi,L,1.0,1.5,149,-8.45251348004505,0.40939597315436244,0.9100480254494077,-17.806656681052342,-0.0717772259047189,4/8,22.530428482715795,False
H4,rsi,L,1.0,2.0,149,6.547486519954946,0.37583892617449666,1.0658885790182504,-11.651188399669955,0.08497429515751187,3/8,22.530428482715795,False
H4,rsi,L,1.0,3.0,149,25.28851928909687,0.31543624161073824,1.2342047679005586,-22.691547983660513,0.1685165114326592,5/8,22.530428482715795,False
H4,rsi,L,2.0,1.5,149,27.710353018737095,0.4899328859060403,1.3600906741178835,-11.151302209670492,0.37575057653133326,6/8,22.530428482715795,False
H4,rsi,L,2.0,2.0,149,28.281861793709318,0.4161073825503356,1.3211569692536334,-15.2796806176416,0.27988324588755803,5/8,22.530428482715795,False
H4,rsi,L,2.0,3.0,149,38.40895405694562,0.348993288590604,1.3900711910644072,-15.229202173624603,0.3813629614055983,5/8,22.530428482715795,False
H4,rsi,S,1.0,1.5,200,-39.49312160188846,0.355,0.7173754296149066,-45.88139367859426,-0.13096137412962458,3/8,30.429047486809218,False
H4,rsi,S,1.0,2.0,200,-15.993121601888463,0.335,0.8889584656137035,-35.99804052182262,-0.06759471482776398,5/8,30.429047486809218,False
H4,rsi,S,1.0,3.0,200,11.00687839811154,0.285,1.0710865321964187,-32.28499924289185,0.0518706571646291,4/8,30.429047486809218,False
H4,rsi,S,2.0,1.5,200,-11.637404395985293,0.395,0.9076476615311043,-25.527196436681066,-0.06936036471278852,5/8,30.429047486809218,False
H4,rsi,S,2.0,2.0,200,-8.92229201955,0.335,0.9355956640246128,-32.529832202174624,-0.041730440825316684,6/8,30.429047486809218,False
H4,rsi,S,2.0,3.0,200,7.408506652482458,0.28,1.049407373076476,-36.48417872555683,0.03089473418471339,6/8,30.429047486809218,False
H4,vwap_mss,L,1.0,1.5,320,-116.92515453455215,0.290625,0.5286266301165744,-117.2401925241645,-0.15121151137590697,0/8,48.51805728518057,False
H4,vwap_mss,L,1.0,2.0,320,-94.42515453455215,0.265625,0.6324024605892367,-101.65210314861872,-0.14083959268196908,1/8,48.51805728518057,False
H4,vwap_mss,L,1.0,3.0,320,-37.42515453455215,0.24375,0.8585194061598729,-68.50358628532726,-0.08283306256638369,2/8,48.51805728518057,False
H4,vwap_mss,L,2.0,1.5,320,-24.21257726727608,0.3875,0.8816945609050405,-45.32605157430933,-0.08099282656393769,3/8,48.51805728518057,False
H4,vwap_mss,L,2.0,2.0,320,-11.433827453134082,0.340625,0.9480880271266979,-42.18782611332191,-0.041092059788609685,4/8,48.51805728518057,False
H4,vwap_mss,L,2.0,3.0,320,10.875368575515422,0.28125,1.0454680427839107,-48.69276520501802,0.03386358793002046,4/8,48.51805728518057,False
H4,vwap_mss,S,1.0,1.5,274,-140.98615409702998,0.22992700729927007,0.3861076277862723,-145.13847079198084,-0.14740358805927717,0/8,41.57810552555048,False
H4,vwap_mss,S,1.0,2.0,274,-130.48615409702998,0.20437956204379562,0.4501693526715483,-136.13847079198084,-0.14544463209315267,0/8,41.57810552555048,False
H4,vwap_mss,S,1.0,3.0,274,-110.48615409702998,0.17153284671532848,0.5531546656688275,-119.13847079198091,-0.14072458268994936,1/8,41.57810552555048,False
H4,vwap_mss,S,2.0,1.5,274,-73.65417731703764,0.3102189781021898,0.625245895528767,-82.7078523258904,-0.1351340440317204,1/8,41.57810552555048,False
H4,vwap_mss,S,2.0,2.0,274,-86.66693317784618,0.24452554744525548,0.5972824782406608,-99.22060818669893,-0.1325457107558971,1/8,41.57810552555048,False
H4,vwap_mss,S,2.0,3.0,274,-97.30038538242863,0.18248175182481752,0.582321435777026,-114.75810340625048,-0.12866052897758812,2/8,41.57810552555048,False
H4,vwap_mom,L,1.0,1.5,750,86.09191604091373,0.48133333333333334,1.2034467359455652,-27.005615174143212,0.48098732576744335,4/8,113.15834767641996,False
H4,vwap_mom,L,1.0,2.0,750,122.59191604091373,0.41733333333333333,1.2579191550668805,-23.86048627792176,0.7751894908927215,6/8,113.15834767641996,False
H4,vwap_mom,L,1.0,3.0,750,287.9318512891999,0.368,1.5589164836633862,-19.611767660844095,2.2151253335074577,6/8,113.15834767641996,True
H4,vwap_mom,L,2.0,1.5,750,163.2441315524168,0.504,1.4220702919393235,-19.035198882367936,1.293914241610886,6/8,113.15834767641996,True
H4,vwap_mom,L,2.0,2.0,750,202.83357548826868,0.44,1.4646826960937993,-20.77828387373296,1.472839777980461,7/8,113.15834767641996,True
H4,vwap_mom,L,2.0,3.0,750,261.4654283797012,0.3586666666666667,1.524517680540084,-31.808438228239538,1.240215804274099,6/8,113.15834767641996,True
H4,vwap_mom,S,1.0,1.5,679,-6.888012327201218,0.43004418262150224,0.9835586813972146,-28.602149415276095,-0.036187623564395935,3/8,102.0315756993966,False
H4,vwap_mom,S,1.0,2.0,679,1.1119876727987847,0.36229749631811486,1.002371548764111,-36.10214941527609,0.004628409036779627,3/8,102.0315756993966,False
H4,vwap_mom,S,1.0,3.0,679,12.292662969266747,0.2768777614138439,1.0230950148728166,-43.246579618919725,0.04271289708201852,4/8,102.0315756993966,False
H4,vwap_mom,S,2.0,1.5,679,-10.551199176682974,0.41237113402061853,0.9744619866676264,-48.5740168991897,-0.03264093729225491,5/8,102.0315756993966,False
H4,vwap_mom,S,2.0,2.0,679,-6.767644189350348,0.35346097201767307,0.9851166331719025,-65.84168567000208,-0.015445479512542909,5/8,102.0315756993966,False
H4,vwap_mom,S,2.0,3.0,679,-2.6654165034176147,0.27982326951399117,0.9947349764647105,-76.69000812377546,-0.005222652354005935,4/8,102.0315756993966,False
