config,n,net,yr_r,wr,pf,dd,mar,pos_years,trades_per_year
H1_donch_1_20_1.0_2.0,3,2.5900698336631205,0.4258966828341946,0.6666666666666666,3.2901788736123976,-1.1309465227830398,0.37658428073694017,2/3,0.4933033202025886
H1_donch_1_20_1.0_3.0,3,4.5900698336631205,0.7547655629692537,0.6666666666666666,5.05860908645605,-1.1309465227830398,0.6673751125843883,2/3,0.4933033202025886
H1_donch_1_20_2.0_2.0,3,2.7950349168315602,0.4596000015183916,0.6666666666666666,3.6232802061885754,-1.0654732613915199,0.43135761184485183,2/3,0.4933033202025886
H1_donch_1_20_2.0_3.0,3,4.79503491683156,0.7884688816534506,0.6666666666666666,5.5003803385635335,-1.0654732613915199,0.7400175210626135,2/3,0.4933033202025886
H1_donch_1_40_1.0_2.0,1,1.9339430930163768,193.39430930163766,1.0,inf,0.0,0.0,1/1,100.0
H1_donch_1_40_1.0_3.0,1,2.9339430930163766,293.39430930163763,1.0,inf,0.0,0.0,1/1,100.0
H1_donch_1_40_2.0_2.0,1,1.9669715465081883,196.69715465081882,1.0,inf,0.0,0.0,1/1,100.0
H1_donch_1_40_2.0_3.0,1,2.9669715465081885,296.69715465081885,1.0,inf,0.0,0.0,1/1,100.0
H1_donch_1_55_1.0_2.0,1,1.9339430930163768,193.39430930163766,1.0,inf,0.0,0.0,1/1,100.0
H1_donch_1_55_1.0_3.0,1,2.9339430930163766,293.39430930163763,1.0,inf,0.0,0.0,1/1,100.0
H1_donch_1_55_2.0_2.0,1,1.9669715465081883,196.69715465081882,1.0,inf,0.0,0.0,1/1,100.0
H1_donch_1_55_2.0_3.0,1,2.9669715465081885,296.69715465081885,1.0,inf,0.0,0.0,1/1,100.0
H1_donch_-1_20_1.0_2.0,0,0.0,0.0,0.0,0.0,,0.0,0/0,0.0
H1_donch_-1_20_1.0_3.0,0,0.0,0.0,0.0,0.0,,0.0,0/0,0.0
H1_donch_-1_20_2.0_2.0,0,0.0,0.0,0.0,0.0,,0.0,0/0,0.0
H1_donch_-1_20_2.0_3.0,0,0.0,0.0,0.0,0.0,,0.0,0/0,0.0
H1_donch_-1_40_1.0_2.0,0,0.0,0.0,0.0,0.0,,0.0,0/0,0.0
H1_donch_-1_40_1.0_3.0,0,0.0,0.0,0.0,0.0,,0.0,0/0,0.0
H1_donch_-1_40_2.0_2.0,0,0.0,0.0,0.0,0.0,,0.0,0/0,0.0
H1_donch_-1_40_2.0_3.0,0,0.0,0.0,0.0,0.0,,0.0,0/0,0.0
H1_donch_-1_55_1.0_2.0,0,0.0,0.0,0.0,0.0,,0.0,0/0,0.0
H1_donch_-1_55_1.0_3.0,0,0.0,0.0,0.0,0.0,,0.0,0/0,0.0
H1_donch_-1_55_2.0_2.0,0,0.0,0.0,0.0,0.0,,0.0,0/0,0.0
H1_donch_-1_55_2.0_3.0,0,0.0,0.0,0.0,0.0,,0.0,0/0,0.0
H1_ma_1_10_50_1.5_3.0,764,38.587287638813756,5.806773388756461,0.3010471204188482,1.0634754861821067,-54.52537198087754,0.10649672212769022,5/8,114.96985511227082
H1_ma_1_10_50_1.5_4.0,764,146.2291923989983,22.005168931017288,0.27356020942408377,1.2313666588445709,-41.13115666613929,0.5350000027870057,6/8,114.96985511227082
H1_ma_1_10_50_2.5_3.0,764,109.89920559323463,16.538083434565248,0.33507853403141363,1.2011943449088751,-38.681382640597235,0.4275463363920205,5/8,114.96985511227082
H1_ma_1_10_50_2.5_4.0,764,144.99676746352526,21.819708569409848,0.3036649214659686,1.2533347481661525,-48.59434204349313,0.44901747100270795,5/8,114.96985511227082
H1_ma_1_20_100_1.5_3.0,365,-8.062361371336085,-1.21624291901654,0.27671232876712326,0.9726149699004695,-46.13077055264462,-0.026365111712767918,2/8,55.061866492281744
H1_ma_1_20_100_1.5_4.0,365,27.59243460142533,4.162440959508759,0.2465753424657534,1.089873294025959,-36.704940906687696,0.1134027424288907,5/8,55.061866492281744
H1_ma_1_20_100_2.5_3.0,365,62.85679622663324,9.482226087571066,0.3424657534246575,1.2488368118869353,-19.12521396835806,0.49579712432284667,6/8,55.061866492281744
H1_ma_1_20_100_2.5_4.0,365,85.85189558466197,12.95113866518348,0.31232876712328766,1.3256198927592064,-21.070037248790015,0.6146708955593907,6/8,55.061866492281744
H1_ma_1_50_200_1.5_3.0,179,26.355386961920217,3.9942484069810797,0.3240223463687151,1.1969817191661156,-21.675624545735523,0.184273740235407,6/8,27.128057951971783
H1_ma_1_50_200_1.5_4.0,179,48.75627641554158,7.3891792856042855,0.2905027932960894,1.3474311510394845,-15.675624545735523,0.4713802160829678,6/8,27.128057951971783
H1_ma_1_50_200_2.5_3.0,179,54.73209467055606,8.294834838299725,0.3743016759776536,1.4632217090401798,-9.601632118426977,0.863898422267261,7/8,27.128057951971783
H1_ma_1_50_200_2.5_4.0,179,40.409565133102475,6.124206842149622,0.329608938547486,1.323152844871801,-12.278707522844424,0.4987664076822085,6/8,27.128057951971783
H1_ma_-1_10_50_1.5_3.0,765,-6.000517577797844,-0.9011416129066814,0.28627450980392155,0.9903062305590141,-68.58581501915214,-0.013138891950982045,5/8,114.88564526905485
H1_ma_-1_10_50_1.5_4.0,765,42.60771733533869,6.398712548381542,0.24836601307189543,1.065286106534657,-66.9007325333705,0.09564488019902957,4/8,114.88564526905485
H1_ma_-1_10_50_2.5_3.0,765,26.50564468113133,3.980546526096816,0.3084967320261438,1.0471681814072096,-46.790988650869465,0.085070793348643,4/8,114.88564526905485
H1_ma_-1_10_50_2.5_4.0,765,66.40047702170916,9.971845292564845,0.28366013071895424,1.1142761455915735,-44.227792675951115,0.22546558824734297,5/8,114.88564526905485
H1_ma_-1_20_100_1.5_3.0,366,-1.576007354556812,-0.23716812535484394,0.2814207650273224,0.9946292702092441,-29.359061257691778,-0.008078191713051052,4/8,55.078127414121646
H1_ma_-1_20_100_1.5_4.0,366,10.964619484601343,1.6500292596181245,0.2459016393442623,1.0355791597672783,-36.56810277927509,0.04512209095390303,5/8,55.078127414121646
H1_ma_-1_20_100_2.5_3.0,366,10.194652811543634,1.5341595259479064,0.31693989071038253,1.0384743259577893,-26.584016493363684,0.05770984705531187,5/8,55.078127414121646
H1_ma_-1_20_100_2.5_4.0,366,5.521116811372959,0.830854577062975,0.2923497267759563,1.0201442458754237,-35.74343653573491,0.023244955090770826,5/8,55.078127414121646
H1_ma_-1_50_200_1.5_3.0,180,22.13930632023406,3.3473586395386485,0.31666666666666665,1.1629693439986448,-22.507053567808455,0.14872487104781817,4/8,27.21515057435579
H1_ma_-1_50_200_1.5_4.0,180,30.9483229953582,4.679240390791507,0.2722222222222222,1.2133991751890703,-17.489507871574915,0.26754557218825537,5/8,27.21515057435579
H1_ma_-1_50_200_2.5_3.0,180,31.285141359268877,4.73016573795838,0.3388888888888889,1.253415174799389,-17.381844498724135,0.27213255407419995,5/8,27.21515057435579
H1_ma_-1_50_200_2.5_4.0,180,41.37061361070759,6.255041548716112,0.31666666666666665,1.3251158854226746,-15.691897505497776,0.3986160084543383,6/8,27.21515057435579
H1_mom_1_0.05_1.5_2.0,425,45.259809143489974,6.920537371170492,0.4,1.1664194524876916,-21.526115427471048,0.321494948519076,4/8,64.98543494566451
H1_mom_1_0.05_1.5_3.0,425,76.61144090336973,11.714418373928362,0.33647058823529413,1.2562255040872732,-26.19123615309634,0.4472648142857311,4/8,64.98543494566451
H1_mom_1_0.05_2.5_2.0,425,67.23977809103084,10.281426411519064,0.44,1.2762123858968661,-25.131200414333776,0.4091100401895236,4/8,64.98543494566451
H1_mom_1_0.05_2.5_3.0,425,109.88413814916879,16.802043555889927,0.4047058823529412,1.427324837168095,-28.39796130064397,0.5916637246600133,4/8,64.98543494566451
H1_mom_1_0.1_1.5_2.0,69,13.968342994727134,2.2220174698177706,0.43478260869565216,1.3514362924062162,-8.411452568745906,0.26416572543891303,5/8,10.976191340325917
H1_mom_1_0.1_1.5_3.0,69,37.59992225195972,5.981216536505624,0.43478260869565216,1.9459946162532522,-7.411452568745908,0.8070235194823226,6/8,10.976191340325917
H1_mom_1_0.1_2.5_2.0,69,18.05760008416098,2.8725170097222654,0.4782608695652174,1.5161889349048594,-7.160540635811222,0.40115923584823515,6/8,10.976191340325917
H1_mom_1_0.1_2.5_3.0,69,27.741016964261767,4.412908843115425,0.4492753623188406,1.7490217154981331,-8.286113101076143,0.5325668126038863,6/8,10.976191340325917
H1_mom_1_0.2_1.5_2.0,4,-0.07901684704194034,-0.0611513799920234,0.25,0.9614290390574378,-2.048609760062966,-0.02985018483468704,1/3,3.095612253906595
H1_mom_1_0.2_1.5_3.0,4,-1.9738059777440213,-1.5275344928846202,0.25,0.03651441273844431,-2.048609760062966,-0.745644447597316,1/3,3.095612253906595
H1_mom_1_0.2_2.5_2.0,4,-0.4107691184775516,-0.31789547917137967,0.5,0.5943552595958858,-1.0126326747595256,-0.3139297072819339,2/3,3.095612253906595
H1_mom_1_0.2_2.5_3.0,4,-0.4107691184775516,-0.31789547917137967,0.5,0.5943552595958858,-1.0126326747595256,-0.3139297072819339,2/3,3.095612253906595
H1_mom_-1_0.05_1.5_2.0,329,-11.807617520006982,-1.859136673858196,0.3465045592705167,0.9471727079721504,-27.3156871166041,-0.06806113519758769,3/8,51.80181053992887
H1_mom_-1_0.05_1.5_3.0,329,-10.086520405348452,-1.5881459545440337,0.2765957446808511,0.9590783295977557,-39.19643559871904,-0.04051761162170407,4/8,51.80181053992887
H1_mom_-1_0.05_2.5_2.0,329,-37.91102951644029,-5.9691792352106114,0.3343465045592705,0.8246295411086009,-49.42711852265428,-0.12076729159266517,2/8,51.80181053992887
H1_mom_-1_0.05_2.5_3.0,329,-26.03462928599452,-4.099212564590796,0.2978723404255319,0.8848585850799836,-48.16884403394582,-0.08510091215188756,2/8,51.80181053992887
H1_mom_-1_0.1_1.5_2.0,58,-9.846852996075377,-1.6653646150681398,0.29310344827586204,0.761932707114311,-18.522959000832596,-0.08990813049865751,1/6,9.809341899635355
H1_mom_-1_0.1_1.5_3.0,58,-15.648607036180048,-2.646595459843613,0.20689655172413793,0.6633004514910176,-24.10406751702084,-0.10979870754073962,1/6,9.809341899635355
H1_mom_-1_0.1_2.5_2.0,58,-9.038499959054011,-1.5286506268655335,0.29310344827586204,0.7610011934844684,-18.084333496512386,-0.08452900004085515,1/6,9.809341899635355
H1_mom_-1_0.1_2.5_3.0,58,-3.181523295082434,-0.5380801683296216,0.29310344827586204,0.9158731787497127,-18.084333496512386,-0.029753939697771657,1/6,9.809341899635355
H1_mom_-1_0.2_1.5_2.0,2,3.968521031641149,396.8521031641149,1.0,inf,0.0,0.0,1/1,200.0
H1_mom_-1_0.2_1.5_3.0,2,1.9685210316411492,196.8521031641149,0.5,2.944742032888004,-1.0122273280214098,194.47420328880042,1/1,200.0
H1_mom_-1_0.2_2.5_2.0,2,1.4558678041924018,145.58678041924017,0.5,3.7336071428516924,-0.5325812116051336,273.3607142851692,1/1,200.0
H1_mom_-1_0.2_2.5_3.0,2,2.455867804192402,245.5867804192402,0.5,5.6112550549628315,-0.5325812116051334,461.1255054962834,1/1,200.0
H4_donch_1_20_1.0_2.0,0,0.0,0.0,0.0,0.0,,0.0,0/0,0.0
H4_donch_1_20_1.0_3.0,0,0.0,0.0,0.0,0.0,,0.0,0/0,0.0
H4_donch_1_20_2.0_2.0,0,0.0,0.0,0.0,0.0,,0.0,0/0,0.0
H4_donch_1_20_2.0_3.0,0,0.0,0.0,0.0,0.0,,0.0,0/0,0.0
H4_donch_1_40_1.0_2.0,0,0.0,0.0,0.0,0.0,,0.0,0/0,0.0
H4_donch_1_40_1.0_3.0,0,0.0,0.0,0.0,0.0,,0.0,0/0,0.0
H4_donch_1_40_2.0_2.0,0,0.0,0.0,0.0,0.0,,0.0,0/0,0.0
H4_donch_1_40_2.0_3.0,0,0.0,0.0,0.0,0.0,,0.0,0/0,0.0
H4_donch_1_55_1.0_2.0,0,0.0,0.0,0.0,0.0,,0.0,0/0,0.0
H4_donch_1_55_1.0_3.0,0,0.0,0.0,0.0,0.0,,0.0,0/0,0.0
H4_donch_1_55_2.0_2.0,0,0.0,0.0,0.0,0.0,,0.0,0/0,0.0
H4_donch_1_55_2.0_3.0,0,0.0,0.0,0.0,0.0,,0.0,0/0,0.0
H4_donch_-1_20_1.0_2.0,0,0.0,0.0,0.0,0.0,,0.0,0/0,0.0
H4_donch_-1_20_1.0_3.0,0,0.0,0.0,0.0,0.0,,0.0,0/0,0.0
H4_donch_-1_20_2.0_2.0,0,0.0,0.0,0.0,0.0,,0.0,0/0,0.0
H4_donch_-1_20_2.0_3.0,0,0.0,0.0,0.0,0.0,,0.0,0/0,0.0
H4_donch_-1_40_1.0_2.0,0,0.0,0.0,0.0,0.0,,0.0,0/0,0.0
H4_donch_-1_40_1.0_3.0,0,0.0,0.0,0.0,0.0,,0.0,0/0,0.0
H4_donch_-1_40_2.0_2.0,0,0.0,0.0,0.0,0.0,,0.0,0/0,0.0
H4_donch_-1_40_2.0_3.0,0,0.0,0.0,0.0,0.0,,0.0,0/0,0.0
H4_donch_-1_55_1.0_2.0,0,0.0,0.0,0.0,0.0,,0.0,0/0,0.0
H4_donch_-1_55_1.0_3.0,0,0.0,0.0,0.0,0.0,,0.0,0/0,0.0
H4_donch_-1_55_2.0_2.0,0,0.0,0.0,0.0,0.0,,0.0,0/0,0.0
H4_donch_-1_55_2.0_3.0,0,0.0,0.0,0.0,0.0,,0.0,0/0,0.0
H4_ma_1_10_50_1.5_3.0,197,49.013730800912775,7.446349466218395,0.3299492385786802,1.3509201287198116,-15.42253493866157,0.4828226679877192,5/8,29.928977469670713
H4_ma_1_10_50_1.5_4.0,197,33.82075079137759,5.138175068235979,0.25380710659898476,1.2174127051251662,-17.867182157078688,0.28757612829286106,4/8,29.928977469670713
H4_ma_1_10_50_2.5_3.0,197,49.46563327501274,7.515004181780966,0.3350253807106599,1.3747455086690548,-16.2958839586018,0.46115965239272355,4/8,29.928977469670713
H4_ma_1_10_50_2.5_4.0,197,59.006976084028025,8.964560699351642,0.29441624365482233,1.4234602810554693,-26.213347130606262,0.3419845872671778,5/8,29.928977469670713
H4_ma_1_20_100_1.5_3.0,84,30.87471381800499,4.788869370242617,0.35714285714285715,1.5401148939512108,-5.71568422114035,0.8378470861861536,7/8,13.028947554674781
H4_ma_1_20_100_1.5_4.0,84,46.900786625966106,7.274617728841724,0.32142857142857145,1.790483640286443,-4.71568422114035,1.5426431007041796,7/8,13.028947554674781
H4_ma_1_20_100_2.5_3.0,84,30.28518473612273,4.697429566792622,0.35714285714285715,1.5596851237508826,-8.553830953971115,0.5491609072086983,5/8,13.028947554674781
H4_ma_1_20_100_2.5_4.0,84,41.54456243633072,6.443832442438868,0.32142857142857145,1.7260598458799876,-10.839675229012208,0.594467297801696,6/8,13.028947554674781
H4_ma_1_50_200_1.5_3.0,34,15.983167978505849,2.476814639011142,0.38235294117647056,1.7237106318263067,-8.348286631974782,0.296685385660417,5/8,5.268773865082732
H4_ma_1_50_200_1.5_4.0,34,28.98316797850585,4.4913458227192455,0.38235294117647056,2.3123447640830768,-8.34828663197478,0.537996120726969,5/8,5.268773865082732
H4_ma_1_50_200_2.5_3.0,34,26.241327867491247,4.066459483920737,0.47058823529411764,2.4730911061250467,-4.216111985371693,0.964504618954574,6/8,5.268773865082732
H4_ma_1_50_200_2.5_4.0,34,37.46470173309417,5.805677686895479,0.47058823529411764,3.1031298109353216,-4.216111985371697,1.3770216984366095,6/8,5.268773865082732
H4_ma_-1_10_50_1.5_3.0,198,18.813884205840928,2.857285324816382,0.29292929292929293,1.1275336153050894,-27.29304706116453,0.10468912900831924,6/8,30.070478170478168
H4_ma_-1_10_50_1.5_4.0,198,22.89578632225973,3.477208296966888,0.24242424242424243,1.144852040910257,-32.95206098664716,0.10552324172912653,5/8,30.070478170478168
H4_ma_-1_10_50_2.5_3.0,198,2.1850488929402863,0.33184578301307255,0.2878787878787879,1.0150099932241474,-30.50002339323174,0.010880181261982654,4/8,30.070478170478168
H4_ma_-1_10_50_2.5_4.0,198,0.6919625384981067,0.10508911317523222,0.25252525252525254,1.004527049661284,-29.818540659864613,0.0035242876026015876,5/8,30.070478170478168
H4_ma_-1_20_100_1.5_3.0,85,0.6788888960500685,0.10311075027331937,0.2823529411764706,1.0105528005722415,-19.310794309363942,0.005339539566392679,4/8,12.909938318663801
H4_ma_-1_20_100_1.5_4.0,85,-4.637928673630666,-0.7044161541521661,0.23529411764705882,0.9323806754920972,-24.464726887938088,-0.02879313377904359,4/8,12.909938318663801
H4_ma_-1_20_100_2.5_3.0,85,9.752904945798589,1.4812870738594224,0.3411764705882353,1.168798055173103,-12.386417586604464,0.1195896281957577,6/8,12.909938318663801
H4_ma_-1_20_100_2.5_4.0,85,16.272478642733603,2.4714905361113515,0.3176470588235294,1.2719284583360102,-12.386417586604464,0.19953231181097864,6/8,12.909938318663801
H4_ma_-1_50_200_1.5_3.0,34,8.910843317468755,1.367706480615827,0.3235294117647059,1.3792678525520543,-5.181185895942857,0.2639755662283443,6/8,5.218588037540272
H4_ma_-1_50_200_1.5_4.0,34,9.910843317468755,1.5211943640728938,0.2647058823529412,1.3875633577966264,-5.866451855330537,0.25930398843905356,5/8,5.218588037540272
H4_ma_-1_50_200_2.5_3.0,34,4.846457706058179,0.7438725355670611,0.29411764705882354,1.2123458845813913,-6.523908589887377,0.11402252580916415,6/8,5.218588037540272
H4_ma_-1_50_200_2.5_4.0,34,9.68304043630517,1.4862293819976733,0.29411764705882354,1.424259100479586,-6.33563528342548,0.23458253442804167,6/8,5.218588037540272
H4_mom_1_0.05_1.5_2.0,383,134.30426861651904,20.436592464456428,0.46475195822454307,1.6293312119143126,-16.147787600608353,1.2655970570040505,5/8,58.27971809470907
H4_mom_1_0.05_1.5_3.0,383,178.78709091330106,27.20538187310785,0.381201044386423,1.7236753626112857,-28.6071894461908,0.9509980672613887,5/8,58.27971809470907
H4_mom_1_0.05_2.5_2.0,383,94.59287953393817,14.393854707584051,0.4308093994778068,1.4276415410734238,-27.602204510228965,0.521474822862424,4/8,58.27971809470907
H4_mom_1_0.05_2.5_3.0,383,138.58366987450881,21.08777340160992,0.3785900783289817,1.582455086784598,-34.32877722881845,0.6142885096387026,4/8,58.27971809470907
H4_mom_1_0.1_1.5_2.0,133,69.30584083458045,10.90335607961113,0.518796992481203,2.0470389371430096,-13.576650711439186,0.8030961620323902,5/8,20.923869346733667
H4_mom_1_0.1_1.5_3.0,133,86.10440635984656,13.546145480086413,0.42857142857142855,2.123229458883183,-19.713344629185464,0.6871561236763163,5/8,20.923869346733667
H4_mom_1_0.1_2.5_2.0,133,66.83145425873367,10.514079828285343,0.518796992481203,2.054703530756924,-16.42800677751128,0.6400094649752847,5/8,20.923869346733667
H4_mom_1_0.1_2.5_3.0,133,78.92859679504748,12.417230429027033,0.45112781954887216,2.087453035636865,-19.428006777511264,0.6391407297325271,5/8,20.923869346733667
H4_mom_1_0.2_1.5_2.0,17,12.574122843265844,2.8957745072527423,0.5882352941176471,2.7529353219187187,-3.06982802282293,0.9433018676368284,4/5,3.9150378310214373
H4_mom_1_0.2_1.5_3.0,17,20.591099484035936,4.742054909548629,0.5882352941176471,3.8705672795331214,-3.06982802282293,1.544729826652623,4/5,3.9150378310214373
H4_mom_1_0.2_2.5_2.0,17,17.354659690421563,3.9967146607354826,0.7058823529411765,4.423119017485549,-2.0243222569087056,1.974347042371984,4/5,3.9150378310214373
H4_mom_1_0.2_2.5_3.0,17,22.703693646838495,5.228577619487869,0.7058823529411765,5.478188963425928,-2.0243222569087056,2.582878097419284,4/5,3.9150378310214373
H4_mom_-1_0.05_1.5_2.0,281,-7.0820166119695465,-1.0708783140227187,0.34519572953736655,0.9627082020777711,-36.03681641174351,-0.029716229696520748,3/8,42.49027116539019
H4_mom_-1_0.05_1.5_3.0,281,-11.921826274289241,-1.8027104312499052,0.2669039145907473,0.9439762872470814,-41.09940754600286,-0.04386219994125508,3/8,42.49027116539019
H4_mom_-1_0.05_2.5_2.0,281,-26.55018818272091,-4.0146786312311376,0.33451957295373663,0.8576204370212905,-45.31031934046656,-0.0886040683373784,4/8,42.49027116539019
H4_mom_-1_0.05_2.5_3.0,281,-3.1956449140697423,-0.4832164375342469,0.30604982206405695,0.9835862283899315,-39.11828218434553,-0.012352700848597638,5/8,42.49027116539019
H4_mom_-1_0.1_1.5_2.0,87,-21.471482258678037,-3.4124848335552196,0.27586206896551724,0.6656580637800589,-22.218384014120847,-0.15358834519137043,1/8,13.826999782435275
H4_mom_-1_0.1_1.5_3.0,87,-22.77723127243693,-3.620008871821418,0.2413793103448276,0.6614607240580148,-24.46491521008778,-0.1479673581835573,2/8,13.826999782435275
H4_mom_-1_0.1_2.5_2.0,87,-15.617749690459135,-2.4821450755414602,0.3333333333333333,0.7206161552200407,-19.28816921939694,-0.12868743774008978,2/8,13.826999782435275
H4_mom_-1_0.1_2.5_3.0,87,-5.5704193610397805,-0.885312497622647,0.3333333333333333,0.900351509726478,-17.282329314062398,-0.05122645689330084,3/8,13.826999782435275
H4_mom_-1_0.2_1.5_2.0,10,1.9714391029926674,0.3339059273675269,0.5,1.452825720883597,-2.337127180298865,0.14287024265612622,3/5,1.6937166705309528
H4_mom_-1_0.2_1.5_3.0,10,-1.351069801194593,-0.22883294453342223,0.4,0.7483002491287031,-2.3371271802988645,-0.0979120633495691,1/5,1.6937166705309528
H4_mom_-1_0.2_2.5_2.0,10,-2.183722747935677,-0.36986076219963177,0.4,0.5444647148656622,-2.202276308179319,-0.16794475826033184,1/5,1.6937166705309528
H4_mom_-1_0.2_2.5_3.0,10,-2.379978994685106,-0.40310100988116626,0.4,0.5035246983700198,-2.2022763081793184,-0.18303834463642793,1/5,1.6937166705309528
D1_donch_1_20_1.0_2.0,0,0.0,0.0,0.0,0.0,,0.0,0/0,0.0
D1_donch_1_20_1.0_3.0,0,0.0,0.0,0.0,0.0,,0.0,0/0,0.0
D1_donch_1_20_2.0_2.0,0,0.0,0.0,0.0,0.0,,0.0,0/0,0.0
D1_donch_1_20_2.0_3.0,0,0.0,0.0,0.0,0.0,,0.0,0/0,0.0
D1_donch_1_40_1.0_2.0,0,0.0,0.0,0.0,0.0,,0.0,0/0,0.0
D1_donch_1_40_1.0_3.0,0,0.0,0.0,0.0,0.0,,0.0,0/0,0.0
D1_donch_1_40_2.0_2.0,0,0.0,0.0,0.0,0.0,,0.0,0/0,0.0
D1_donch_1_40_2.0_3.0,0,0.0,0.0,0.0,0.0,,0.0,0/0,0.0
D1_donch_1_55_1.0_2.0,0,0.0,0.0,0.0,0.0,,0.0,0/0,0.0
D1_donch_1_55_1.0_3.0,0,0.0,0.0,0.0,0.0,,0.0,0/0,0.0
D1_donch_1_55_2.0_2.0,0,0.0,0.0,0.0,0.0,,0.0,0/0,0.0
D1_donch_1_55_2.0_3.0,0,0.0,0.0,0.0,0.0,,0.0,0/0,0.0
D1_donch_-1_20_1.0_2.0,0,0.0,0.0,0.0,0.0,,0.0,0/0,0.0
D1_donch_-1_20_1.0_3.0,0,0.0,0.0,0.0,0.0,,0.0,0/0,0.0
D1_donch_-1_20_2.0_2.0,0,0.0,0.0,0.0,0.0,,0.0,0/0,0.0
D1_donch_-1_20_2.0_3.0,0,0.0,0.0,0.0,0.0,,0.0,0/0,0.0
D1_donch_-1_40_1.0_2.0,0,0.0,0.0,0.0,0.0,,0.0,0/0,0.0
D1_donch_-1_40_1.0_3.0,0,0.0,0.0,0.0,0.0,,0.0,0/0,0.0
D1_donch_-1_40_2.0_2.0,0,0.0,0.0,0.0,0.0,,0.0,0/0,0.0
D1_donch_-1_40_2.0_3.0,0,0.0,0.0,0.0,0.0,,0.0,0/0,0.0
D1_donch_-1_55_1.0_2.0,0,0.0,0.0,0.0,0.0,,0.0,0/0,0.0
D1_donch_-1_55_1.0_3.0,0,0.0,0.0,0.0,0.0,,0.0,0/0,0.0
D1_donch_-1_55_2.0_2.0,0,0.0,0.0,0.0,0.0,,0.0,0/0,0.0
D1_donch_-1_55_2.0_3.0,0,0.0,0.0,0.0,0.0,,0.0,0/0,0.0
D1_ma_1_10_50_1.5_3.0,26,26.485268558816845,4.233586144904968,0.5384615384615384,3.149514129720577,-3.113505461732114,1.3597490664267946,5/7,4.15601750547046
D1_ma_1_10_50_1.5_4.0,26,34.27206541979457,5.478280916665193,0.5384615384615384,3.781481664456542,-3.1135054617321103,1.7595218585605137,4/7,4.15601750547046
D1_ma_1_10_50_2.5_3.0,26,17.541136670464407,2.8038950410884573,0.5384615384615384,2.438634331393409,-3.0681032770392633,0.9138854816498327,4/7,4.15601750547046
D1_ma_1_10_50_2.5_4.0,26,20.33077653064413,3.2498101215832684,0.5,2.6416534605839903,-3.0681032770392633,1.0592244876187327,4/7,4.15601750547046
D1_ma_1_20_100_1.5_3.0,11,9.803576409278053,1.5582055193597948,0.5454545454545454,2.9145530788924754,-1.0293266843481437,1.5138104773282757,4/7,1.7483681462140992
D1_ma_1_20_100_1.5_4.0,11,13.803576409278053,2.19397575434674,0.5454545454545454,3.6957182369792942,-1.0293266843481437,2.131466897446801,4/7,1.7483681462140992
D1_ma_1_20_100_2.5_3.0,11,7.788543992759747,1.237931111120756,0.5454545454545454,2.580970736807538,-1.0152860541681608,1.2192929332955447,4/7,1.7483681462140992
D1_ma_1_20_100_2.5_4.0,11,10.788543992759747,1.7147587873609649,0.5454545454545454,3.1899307959446035,-1.0152860541681608,1.688941535561515,4/7,1.7483681462140992
D1_ma_1_50_200_1.5_3.0,5,0.5863464788523003,0.1593475084827401,0.4,1.191769929305653,-2.03596625987545,0.07826628153085806,1/3,1.3588169642857144
D1_ma_1_50_200_1.5_4.0,5,1.5863464788523003,0.43111090133988295,0.4,1.5188289911781119,-2.03596625987545,0.2117475666646146,1/3,1.3588169642857144
D1_ma_1_50_200_2.5_3.0,5,2.911736184366438,0.7913033045683344,0.6,2.4372132542558687,-1.0130084541753768,0.7811418565232826,2/3,1.3588169642857144
D1_ma_1_50_200_2.5_4.0,5,3.911736184366438,1.0630666974254772,0.6,2.930806479484338,-1.0130084541753768,1.049415424958965,2/3,1.3588169642857144
D1_ma_-1_10_50_1.5_3.0,26,14.394793949824045,2.3060081097251017,0.38461538461538464,1.936851669210203,-4.094882342708044,0.5631439237397192,5/7,4.165131578947368
D1_ma_-1_10_50_1.5_4.0,26,16.1437653496396,2.586188725419239,0.34615384615384615,1.9847789527479227,-5.096801421719427,0.5074140645147556,6/7,4.165131578947368
D1_ma_-1_10_50_2.5_3.0,26,11.040734626916231,1.7686966326671725,0.46153846153846156,1.8682062889082054,-3.3321111205537575,0.5308036162891339,5/7,4.165131578947368
D1_ma_-1_10_50_2.5_4.0,26,6.155541325739889,0.9861015215905676,0.4230769230769231,1.4804946224392674,-4.832849668417339,0.20404142260719152,4/7,4.165131578947368
D1_ma_-1_20_100_1.5_3.0,10,1.2282554196047473,0.21905287695831735,0.4,1.2008644304925027,-5.108694455831022,0.0428784455308914,3/6,1.783447265625
D1_ma_-1_20_100_1.5_4.0,10,2.0729519669958716,0.36970005173107523,0.4,1.3390030360484226,-5.108694455831022,0.07236683558342438,3/6,1.783447265625
D1_ma_-1_20_100_2.5_3.0,10,-0.6029127318401488,-0.10752630630108123,0.4,0.9006554944202703,-5.065216673498613,-0.021228372492664044,3/6,1.783447265625
D1_ma_-1_20_100_2.5_4.0,10,-0.6029127318401488,-0.10752630630108123,0.4,0.9006554944202703,-5.065216673498613,-0.021228372492664044,3/6,1.783447265625
D1_ma_-1_50_200_1.5_3.0,6,-3.638748039622155,-0.6085406233846118,0.16666666666666666,0.19303265501734518,-2.6244628323453574,-0.23187244867201567,1/6,1.003434065934066
D1_ma_-1_50_200_1.5_4.0,6,-3.638748039622155,-0.6085406233846118,0.16666666666666666,0.19303265501734518,-2.6244628323453574,-0.23187244867201567,1/6,1.003434065934066
D1_ma_-1_50_200_2.5_3.0,6,-3.7832488237732935,-0.6327067916131848,0.16666666666666666,0.1212982766442031,-2.774677699407215,-0.228028931701998,1/6,1.003434065934066
D1_ma_-1_50_200_2.5_4.0,6,-3.7832488237732935,-0.6327067916131848,0.16666666666666666,0.1212982766442031,-2.774677699407215,-0.228028931701998,1/6,1.003434065934066
D1_mom_1_0.05_1.5_2.0,125,21.3344826547418,3.361699650407439,0.4,1.2853761912151864,-21.367274960083442,0.15732935794047137,6/7,19.6963977566868
D1_mom_1_0.05_1.5_3.0,125,48.603525376663804,7.658514945567927,0.376,1.6246514114321469,-22.36727496008343,0.3423982116388916,5/7,19.6963977566868
D1_mom_1_0.05_2.5_2.0,125,32.87946413612377,5.180856029214499,0.456,1.521319768072588,-20.37497998815304,0.2542753922814594,5/7,19.6963977566868
D1_mom_1_0.05_2.5_3.0,125,51.979078790869295,8.190404887128995,0.448,1.8111386610974873,-18.60765390197981,0.4401632215578535,4/7,19.6963977566868
D1_mom_1_0.1_1.5_2.0,89,26.760334839317373,4.245965377958588,0.43820224719101125,1.5622773389241467,-15.674968850711704,0.2708755225223816,4/7,14.121307558644656
D1_mom_1_0.1_1.5_3.0,89,42.760334839317366,6.784627410973357,0.38202247191011235,1.811009448319726,-17.590485308904043,0.3856987053983712,5/7,14.121307558644656
D1_mom_1_0.1_2.5_2.0,89,31.3637652204738,4.976374998600372,0.48314606741573035,1.73897233474392,-16.027082939920646,0.31049786272741475,5/7,14.121307558644656
D1_mom_1_0.1_2.5_3.0,89,46.21345856040408,7.332522041349952,0.4606741573033708,2.0610833746372714,-15.027082939920643,0.48795378788191307,4/7,14.121307558644656
D1_mom_1_0.2_1.5_2.0,47,24.66194268369075,4.6407906054704,0.5106382978723404,2.079121624559444,-5.612146708935759,0.8269189752436891,5/6,8.844281298299846
D1_mom_1_0.2_1.5_3.0,47,36.10827095698049,6.794717139122681,0.46808510638297873,2.450206305688523,-5.08645825219212,1.3358444721716431,5/6,8.844281298299846
D1_mom_1_0.2_2.5_2.0,47,25.59196581049852,4.81579882137279,0.5531914893617021,2.296366144193534,-7.38703237236939,0.6519260480549544,5/6,8.844281298299846
D1_mom_1_0.2_2.5_3.0,47,34.19453616266444,6.434597801861508,0.5319148936170213,2.6857070685088953,-7.340739025439696,0.8765599457441668,5/6,8.844281298299846
D1_mom_-1_0.05_1.5_2.0,94,-8.774980019337475,-1.3494995587633738,0.3191489361702128,0.862847917748487,-27.872273395519095,-0.048417276180289154,4/8,14.45621052631579
D1_mom_-1_0.05_1.5_3.0,94,3.5344413285865888,0.5435598716910534,0.2978723404255319,1.05435660152932,-26.872273395519095,0.020227535783470075,4/8,14.45621052631579
D1_mom_-1_0.05_2.5_2.0,94,-7.978477928687743,-1.2270059214539784,0.3404255319148936,0.8544083559503896,-19.541285863354922,-0.06279043917754352,3/8,14.45621052631579
D1_mom_-1_0.05_2.5_3.0,94,-5.452075006365789,-0.8384717457158334,0.3404255319148936,0.9005102764269799,-22.149309543269176,-0.037855434909962314,3/8,14.45621052631579
D1_mom_-1_0.1_1.5_2.0,62,-11.813465126451051,-1.8924860251913362,0.27419354838709675,0.7302564910497489,-25.19477093914034,-0.075114238179135,2/8,9.932236842105263
D1_mom_-1_0.1_1.5_3.0,62,-4.685224643836512,-0.7505606584040728,0.25806451612903225,0.8930605513818751,-25.19477093914034,-0.029790334677663965,4/8,9.932236842105263
D1_mom_-1_0.1_2.5_2.0,62,-4.253757031095918,-0.6814406822841158,0.3225806451612903,0.8775534022188303,-16.99035968368481,-0.04010749006911708,3/8,9.932236842105263
D1_mom_-1_0.1_2.5_3.0,62,3.476304562151938,0.5568948426868401,0.3225806451612903,1.100067226072148,-16.9903596836848,0.03277710731583894,4/8,9.932236842105263
D1_mom_-1_0.2_1.5_2.0,18,0.9899488251800538,0.15907558662429153,0.3333333333333333,1.0922136594081466,-3.810154173446513,0.04175043302260867,3/6,2.892432908051034
D1_mom_-1_0.2_1.5_3.0,18,3.3742002693025315,0.5422026609602946,0.3333333333333333,1.3143065040273656,-3.810154173446513,0.14230465127605052,4/6,2.892432908051034
D1_mom_-1_0.2_2.5_2.0,18,-0.04668668058041803,-0.0075021161821371245,0.3333333333333333,0.9943627252027057,-3.0140580689122434,-0.0024890416875228273,3/6,2.892432908051034
D1_mom_-1_0.2_2.5_3.0,18,-3.3563137564733707,-0.5393284643871089,0.2777777777777778,0.6387445726144039,-4.022970479083571,-0.1340622475832752,3/6,2.892432908051034
