month,trades,net_r,r_per_year,wr_pct,pf,avg_r,max_dd_r,mar,ulcer_r,recovery_trades,max_loss_streak,worst_loss_streak_r,max_win_streak,positive_years,total_years,positive_months,total_months
2019-06,3,-1.1076958275653805,-26.97239340121702,33.33333333333333,0.46929197107846377,-0.36923194252179353,-1.1076958275653805,-24.35,0.8808624963481464,3,1,-1.0470008952551462,1,0,1,0,1
2019-08,4,-0.13818358760585236,-2.8039752985020874,50.0,0.9331763244278697,-0.03454589690146309,-2.067883671808729,-1.355963750151147,1.2814697108118562,3,2,-2.067883671808729,1,0,1,0,1
2019-09,2,-0.06830251671142173,-12.473747114423395,50.0,0.9339665621978847,-0.03415125835571087,-1.0343625742477052,-12.059356578611311,0.7329976701168475,2,1,-1.0343625742477052,1,0,1,0,1
2019-10,3,2.905854845845724,265.34087061128764,100.0,inf,0.9686182819485746,0.9570218165445534,inf,0.0,0,0,0.0,3,1,1,1,1
2020-01,3,-2.6034085529281628,-39.62062391487547,0.0,0.0,-0.8678028509760543,-2.6034085529281628,-15.218749999999998,1.853275241619021,3,3,-2.6034085529281628,0,0,1,0,1
2020-02,3,-1.1275727573799619,-17.906345636218745,33.33333333333333,0.45921441050826717,-0.3758575857933206,-2.085064356910345,-8.587910285298065,1.3474403960009282,2,2,-2.085064356910345,1,0,1,0,1
2020-03,20,-0.612681611826426,-9.32424827998342,50.0,0.9405198116535489,-0.0306340805913213,-4.342551472280981,-2.1471819826434295,2.487382275006736,14,3,-3.1158186985708136,3,0,1,0,1
2020-04,10,-2.3951079576715815,-31.243327912126613,40.0,0.6160413074018453,-0.23951079576715814,-4.153331191896404,-7.522474483394367,2.4939543365340806,10,4,-4.153331191896404,3,0,1,0,1
2020-05,7,2.680983050194729,37.66265611860095,71.42857142857143,2.2825374568639734,0.38299757859924705,-2.090374075116837,18.01718485075255,0.9798237555771098,3,2,-2.090374075116837,4,1,1,1,1
2020-06,5,-1.1965062533322843,-23.001258369979833,40.0,0.6161963652631776,-0.23930125066645686,-2.093383178932912,-10.98760064638743,1.142683685944651,2,2,-2.093383178932912,2,0,1,0,1
2020-07,6,5.7748104512511045,68.04030701030536,100.0,inf,0.9624684085418508,0.9503463930201224,inf,0.0,0,0,0.0,6,1,1,1,1
2020-08,16,5.5249941764727515,74.74089344283972,68.75,2.074183640342677,0.34531213602954697,-2.1404904949339683,34.91764790347522,0.9542635402622095,6,2,-2.0722447774410795,5,1,1,1,1
2020-09,10,-0.37118364018196326,-5.894557590280961,50.0,0.9285745474394029,-0.03711836401819633,-3.130723796824469,-1.8828098461639706,1.3169521615197075,3,3,-3.130723796824469,3,0,1,0,1
2020-10,5,0.811114888670768,10.580704038821358,60.0,1.3907557669785093,0.1622229777341536,-1.1061482055762903,9.565358408106745,0.6770689613989637,3,1,-1.0439275404760917,2,1,1,1,1
2020-11,8,-0.31965671428122056,-4.6701845956486325,50.0,0.9231825118399418,-0.03995708928515257,-2.17196987374626,-2.1502068937970114,1.2482719849317527,4,2,-2.0849726212682027,2,0,1,0,1
2020-12,9,2.1374527681342386,30.027100906193485,66.66666666666666,1.6860606183400233,0.2374947520149154,-2.0732276764471043,14.48326261862904,0.9787375843835552,6,2,-2.0732276764471043,2,1,1,1,1
2021-01,7,1.4634136011474783,29.695100989950912,57.14285714285714,1.6109293935049611,0.20905908587821118,-2.3953890853928845,12.3967756098715,1.2615683278043777,3,3,-2.3953890853928845,4,1,1,1,1
2021-02,11,-0.136409666816236,-2.166244817592618,54.54545454545454,0.9736801009196601,-0.012400878801476,-3.0948305816805446,-0.69995586524685,1.254142903195546,4,3,-3.0948305816805446,3,0,1,0,1
2021-03,5,-3.1942739999577445,-44.873406864791,20.0,0.23282195326653574,-0.6388547999915489,-3.1942739999577445,-14.048076923076922,2.0730816831609324,5,2,-2.0842178361771135,1,0,1,0,1
2021-04,6,-0.5751194713759831,-7.243530583450959,50.0,0.7384774515076772,-0.09585324522933052,-2.0747016853878373,-3.491360051648524,1.1641101616988898,4,2,-2.0747016853878373,2,0,1,0,1
2021-05,5,-0.4447847591556371,-9.556331369505672,40.0,0.8110909858868749,-0.08895695183112742,-2.0946897981740653,-4.562170197150861,1.0532651664860773,2,2,-2.0946897981740653,1,0,1,0,1
2021-06,5,-3.178075913984819,-61.09432776752396,20.0,0.2339848758303883,-0.6356151827969638,-3.178075913984819,-19.223684210526315,1.8372002139957437,5,3,-3.125329439029011,1,0,1,0,1
2021-08,7,3.4448328250674813,57.19205406163171,71.42857142857143,3.5228150935133065,0.4921189750096402,-1.0321844012935062,55.4087564101532,0.4106890909094803,2,1,-1.0321844012935062,3,1,1,1,1
2021-09,7,4.712544685900204,63.75025727870553,85.71428571428571,5.596898066127953,0.6732206694143148,-1.025157534082469,62.18581550567537,0.38849147829580066,2,1,-1.025157534082469,5,1,1,1,1
2021-10,2,-0.07959800957403906,-1.1629269198767107,50.0,0.923285279833376,-0.03979900478701953,-1.0375845652718618,-1.1208020616343761,0.7358388319525369,2,1,-1.0375845652718618,1,0,1,0,1
2021-11,2,1.9394330462062144,354.1889600634099,100.0,inf,0.9697165231031072,0.9563146179609332,inf,0.0,0,0,0.0,2,1,1,1,1
2021-12,2,1.9176888075854794,700.4358369705964,100.0,inf,0.9588444037927397,0.951645214027495,inf,0.0,0,0,0.0,2,1,1,1,1
2022-01,1,-1.0401253439315188,-379.90578187098725,0.0,0.0,-1.0401253439315188,-1.0401253439315188,-365.25,1.0401253439315188,1,1,-1.0401253439315188,0,0,1,0,1
2022-02,10,1.2018104270658556,16.2578243883631,60.0,1.289308841777836,0.12018104270658556,-2.5516478327405423,6.371500087024836,1.1899890788196352,6,2,-2.0722441426966345,4,1,1,1,1
2022-03,17,2.375310882510586,28.91940999456639,58.82352941176471,1.3284646124348949,0.13972416955944625,-3.0707449710403383,9.41771793727591,1.4536843417798941,10,3,-3.0707449710403387,4,1,1,1,1
2022-04,7,-1.2780837395204299,-16.09724433999438,42.857142857142854,0.6918098625367535,-0.1825833913600614,-3.189472961210988,-5.046991943735598,1.8406895618458197,7,3,-3.111373633523398,2,0,1,0,1
2022-05,10,4.341148715256808,105.70697121650328,70.0,2.8323313483065236,0.4341148715256808,-2.0644543273435714,51.20334696506525,0.8166698877109607,4,2,-2.0644543273435714,5,1,1,1,1
2022-06,3,2.8608357881107858,36.031733503705674,100.0,inf,0.953611929370262,0.950189753320682,inf,0.0,0,0,0.0,3,1,1,1,1
2022-07,3,-0.39688513011635795,-10.354449555357125,33.33333333333333,0.7094292121057937,-0.1322950433721193,-1.365881040529303,-7.580784305597062,0.8444458847150693,3,2,-1.365881040529303,1,0,1,0,1
2022-08,6,-0.21569261402868722,-3.0300664336145386,50.0,0.9308416981155626,-0.0359487690047812,-2.082702415587958,-1.454872482470874,1.1339779229192768,3,2,-2.082702415587958,2,0,1,0,1
2022-09,10,0.5337588308556576,6.722600447242376,50.0,1.1244417962835054,0.053375883085565755,-2.1502437094607654,3.126436513993225,0.91537555926376,4,2,-2.0787513312131285,3,1,1,1,1
2022-10,4,1.8540798386685564,61.56387827942638,75.0,2.810076271190012,0.4635199596671391,-1.0243103388398185,60.1027598229229,0.5134388596282565,2,1,-1.0243103388398185,2,1,1,1,1
2022-11,6,0.048641069203392145,0.7724413272408254,66.66666666666666,1.0234134134482948,0.008106844867232024,-2.077487304907903,0.3718151853038969,1.2376286717150675,3,2,-2.077487304907903,3,1,1,1,1
2022-12,1,-1.0455798406876042,-381.89803681114745,0.0,0.0,-1.0455798406876042,-1.0455798406876042,-365.25,1.0455798406876042,1,1,-1.0455798406876042,0,0,1,0,1
2023-01,9,-1.6453273752082422,-22.2576231035115,44.44444444444444,0.6848303842311736,-0.1828141528009158,-3.205832028744435,-6.942853806420015,1.4363365129451322,5,3,-3.128380041630048,2,0,1,0,1
2023-02,6,-0.2217234458260351,-5.78460632771138,50.0,0.9284573229720388,-0.03695390763767251,-1.174709923841616,-4.924284889663797,0.7791236920523094,5,1,-1.0394292151708602,1,0,1,0,1
2023-03,8,1.6848503735933547,25.641316623123867,62.5,1.5416069188810235,0.21060629669916933,-1.098656881490558,23.33878488826835,0.6522503257282757,4,1,-1.0447560793674475,2,1,1,1,1
2023-04,9,3.449293298345731,54.776277270468626,66.66666666666666,2.4611246569173058,0.38325481092730346,-1.3942366094217868,39.287648093809025,0.673306457179955,5,2,-1.3215744149951492,3,1,1,1,1
2023-05,6,-2.2384174706401625,-40.879099057565966,33.33333333333333,0.4617859099843083,-0.3730695784400271,-3.125057531919372,-13.081070873104382,1.6459167686866076,3,3,-3.1250575319193716,2,0,1,0,1
2023-06,6,-2.2528096877259065,-28.37374960144439,33.33333333333333,0.45896165802608224,-0.3754682812876511,-4.163863284636691,-6.81428463468874,2.671002477815483,5,4,-4.163863284636691,1,0,1,0,1
2023-07,4,-1.0286876877599858,-31.310681496194565,50.0,0.5081041692888643,-0.25717192193999644,-2.091271410600915,-14.972079347270194,1.2992678853865864,3,2,-2.091271410600915,1,0,1,0,1
2023-08,2,-0.09241639242590194,-16.87754366678034,50.0,0.91193749257902,-0.04620819621295097,-1.049440847557387,-16.082415417756472,0.7449385485095349,2,1,-1.049440847557387,1,0,1,0,1
2023-10,7,-1.9196106465439318,-25.040635308934682,42.857142857142854,0.539895942067963,-0.27423009236341883,-2.084341956721646,-12.01368865035937,1.4709262605205806,7,2,-2.084341956721646,2,0,1,0,1
2023-11,4,-2.150507270956218,-28.05259931131281,25.0,0.30953042235772765,-0.5376268177390545,-2.150507270956218,-13.044642857142858,1.3136499559377137,4,2,-2.0856152371441654,1,0,1,0,1
2023-12,3,-1.098482107859425,-22.29003277198083,33.33333333333333,0.46846713020089165,-0.3661607026198083,-1.098482107859425,-20.291666666666664,0.8688411225131895,3,1,-1.0397230734309395,1,0,1,0,1
2024-01,1,0.9537821599137266,348.36893390848866,100.0,inf,0.9537821599137266,0.9537821599137266,inf,0.0,0,0,0.0,1,1,1,1,1
2024-02,1,0.955093661791122,348.8479599692073,100.0,inf,0.955093661791122,0.955093661791122,inf,0.0,0,0,0.0,1,1,1,1,1
2024-03,6,0.9924821595937838,15.76104820833172,66.66666666666666,1.4760950851916883,0.16541369326563063,-2.084630130542482,7.560596950707142,0.9508765126032769,2,2,-2.0846301305424824,4,1,1,1,1
2024-04,19,3.2561936411698706,42.47588312276055,57.89473684210527,1.4404997295081887,0.17137861269315108,-2.280793371235121,18.62329295518714,1.2201127729914114,11,2,-2.0568384860790285,4,1,1,1,1
2024-05,12,1.5843198363976727,22.25664693247115,58.333333333333336,1.306683835063865,0.1320266530331394,-2.213998703697299,10.052691943903735,1.1323612994794285,7,2,-2.0832324255883092,4,1,1,1,1
2024-06,10,-0.3873455693322091,-5.894915383274557,50.0,0.9255162246313026,-0.03873455693322091,-2.305227002706343,-2.5571951813656137,1.622090449719486,9,2,-2.0682172404199712,1,0,1,0,1
2024-07,12,3.5346401631273268,51.64109278329025,66.66666666666666,1.8514080757387112,0.29455334692727725,-1.2605398076105425,40.96744305217953,0.677820940051821,8,1,-1.0444303395747396,3,1,1,1,1
2024-08,16,8.423074990699545,102.55093801176697,75.0,3.699546791779278,0.5264421869187216,-2.0697709770380817,49.54699778355243,0.692665747557991,4,2,-2.0697709770380817,7,1,1,1,1
2024-09,11,0.573912024497885,7.763754331401945,54.54545454545454,1.1102936678534605,0.05217382040889864,-3.279413484988933,2.3674216035701106,1.479887316025367,7,2,-2.0895120035677155,4,1,1,1,1
2024-10,10,4.589696196203061,72.88637111578991,70.0,3.126666485433505,0.4589696196203061,-1.0423003323597548,69.92837750591146,0.4638145216072896,2,1,-1.0423003323597546,3,1,1,1,1
2024-11,13,0.46254465788916055,7.679292558818904,53.84615384615385,1.0740329603488346,0.0355803582991662,-3.2913473591825624,2.3331759674026413,1.877581945676455,10,3,-3.1197955925511907,4,1,1,1,1
2024-12,6,-4.196064887790605,-85.14515001475102,16.666666666666664,0.1854378839701833,-0.6993441479651009,-5.15131357721651,-16.528822937771697,3.557868691594862,6,5,-5.15131357721651,1,0,1,0,1
2025-01,7,0.716696837561337,9.695315552565864,57.14285714285714,1.2298555355431966,0.10238526250876243,-2.1440410751552434,4.521982188174197,1.2652348921882859,4,2,-2.076711787365041,3,1,1,1,1
2025-02,9,-1.2737021740897723,-17.893066118703434,44.44444444444444,0.7533067421668574,-0.14152246378775246,-3.155392774883981,-5.670630376391521,1.786163968332162,9,2,-2.076443789008696,3,0,1,0,1
2025-03,10,-4.344918278955658,-58.77708894031682,30.0,0.39903220577221366,-0.43449182789556584,-6.254213195210865,-9.397998933794758,3.834356509149348,10,6,-6.210586780232857,2,0,1,0,1
2025-04,21,6.515721620174313,88.14323413958029,66.66666666666666,1.9138577992121582,0.3102724581035387,-2.056496821696817,42.860865725458915,0.8766406309793783,6,2,-2.034269199787248,7,1,1,1,1
2025-05,11,-1.283293941410335,-18.027812003850954,45.45454545454545,0.7919298839655422,-0.11666308558275773,-4.200254331732855,-4.2920762839647875,2.4490634589557,11,3,-3.0769093937533167,3,0,1,0,1
2025-06,19,-1.6199173366530915,-20.40257955905316,47.368421052631575,0.8430850963365413,-0.08525880719226797,-3.3665397117557125,-6.060400680202533,1.5829603826654113,12,2,-2.0693447483369285,2,0,1,0,1
2025-07,11,4.561267504654908,66.6401182430082,72.72727272727273,2.4553159491865557,0.41466068224135527,-1.0487453865973402,63.542704544543845,0.5471964621596775,2,1,-1.0487453865973402,3,1,1,1,1
2025-08,13,-3.470789789148583,-48.75792194178922,38.46153846153847,0.5805201418451262,-0.26698382993450637,-5.380965497476102,-9.061184645145696,3.7931061343984633,13,5,-5.159063606243507,2,0,1,0,1
2025-09,12,-0.33419014422197035,-4.69472885296441,50.0,0.9456270742859842,-0.027849178685164195,-4.23376690773348,-1.1088774973390547,1.7453653435167755,8,4,-4.097389840867078,4,0,1,0,1
2025-10,24,-0.5234265171545427,-6.5924667376102315,50.0,0.9572871682808682,-0.021809438214772613,-5.197073507978267,-1.2684959578674098,2.6208819198809334,23,3,-3.081603531384612,4,0,1,0,1
2025-11,19,-1.3676339446320505,-21.718621664211152,47.368421052631575,0.8657560411740101,-0.07198073392800265,-2.1960916792245855,-9.889669848336998,1.5514535615121539,12,2,-2.0334085481455038,3,0,1,0,1
2025-12,18,-2.4460669280579035,-29.780864849104976,44.44444444444444,0.7618776105140803,-0.13589260711432796,-4.272641583329613,-6.970129431239852,2.461899112587129,18,3,-3.082257123768245,3,0,1,0,1
2026-01,18,-2.32131666223448,-29.236583133832546,44.44444444444444,0.7718024689457956,-0.12896203679080445,-6.106922927308196,-4.787449175606253,2.9868223380681416,9,6,-6.106922927308196,3,0,1,0,1
2026-02,17,7.02167579267713,106.86112846980507,70.58823529411765,2.6178792599730905,0.4130397525104194,-3.3364499045092115,32.02839291109459,1.4343052469349349,7,4,-3.3364499045092124,7,1,1,1,1
2026-03,19,4.780733066465793,64.67269453802338,63.1578947368421,1.6755104707571378,0.2516175298139891,-2.0687049881949253,31.262405663000965,1.0259620297243641,7,2,-2.015508165518118,3,1,1,1,1
2026-04,21,6.642422160893716,80.871489808881,66.66666666666666,1.9307758518004416,0.31630581718541506,-2.065672126952138,39.150206247012406,0.9843426548117497,6,2,-2.044868798116788,4,1,1,1,1
2026-05,22,1.5777565314836612,23.05102292497629,54.54545454545454,1.1548550867407248,0.07171620597653006,-5.235356221991113,4.402952148346749,3.0785235696313467,17,3,-3.0495430869576867,4,1,1,1,1
2026-06,17,2.706143577951167,61.776183865416485,58.82352941176471,1.3810275517591595,0.15918491635006865,-3.1596249616110335,19.551745734379175,1.5620809771047084,9,2,-2.040271858888546,4,1,1,1,1
