risk_pct,entry_timestamp,year,month,direction,entry_price,stop_price,risk_units,net_r,equity_before,risk_usd,lot,pnl_usd,equity_after
0.02,2019-06-12 20:00:00+00:00,2019,2019-06,supply,1332.54,1338.9228571428573,6.382857142857347,-1.0470008952551462,5000.0,100.0,0.1566696508504874,-104.70008952551461,4895.299910474485
0.02,2019-06-18 20:00:00+00:00,2019,2019-06,demand,1347.94,1339.6691428571428,8.270857142857267,0.9637280641149653,4895.299910474485,97.9059982094897,0.11837466966049771,94.35475811967476,4989.654668594159
0.02,2019-06-21 14:00:00+00:00,2019,2019-06,demand,1394.75,1380.1101428571428,14.63985714285718,0.979507996760312,4989.654668594159,99.79309337188319,0.06816534642250419,97.74813297920807,5087.4028015733675
0.02,2019-06-21 19:00:00+00:00,2019,2019-06,demand,1398.45,1384.847142857143,13.602857142857149,0.9779458097038436,5087.4028015733675,101.74805603146736,0.07479903299939836,99.5040850414854,5186.906886614853
0.02,2019-06-27 16:00:00+00:00,2019,2019-06,supply,1401.08,1408.5421428571428,7.462142857142908,-1.0402029290705463,5186.906886614853,103.73813773229706,0.13901923310540337,-107.90871472545916,5078.998171889393
0.02,2019-08-15 15:00:00+00:00,2019,2019-08,supply,1515.09,1523.2554285714286,8.16542857142872,-1.0367402638300844,5000.0,100.0,0.1224675461002812,-103.67402638300844,4896.325973616991
0.02,2019-08-15 18:00:00+00:00,2019,2019-08,demand,1518.68,1509.047142857143,9.63285714285712,-1.0311434079786446,4896.325973616991,97.92651947233982,0.10165885159519211,-100.97628502019558,4795.349688596795
0.02,2019-08-23 16:00:00+00:00,2019,2019-08,demand,1502.38,1493.954,8.426000000000158,0.964395917398529,4795.349688596795,95.9069937719359,0.11382268427715891,92.49231324362114,4887.842001840417
0.02,2019-09-10 16:00:00+00:00,2019,2019-09,demand,1495.62,1486.8895714285711,8.730428571428547,-1.0343625742477052,5000.0,100.0,0.11454191415901722,-103.43625742477052,4896.563742575229
0.02,2019-09-11 18:00:00+00:00,2019,2019-09,demand,1494.54,1485.700857142857,8.83914285714286,0.9660600575362834,4896.563742575229,97.93127485150458,0.11079272779528264,94.6074930176461,4991.171235592876
0.02,2019-09-13 17:00:00+00:00,2019,2019-09,demand,1503.95,1495.7412857142858,8.208714285714223,-1.03654652720976,4991.171235592876,99.82342471185751,0.12160665024677746,-103.47162421926085,4887.699611373615
0.02,2019-09-20 18:00:00+00:00,2019,2019-09,demand,1504.36,1497.807285714286,6.552714285714046,0.954217445333448,4887.699611373615,97.7539922274723,0.1491809164342652,93.27856473444434,4980.978176108059
0.02,2019-10-01 17:05:00+00:00,2019,2019-10,demand,1474.32,1459.2795714285714,15.040428571428492,0.9800537598662652,5000.0,100.0,0.06648746711244966,98.00537598662652,5098.005375986627
0.02,2019-10-02 17:25:00+00:00,2019,2019-10,demand,1493.24,1483.631,9.609000000000153,0.9687792694349052,5098.005375986627,101.96010751973255,0.10610896817538862,98.77683847447088,5196.782214461098
0.02,2019-10-11 18:30:00+00:00,2019,2019-10,supply,1479.24,1485.424,6.183999999999969,-1.0485122897800778,5196.782214461098,103.93564428922197,0.1680718698079277,-108.9778003834598,5087.804414077638
0.02,2020-01-10 15:35:00+00:00,2020,2020-01,demand,1555.92,1545.957,9.963000000000193,-0.5159088627923363,5000.0,100.0,0.10037137408410927,-51.59088627923363,4948.409113720766
0.02,2020-02-05 16:35:00+00:00,2020,2020-02,demand,1556.5,1549.4425714285717,7.057428571428545,0.9574915995303832,5000.0,100.0,0.1416946682320559,95.74915995303832,5095.7491599530385
0.02,2020-03-02 18:20:00+00:00,2020,2020-03,supply,1593.87,1602.1525714285713,8.282571428571373,0.9637793645865672,5000.0,100.0,0.12073545137810975,96.37793645865672,5096.377936458657
0.02,2020-03-06 16:05:00+00:00,2020,2020-03,demand,1676.02,1667.8775714285714,8.142428571428582,0.9631559555766094,5096.377936458657,101.92755872917314,0.1251807833928472,98.17213522738773,5194.550071686045
0.02,2020-03-06 16:40:00+00:00,2020,2020-03,supply,1678.2,1689.297142857143,11.0971428571429,0.9729660144181258,5194.550071686045,103.8910014337209,0.09361959449485627,101.08241359887522,5295.63248528492
0.02,2020-03-11 16:10:00+00:00,2020,2020-03,supply,1658.34,1666.2949999999998,7.954999999999927,0.9622878692646132,5295.63248528492,105.91264970569841,0.13313972307441782,101.91845801346588,5397.550943298386
0.02,2020-03-17 15:50:00+00:00,2020,2020-03,demand,1492.47,1479.760857142857,12.70914285714298,0.9763949462704016,5397.550943298386,107.95101886596773,0.08493965334986811,105.40282926547167,5502.953772563858
0.02,2020-03-18 13:20:00+00:00,2020,2020-03,demand,1501.69,1488.7064285714284,12.983571428571622,0.9768938768773728,5502.953772563858,110.05907545127717,0.08476795160465739,107.51603690313745,5610.469809466996
0.02,2020-03-20 14:20:00+00:00,2020,2020-03,supply,1501.12,1512.1581428571428,11.03814285714293,0.9728215150064066,5610.469809466996,112.20939618933991,0.10165604634907195,109.15971479886775,5719.629524265863
0.02,2020-03-20 16:40:00+00:00,2020,2020-03,supply,1496.4,1508.5872857142858,12.187285714285736,0.9753841825790344,5719.629524265863,114.39259048531727,0.09386223738992855,111.57672336361941,5831.206247629483
0.02,2020-04-01 19:05:00+00:00,2020,2020-04,demand,1591.28,1584.7547142857145,6.525285714285474,-1.0459749983580375,5000.0,100.0,0.15324999452679156,-104.59749983580376,4895.402500164197
0.02,2020-04-07 18:20:00+00:00,2020,2020-04,demand,1654.06,1641.6014285714286,12.458571428571304,-1.0240798073615414,4895.402500164197,97.90805000328393,0.0785868994407745,-100.26565698650717,4795.136843177689
0.02,2020-04-20 13:35:00+00:00,2020,2020-04,demand,1679.61,1673.1808571428571,6.429142857142779,0.9533374811127894,4795.136843177689,95.90273686355378,0.14916877567435888,91.42767359332302,4886.564516771012
0.02,2020-04-22 17:00:00+00:00,2020,2020-04,demand,1708.51,1700.3674285714285,8.1425714285715,0.9631566019860348,4886.564516771012,97.73129033542024,0.12002509427487555,94.13053750717397,4980.695054278186
0.02,2020-04-28 19:05:00+00:00,2020,2020-04,demand,1705.74,1698.0259999999998,7.714000000000169,-1.0388903292714535,4980.695054278186,99.61390108556373,0.12913391377438624,-103.4879184987953,4877.207135779391
0.02,2020-05-01 17:30:00+00:00,2020,2020-05,demand,1682.85,1676.6788571428572,6.1711428571427405,0.9513866382702894,5000.0,100.0,0.16204453909903543,95.13866382702894,5095.138663827029
0.02,2020-05-19 17:20:00+00:00,2020,2020-05,demand,1739.46,1733.4561428571428,6.003857142857214,0.9500321222071532,5095.138663827029,101.90277327654057,0.16972884406114536,96.81090795470621,5191.949571781735
0.02,2020-05-20 18:10:00+00:00,2020,2020-05,supply,1746.0,1752.059857142857,6.059857142857027,-1.049506117541669,5191.949571781735,103.83899143563471,0.17135551051402836,-108.97965675105559,5082.96991503068
0.02,2020-06-12 16:10:00+00:00,2020,2020-06,demand,1738.89,1732.355857142857,6.534142857143024,-1.0459126784582071,5000.0,100.0,0.15304226152735786,-104.59126784582071,4895.408732154179
0.02,2020-06-24 14:50:00+00:00,2020,2020-06,demand,1776.53,1770.2102857142856,6.319714285714326,-1.0474705004747047,4895.408732154179,97.90817464308358,0.15492500169573234,-102.55592469395555,4792.852807460224
0.02,2020-07-24 16:05:00+00:00,2020,2020-07,demand,1900.77,1891.450142857143,9.319857142857018,0.9678106653995304,5000.0,100.0,0.10729778200156492,96.78106653995304,5096.781066539953
0.02,2020-08-04 16:05:00+00:00,2020,2020-08,demand,1974.93,1967.1905714285713,7.739428571428789,0.9612374483165989,5000.0,100.0,0.12920850561133718,96.12374483165989,5096.12374483166
0.02,2020-08-06 18:50:00+00:00,2020,2020-08,demand,2056.17,2047.662285714286,8.5077142857142,0.9647378849447557,5096.12374483166,101.92247489663319,0.11980006788401105,98.32847286011285,5194.452217691773
0.02,2020-08-12 16:45:00+00:00,2020,2020-08,demand,1940.36,1928.3891428571428,11.970857142857083,-1.025060862093656,5194.452217691773,103.88904435383546,0.08678496711977324,-106.49259336742865,5087.959624324344
0.02,2020-08-14 18:20:00+00:00,2020,2020-08,supply,1945.23,1956.9511428571427,11.721142857142697,0.974405226209048,5087.959624324344,101.75919248648688,0.08681678376138575,99.1546889736453,5187.11431329799
0.02,2020-08-18 17:00:00+00:00,2020,2020-08,supply,2005.05,2014.9804285714283,9.930428571428592,0.9697898234862544,5187.11431329799,103.74228626595979,0.10446909266780559,100.60821348592562,5287.722526783915
0.02,2020-08-28 13:40:00+00:00,2020,2020-08,demand,1956.33,1945.2694285714283,11.060571428571391,0.9728766274023558,5287.722526783915,105.7544505356783,0.09561391219127799,102.88603316993996,5390.608559953855
0.02,2020-08-28 16:20:00+00:00,2020,2020-08,demand,1957.59,1949.5897142857143,8.00028571428561,0.9625013392378838,5390.608559953855,107.8121711990771,0.1347604011273793,103.76935916525572,5494.377919119111
0.02,2020-08-31 15:45:00+00:00,2020,2020-08,demand,1964.95,1956.9722857142856,7.977714285714228,0.9623952438937036,5494.377919119111,109.88755838238221,0.13774316106952958,105.75526355029632,5600.133182669407
0.02,2020-09-03 15:25:00+00:00,2020,2020-09,demand,1934.7,1926.795,7.9050000000002,0.9620493358633786,5000.0,100.0,0.1265022137887381,96.20493358633786,5096.204933586338
0.02,2020-10-02 19:30:00+00:00,2020,2020-10,supply,1902.21,1910.2252857142855,8.01528571428571,0.9625715151407132,5000.0,100.0,0.12476161619762247,96.25715151407131,5096.257151514072
0.02,2020-10-26 14:30:00+00:00,2020,2020-10,demand,1905.16,1898.2674285714288,6.8925714285715,-1.0435251202122364,5096.257151514072,101.92514303028143,0.14787680343474602,-106.36144713332382,4989.895704380748
0.02,2020-10-30 17:05:00+00:00,2020,2020-10,demand,1884.25,1877.4205714285715,6.82942857142848,-1.0439275404760917,4989.895704380748,99.79791408761496,0.14612923035044012,-104.18179099812818,4885.7139133826195
0.02,2020-11-03 17:05:00+00:00,2020,2020-11,demand,1906.75,1899.4894285714288,7.2605714285714384,0.9586809381394618,5000.0,100.0,0.13773020620179424,95.86809381394617,5095.868093813946
0.02,2020-11-06 15:40:00+00:00,2020,2020-11,demand,1958.21,1947.4584285714288,10.751571428571424,-1.027902897915255,5095.868093813946,101.91736187627892,0.09479299147419683,-104.76115162050482,4991.106942193441
0.02,2020-11-19 16:15:00+00:00,2020,2020-11,supply,1857.7,1865.5287142857144,7.828714285714341,-1.0383204686045873,4991.106942193441,99.82213884386881,0.1275077045869741,-103.64736998147804,4887.459572211963
0.02,2020-11-24 16:00:00+00:00,2020,2020-11,supply,1805.83,1812.2605714285712,6.430571428571511,-1.0466521526636152,4887.459572211963,97.74919144423926,0.15200700673338652,-102.30940164624086,4785.150170565722
0.02,2020-12-03 16:35:00+00:00,2020,2020-12,supply,1837.21,1844.5128571428572,7.302857142857192,0.9589201877934276,5000.0,100.0,0.13693270735524163,95.89201877934276,5095.892018779343
0.02,2020-12-11 16:35:00+00:00,2020,2020-12,demand,1838.56,1831.219857142857,7.340142857142837,0.9591288608629648,5095.892018779343,101.91784037558686,0.13884994115122518,97.75234214105011,5193.6443609203925
0.02,2020-12-23 17:35:00+00:00,2020,2020-12,demand,1874.62,1866.603285714286,8.016714285713988,0.4378352370939666,5193.6443609203925,103.87288721840785,0.12957039943847354,45.47921020290646,5239.123571123299
0.02,2021-01-18 13:25:00+00:00,2021,2021-01,supply,1833.96,1841.0702857142855,7.110285714285737,-1.042192397331833,5000.0,100.0,0.1406413244394434,-104.2192397331833,4895.780760266816
0.02,2021-01-21 16:40:00+00:00,2021,2021-01,supply,1864.88,1871.2652857142857,6.385285714285601,-1.046983018994564,4895.780760266816,97.91561520533632,0.15334570696855862,-102.51598641439305,4793.264773852423
0.02,2021-02-09 17:05:00+00:00,2021,2021-02,demand,1839.76,1831.7324285714287,8.027571428571264,0.9626287971811428,5000.0,100.0,0.12457067606285736,96.26287971811428,5096.262879718114
0.02,2021-02-18 16:05:00+00:00,2021,2021-02,supply,1782.4,1790.148428571429,7.748428571428576,0.9612824720219768,5096.262879718114,101.92525759436228,0.13154313375256468,97.97896358178534,5194.241843299899
0.02,2021-02-18 18:30:00+00:00,2021,2021-02,supply,1777.08,1783.4109999999998,6.330999999999904,0.9526141209919436,5194.241843299899,103.88483686599798,0.16408914368346164,98.96216255549413,5293.204005855393
0.02,2021-02-18 20:30:00+00:00,2021,2021-02,demand,1776.16,1768.19,7.970000000000027,-1.0376411543287327,5293.204005855393,105.86408011710786,0.13282820591857905,-109.84892629466525,5183.355079560728
0.02,2021-02-24 20:15:00+00:00,2021,2021-02,demand,1799.08,1790.2759999999998,8.804000000000087,-1.0340754202635165,5183.355079560728,103.66710159121456,0.11775000180737566,-107.19960164543586,5076.155477915292
0.02,2021-03-11 18:05:00+00:00,2021,2021-03,supply,1723.21,1733.0117142857143,9.801714285714295,0.9693931090771294,5000.0,100.0,0.10202296974290202,96.93931090771294,5096.939310907713
0.02,2021-04-01 16:05:00+00:00,2021,2021-04,demand,1724.48,1715.127857142857,9.352142857143008,0.3186435499885354,5000.0,100.0,0.1069273657679659,31.86435499885354,5031.864354998854
0.02,2021-04-16 17:40:00+00:00,2021,2021-04,supply,1776.97,1784.2262857142855,7.256285714285696,-1.0413434657636729,5031.864354998854,100.63728709997707,0.1386898077922277,-104.79798133374389,4927.0663736651095
0.02,2021-06-17 19:05:00+00:00,2021,2021-06,supply,1773.86,1783.4208571428571,9.56085714285723,-1.0313779398141227,5000.0,100.0,0.10459313271374258,-103.13779398141227,4896.862206018588
0.02,2021-06-22 16:25:00+00:00,2021,2021-06,supply,1777.68,1783.7892857142856,6.109285714285534,-1.049105576990531,4896.862206018588,97.93724412037176,0.16030882937977844,-102.7465090017651,4794.115697016823
0.02,2021-06-28 18:05:00+00:00,2021,2021-06,demand,1781.2,1774.5104285714283,6.689571428571526,-1.0448459222243571,4794.115697016823,95.88231394033646,0.14333102645532395,-100.18224473399619,4693.933452282827
0.02,2021-08-09 17:35:00+00:00,2021,2021-08,supply,1738.33,1744.8522857142857,6.522285714285772,0.954003854915017,5000.0,100.0,0.15332048361660983,95.40038549150171,5095.400385491502
0.02,2021-08-10 17:20:00+00:00,2021,2021-08,supply,1719.79,1729.1112857142855,9.32128571428575,-1.0321844012935062,5095.400385491502,101.90800770983003,0.10932827383849675,-105.18785592498493,4990.212529566516
0.02,2021-09-21 15:25:00+00:00,2021,2021-09,demand,1772.35,1765.0707142857143,7.2792857142856064,0.9587871651457162,5000.0,100.0,0.137376116180946,95.87871651457162,5095.878716514571
0.02,2021-09-29 17:10:00+00:00,2021,2021-09,supply,1734.21,1740.3055714285713,6.0955714285712475,0.9507839415031976,5095.878716514571,101.91757433029143,0.16719937666972773,96.90159303019959,5192.780309544771
0.02,2021-10-28 17:55:00+00:00,2021,2021-10,supply,1797.81,1804.9505714285713,7.14057142857132,0.9579865556978228,5000.0,100.0,0.1400448143405911,95.79865556978227,5095.798655569783
0.02,2021-11-05 15:30:00+00:00,2021,2021-11,demand,1801.85,1784.0791428571429,17.77085714285704,0.9831184282452812,5000.0,100.0,0.056271905849063,98.31184282452811,5098.311842824528
0.02,2021-12-09 16:40:00+00:00,2021,2021-12,supply,1777.55,1783.754142857143,6.204142857143097,0.951645214027495,5000.0,100.0,0.16118261990834995,95.1645214027495,5095.164521402749
0.02,2021-12-10 15:35:00+00:00,2021,2021-12,demand,1780.52,1771.6851428571429,8.834857142857118,0.9660435935579844,5095.164521402749,101.90329042805499,0.11534231825179272,98.4430208805012,5193.607542283251
0.02,2022-02-15 16:35:00+00:00,2022,2022-02,supply,1848.14,1856.757142857143,8.61714285714288,-1.034814323607427,5000.0,100.0,0.11604774535808987,-103.4814323607427,4896.5185676392575
0.02,2022-02-16 21:10:00+00:00,2022,2022-02,demand,1871.1,1863.874857142857,7.225142857142828,0.958478329642518,4896.5185676392575,97.93037135278516,0.13554108657653807,93.86413875548901,4990.3827063947465
0.02,2022-02-17 16:25:00+00:00,2022,2022-02,demand,1891.88,1885.074,6.80600000000004,0.9559212459594478,4990.3827063947465,99.80765412789493,0.14664656792226616,95.40825709022695,5085.790963484974
0.02,2022-02-28 16:40:00+00:00,2022,2022-02,demand,1914.8,1907.7014285714288,7.098571428571404,-1.0422620245522238,5085.790963484974,101.71581926969948,0.1432905483775204,-106.01453572102508,4979.776427763949
0.02,2022-03-01 15:25:00+00:00,2022,2022-03,supply,1917.6,1923.608,6.008000000000038,-1.0499334221038612,5000.0,100.0,0.166444740346204,-104.99334221038612,4895.006657789614
0.02,2022-03-01 17:35:00+00:00,2022,2022-03,demand,1922.63,1915.6097142857143,7.020285714285819,0.9572666965121492,4895.006657789614,97.90013315579229,0.1394532033882495,93.71653705414482,4988.723194843759
0.02,2022-03-07 19:10:00+00:00,2022,2022-03,supply,1983.61,1993.3331428571428,9.723142857142877,-1.0308542211513032,4988.723194843759,99.77446389687519,0.10261544581089667,-102.85292727120209,4885.870267572557
0.02,2022-03-15 16:05:00+00:00,2022,2022-03,supply,1918.91,1926.501142857143,7.591142857142813,0.9604802589483984,4885.870267572557,97.71740535145115,0.12872555185745832,93.85563879572742,4979.725906368285
0.02,2022-03-16 16:15:00+00:00,2022,2022-03,supply,1911.26,1922.732142857143,11.4721428571429,0.973849698026275,4979.725906368285,99.5945181273657,0.08681422413194163,96.99009140340746,5076.715997771693
0.02,2022-03-30 18:45:00+00:00,2022,2022-03,demand,1937.31,1929.4181428571428,7.891857142857134,-1.0380138660101732,5076.715997771693,101.53431995543386,0.12865706780733085,-105.39403198965378,4971.321965782039
0.02,2022-04-01 16:30:00+00:00,2022,2022-04,supply,1924.35,1933.538857142857,9.18885714285716,-1.0326482385497964,5000.0,100.0,0.10882746183265427,-103.26482385497964,4896.73517614502
0.02,2022-04-12 15:30:00+00:00,2022,2022-04,supply,1955.36,1964.6537142857144,9.29371428571426,-1.0322798819478605,4896.73517614502,97.9347035229004,0.10537735561059774,-101.09602419121835,4795.639151953802
0.02,2022-04-21 19:00:00+00:00,2022,2022-04,supply,1939.98,1947.2522857142856,7.272285714285545,-1.0412525046163528,4795.639151953802,95.91278303907605,0.13188808416955722,-99.86942556416277,4695.769726389639
0.02,2022-04-29 19:05:00+00:00,2022,2022-04,supply,1908.09,1914.2974285714288,6.207428571428636,0.9516708091687384,4695.769726389639,93.91539452779278,0.15129516747089722,89.37653950366587,4785.146265893305
0.02,2022-05-03 16:35:00+00:00,2022,2022-05,demand,1867.33,1856.2385714285713,11.09142857142865,-0.3047398248325518,5000.0,100.0,0.09015971148892259,-30.47398248325518,4969.526017516745
0.02,2022-05-05 14:10:00+00:00,2022,2022-05,demand,1900.12,1893.962142857143,6.157857142856983,0.95128175385686,4969.526017516745,99.3905203503349,0.1614043944907464,94.54838851561252,5064.074406032358
0.02,2022-05-11 17:10:00+00:00,2022,2022-05,supply,1850.52,1860.6907142857144,10.170714285714212,0.9705035465973731,5064.074406032358,101.28148812064715,0.09958148982997897,98.29404342574777,5162.368449458106
0.02,2022-05-18 16:05:00+00:00,2022,2022-05,demand,1813.73,1807.7025714285712,6.0274285714285725,0.9502275312855518,5162.368449458106,103.24736898916211,0.17129588142873878,98.10849254629996,5260.476942004406
0.02,2022-06-02 15:50:00+00:00,2022,2022-06,demand,1856.5,1850.477142857143,6.022857142856992,0.950189753320682,5000.0,100.0,0.1660341555977271,95.0189753320682,5095.018975332068
0.02,2022-07-28 15:35:00+00:00,2022,2022-07,demand,1744.65,1734.9738571428572,9.67614285714285,0.968995910412945,5000.0,100.0,0.1033469652901836,96.8995910412945,5096.899591041294
0.02,2022-08-02 17:35:00+00:00,2022,2022-08,supply,1782.12,1788.6337142857142,6.513714285714286,0.953943328362137,5000.0,100.0,0.15352223879287655,95.3943328362137,5095.394332836214
0.02,2022-08-10 19:30:00+00:00,2022,2022-08,demand,1798.63,1791.3718571428572,7.258142857142957,-1.041332887200582,5095.394332836214,101.90788665672427,0.14040490613440276,-106.12003384075635,4989.274298995458
0.02,2022-08-26 17:55:00+00:00,2022,2022-08,supply,1740.76,1756.7941428571428,16.034142857142797,0.981289925961564,4989.274298995458,99.78548597990915,0.06223312768818028,97.91849214926373,5087.192791144721
0.02,2022-09-02 17:00:00+00:00,2022,2022-09,demand,1712.2,1704.150142857143,8.049857142857036,-0.1354061296562467,5000.0,100.0,0.12422580702408371,-13.540612965624671,4986.459387034375
0.02,2022-09-22 14:10:00+00:00,2022,2022-09,supply,1665.74,1672.4262857142858,6.686285714285759,-1.0448679600034183,4986.459387034375,99.72918774068751,0.1491548402240851,-104.20383294741006,4882.255554086965
0.02,2022-09-27 14:55:00+00:00,2022,2022-09,supply,1637.73,1645.5452857142857,7.815285714285665,0.9616136874622988,4882.255554086965,97.6451110817393,0.12494119172540616,93.8968753299771,4976.152429416942
0.02,2022-09-28 15:20:00+00:00,2022,2022-09,demand,1631.98,1621.8957142857143,10.08428571428567,0.9702507437314066,4976.152429416942,99.52304858833884,0.09869122256953887,96.56231191125268,5072.714741328195
0.02,2022-09-30 15:55:00+00:00,2022,2022-09,supply,1665.17,1672.5945714285715,7.424571428571426,-1.0404063726622028,5072.714741328195,101.4542948265639,0.13664666816477095,-105.55369487150703,4967.1610464566875
0.02,2022-09-30 16:35:00+00:00,2022,2022-09,demand,1669.47,1661.6462857142858,7.823714285714232,-1.038344958550926,4967.1610464566875,99.34322092913375,0.12697705629477066,-103.15253261797686,4864.00851383871
0.02,2022-10-11 17:35:00+00:00,2022,2022-10,demand,1668.6,1662.1967142857145,6.40328571428563,0.9531490529415696,5000.0,100.0,0.15616982352810146,95.31490529415696,5095.314905294157
0.02,2022-10-19 12:00:00+00:00,2022,2022-10,supply,1640.84,1647.2572857142857,6.417285714285754,0.9532512633289556,5095.314905294157,101.90629810588314,0.1587996898424295,97.14230741061026,5192.457212704768
0.02,2022-10-21 17:45:00+00:00,2022,2022-10,demand,1639.97,1628.649571428571,11.320428571428693,0.973499236525624,5192.457212704768,103.84914425409535,0.09173605362980448,101.09706264520122,5293.5542753499685
0.02,2022-11-17 15:05:00+00:00,2022,2022-11,supply,1759.75,1767.046857142857,7.296857142857334,-1.0411135909785023,5000.0,100.0,0.13704530326167463,-104.11135909785023,4895.88864090215
0.02,2022-11-23 21:05:00+00:00,2022,2022-11,demand,1751.25,1742.6592857142855,8.590714285714284,0.1280452315623287,4895.88864090215,97.91777281804299,0.11398094449593432,12.537903894553809,4908.426544796704
0.02,2022-12-30 17:40:00+00:00,2022,2022-12,supply,1816.82,1823.4018571428571,6.581857142857189,-1.0455798406876042,5000.0,100.0,0.15193280229201378,-104.55798406876042,4895.442015931239
0.02,2023-01-23 17:00:00+00:00,2023,2023-01,supply,1916.67,1923.221142857143,6.55114285714285,-1.04579353656941,5000.0,100.0,0.15264512189803323,-104.579353656941,4895.420646343059
0.02,2023-02-10 17:25:00+00:00,2023,2023-02,supply,1862.72,1869.1011428571428,6.381142857142777,0.952986478015581,5000.0,100.0,0.15671173994806323,95.2986478015581,5095.298647801558
0.02,2023-02-14 17:40:00+00:00,2023,2023-02,supply,1856.54,1867.3504285714284,10.810428571428474,0.9722490188045932,5095.298647801558,101.90597295603116,0.09426635797341516,99.07798221682872,5194.376630018387
0.02,2023-02-23 16:35:00+00:00,2023,2023-02,supply,1824.52,1830.7985714285712,6.2785714285714675,0.95221843003413,5194.376630018387,103.88753260036775,0.16546364691753576,98.92362319284167,5293.300253211229
0.02,2023-02-24 16:45:00+00:00,2023,2023-02,supply,1809.76,1818.2042857142856,8.444285714285797,-1.0355269835899168,5293.300253211229,105.86600506422458,0.1253699941548917,-109.62710488887133,5183.6731483223575
0.02,2023-03-01 17:20:00+00:00,2023,2023-03,demand,1839.16,1830.825,8.335000000000264,-1.0359928014397108,5000.0,100.0,0.11997600479903639,-103.59928014397109,4896.400719856029
0.02,2023-03-13 16:10:00+00:00,2023,2023-03,demand,1902.87,1893.661,9.208999999999833,0.9674231729829508,4896.400719856029,97.92801439712059,0.10633946617126981,94.73783041198249,4991.138550268011
0.02,2023-03-20 13:30:00+00:00,2023,2023-03,supply,1981.03,1989.2665714285713,8.236571428571324,0.9635770778409876,4991.138550268011,99.82277100536022,0.12119456726750563,96.18693398733507,5087.325484255346
0.02,2023-03-21 14:45:00+00:00,2023,2023-03,supply,1963.18,1969.8084285714283,6.628428571428458,0.954740403888014,5087.325484255346,101.74650968510693,0.15350019780507354,97.14150375095471,5184.466988006301
0.02,2023-03-24 18:25:00+00:00,2023,2023-03,supply,1988.13,1995.3082857142856,7.178285714285494,0.9582072918325096,5184.466988006301,103.68933976012602,0.144448610555824,99.35588144345131,5283.822869449752
0.02,2023-04-05 17:10:00+00:00,2023,2023-04,supply,2024.32,2032.8701428571428,8.550142857142873,0.9649128669529332,5000.0,100.0,0.1169571101568894,96.49128669529333,5096.491286695294
0.02,2023-04-26 17:25:00+00:00,2023,2023-04,demand,2001.78,1993.2318571428573,8.548142857142693,-1.0350953423467093,5096.491286695294,101.92982573390587,0.11924207098239464,-105.50708786337772,4990.984198831916
0.02,2023-04-28 16:30:00+00:00,2023,2023-04,demand,1988.55,1975.567,12.982999999999947,0.9768928598937072,4990.984198831916,99.81968397663832,0.07688491410046885,97.51313655362426,5088.49733538554
0.02,2023-06-30 17:05:00+00:00,2023,2023-06,demand,1914.04,1907.1637142857144,6.876285714285586,0.956371795404495,5000.0,100.0,0.14542734865168344,95.6371795404495,5095.637179540449
0.02,2023-07-14 17:05:00+00:00,2023,2023-07,supply,1953.54,1963.161142857143,9.621142857143012,0.1049771336936435,5000.0,100.0,0.10393775613232595,10.49771336936435,5010.497713369365
0.02,2023-07-25 16:05:00+00:00,2023,2023-07,supply,1957.25,1963.853,6.6030000000000655,-1.0454338936846883,5010.497713369365,100.20995426738729,0.15176428027773178,-104.76288267571924,4905.734830693646
0.02,2023-07-25 17:15:00+00:00,2023,2023-07,demand,1959.79,1952.7134285714287,7.076571428571242,0.9576065891472856,4905.734830693646,98.11469661387291,0.138647221474711,93.95527996963156,4999.690110663277
0.02,2023-10-25 20:10:00+00:00,2023,2023-10,demand,1979.6,1962.7177142857145,16.882285714285672,0.3151232060655372,5000.0,100.0,0.05923368535066357,31.51232060655372,5031.512320606554
0.02,2023-10-27 15:55:00+00:00,2023,2023-10,supply,1978.91,1986.5674285714288,7.657428571428682,-1.0391776426252746,5031.512320606554,100.63024641213107,0.1314151943742598,-104.57270224335886,4926.939618363195
0.02,2023-10-30 16:05:00+00:00,2023,2023-10,demand,2000.75,1994.5775714285712,6.172428571428554,-1.0486032355868264,4926.939618363195,98.53879236726391,0.15964347132891643,-103.3280965071314,4823.6115218560635
0.02,2023-11-03 15:40:00+00:00,2023,2023-11,demand,1996.46,1986.0945714285715,10.365428571428538,-1.0289423633506989,5000.0,100.0,0.09647454450232948,-102.89423633506989,4897.10576366493
0.02,2023-11-21 16:30:00+00:00,2023,2023-11,demand,2001.42,1993.4027142857144,8.017285714285663,-1.0374191479125463,4897.10576366493,97.94211527329861,0.12216368327597418,-101.60702577157784,4795.498737893352
0.02,2023-11-30 17:10:00+00:00,2023,2023-11,supply,2032.63,2038.8545714285713,6.224571428571153,-1.0481960892316189,4795.498737893352,95.90997475786705,0.15408285672108213,-100.53246045949952,4694.966277433852
0.02,2023-12-21 16:50:00+00:00,2023,2023-12,demand,2045.92,2036.5012857142856,9.41871428571426,0.9681485189061292,5000.0,100.0,0.1061716036462365,96.81485189061291,5096.814851890613
0.02,2023-12-26 16:40:00+00:00,2023,2023-12,supply,2056.65,2064.2022857142856,7.552285714285517,-1.0397230734309395,5096.814851890613,101.93629703781225,0.13497410041703636,-105.98552005032333,4990.829331840289
0.02,2024-03-08 15:35:00+00:00,2024,2024-03,demand,2178.25,2158.436285714286,19.813714285714013,0.2119743900328805,5000.0,100.0,0.05047009286497157,21.19743900328805,5021.197439003288
0.02,2024-03-08 15:35:00+00:00,2024,2024-03,demand,2178.25,2156.146285714286,22.103714285713977,0.1900133138580484,5021.197439003288,100.42394878006577,0.0454330649962172,19.081887298411214,5040.279326301699
0.02,2024-03-08 16:45:00+00:00,2024,2024-03,demand,2169.85,2163.618142857142,6.2318571428572795,0.9518602572037698,5040.279326301699,100.80558652603399,0.16175850025954713,95.95283151824758,5136.232157819947
0.02,2024-03-12 14:55:00+00:00,2024,2024-03,supply,2172.57,2181.7434285714285,9.173428571428303,0.967296851153953,5136.232157819947,102.72464315639894,0.11198064317669255,99.36522386109817,5235.597381681046
0.02,2024-04-15 12:25:00+00:00,2024,2024-04,supply,2348.72,2356.575285714286,7.85528571428631,-1.038190845108841,5000.0,100.0,0.12730281702947002,-103.81908451088411,4896.180915489116
0.02,2024-04-23 14:05:00+00:00,2024,2024-04,supply,2301.54,2310.1362857142853,8.596285714285386,-1.0348987934988547,4896.180915489116,97.92361830978233,0.11391387113512522,-101.3410344438361,4794.83988104528
0.02,2024-04-26 19:25:00+00:00,2024,2024-04,supply,2336.25,2345.715142857143,9.465142857142837,0.9683047573049988,4794.83988104528,95.8967976209056,0.1013157424756008,92.85732534663758,4887.6972063919175
0.02,2024-04-30 18:35:00+00:00,2024,2024-04,supply,2297.55,2307.5785714285716,10.028571428571468,0.9700854700854702,4887.6972063919175,97.75394412783835,0.0974754428625165,94.82968084196285,4982.52688723388
0.02,2024-05-03 17:15:00+00:00,2024,2024-05,supply,2290.02,2310.4174285714284,20.397428571428463,-1.0147077362692778,5000.0,100.0,0.04902578756425906,-101.47077362692778,4898.529226373073
0.02,2024-05-09 16:35:00+00:00,2024,2024-05,demand,2319.64,2310.0327142857145,9.607285714285354,0.9687736985323626,4898.529226373073,97.97058452746145,0.10197530024717193,94.91132552004629,4993.440551893119
0.02,2024-05-13 17:10:00+00:00,2024,2024-05,supply,2342.33,2349.973142857142,7.64314285714272,0.9607491308736116,4993.440551893119,99.86881103786239,0.13066458772850534,95.94887340600724,5089.389425299126
0.02,2024-05-14 15:40:00+00:00,2024,2024-05,demand,2345.13,2337.678142857143,7.45185714285708,0.9597415792803324,5089.389425299126,101.78778850598252,0.13659385379327946,97.68997289218413,5187.07939819131
0.02,2024-05-15 15:35:00+00:00,2024,2024-05,demand,2370.81,2356.252285714286,14.557714285714155,-1.020607630711258,5187.07939819131,103.7415879638262,0.07126227780526671,-105.87945629798422,5081.1999418933265
0.02,2024-05-16 17:00:00+00:00,2024,2024-05,supply,2375.19,2381.516,6.326000000000022,-1.0474233322794813,5081.1999418933265,101.62399883786654,0.16064495548192567,-106.4433475023243,4974.756594391002
0.02,2024-06-06 15:40:00+00:00,2024,2024-06,supply,2358.25,2364.4238571428573,6.173857142857287,-1.0485919892634832,5000.0,100.0,0.1619732975449438,-104.85919892634831,4895.140801073651
0.02,2024-06-07 20:55:00+00:00,2024,2024-06,supply,2305.86,2313.706,7.846000000000004,0.9617639561560032,4895.140801073651,97.90281602147303,0.12478054552826023,94.15939965562524,4989.300200729276
0.02,2024-07-01 18:45:00+00:00,2024,2024-07,supply,2325.13,2334.796142857143,9.66614285714286,-1.0310361645212305,5000.0,100.0,0.103453881737434,-103.10361645212305,4896.896383547877
0.02,2024-07-09 17:05:00+00:00,2024,2024-07,supply,2360.83,2368.9207142857144,8.090714285714512,0.96292045554869,4896.896383547877,97.93792767095755,0.12104979141814844,94.3064339284131,4991.20281747629
0.02,2024-07-24 17:55:00+00:00,2024,2024-07,demand,2431.82,2418.5387142857144,13.281285714285788,-1.0225881745528078,4991.20281747629,99.8240563495258,0.07516144031308035,-102.07889955891822,4889.123917917372
0.02,2024-08-01 17:50:00+00:00,2024,2024-08,supply,2446.05,2455.1614285714286,9.111428571428403,0.9670743179680144,5000.0,100.0,0.10975227343995186,96.70743179680143,5096.707431796802
0.02,2024-08-07 20:10:00+00:00,2024,2024-08,supply,2395.62,2402.2365714285716,6.61657142857166,0.9546592970031972,5096.707431796802,101.93414863593604,0.15405886528446483,97.31238267740211,5194.0198144742035
0.02,2024-08-08 18:25:00+00:00,2024,2024-08,demand,2415.94,2408.5454285714286,7.394571428571453,0.9594296974614585,5194.0198144742035,103.88039628948407,0.14048197017626562,99.66593718419611,5293.6857516584
0.02,2024-08-08 20:15:00+00:00,2024,2024-08,demand,2421.75,2411.609428571429,10.140571428571093,0.970415868364701,5293.6857516584,105.873715033168,0.10440606407531282,102.74153311090862,5396.427284769308
0.02,2024-09-04 17:25:00+00:00,2024,2024-09,demand,2491.72,2484.456857142857,7.263142857142611,0.9586955666574866,5000.0,100.0,0.137681444475045,95.86955666574866,5095.869556665749
0.02,2024-09-26 15:50:00+00:00,2024,2024-09,demand,2675.41,2666.301,9.108999999999924,-1.032934460423757,5095.869556665749,101.91739113331498,0.11188647615909082,-105.27398541808769,4990.595571247662
0.02,2024-09-26 19:50:00+00:00,2024,2024-09,demand,2669.95,2662.4947142857145,7.45528571428531,0.9597600935098758,4990.595571247662,99.81191142495324,0.1338807327446894,95.79548944261256,5086.391060690275
0.02,2024-10-11 16:05:00+00:00,2024,2024-10,demand,2646.1,2638.843142857143,7.256857142856916,0.9586597897555008,5000.0,100.0,0.13780070081499704,95.86597897555008,5095.86597897555
0.02,2024-10-11 17:25:00+00:00,2024,2024-10,demand,2652.82,2646.010142857143,6.809857142857254,0.9559462124231688,5095.86597897555,101.917319579511,0.14966146490519316,97.42747563235521,5193.293454607905
0.02,2024-11-05 18:20:00+00:00,2024,2024-11,supply,2740.51,2747.6375714285714,7.127571428571173,0.9579099272443014,5000.0,100.0,0.14030024251899567,95.79099272443014,5095.79099272443
0.02,2024-11-08 14:05:00+00:00,2024,2024-11,supply,2690.26,2696.4990000000003,6.239000000000033,-1.0480846289469463,5095.79099272443,101.9158198544886,0.16335281271756383,-106.81640423601552,4988.974588488414
0.02,2024-11-12 15:50:00+00:00,2024,2024-11,demand,2609.04,2600.1330000000003,8.906999999999698,-1.0336813742000686,4988.974588488414,99.77949176976828,0.11202367999300737,-103.1402021695585,4885.834386318856
0.02,2024-11-13 15:35:00+00:00,2024,2024-11,demand,2612.46,2605.37,7.0900000000001455,-1.0423131170662896,4885.834386318856,97.71668772637712,0.1378232549032089,-101.85138537347338,4783.983000945383
0.02,2024-11-15 18:20:00+00:00,2024,2024-11,supply,2569.71,2576.578142857143,6.868142857143084,0.9563200698878896,4783.983000945383,95.67966001890765,0.1393093620925456,91.50037915613129,4875.483380101514
0.02,2024-11-25 15:35:00+00:00,2024,2024-11,supply,2682.41,2689.403,6.993000000000393,0.9570999570999597,4875.483380101514,97.50966760203028,0.13943896410985956,93.32649867873451,4968.809878780248
0.02,2024-12-02 18:35:00+00:00,2024,2024-12,supply,2640.88,2649.875285714286,8.995285714285728,-1.0333508028014673,5000.0,100.0,0.11116934267155794,-103.33508028014673,4896.664919719853
0.02,2024-12-06 14:15:00+00:00,2024,2024-12,demand,2639.62,2633.2965714285715,6.323428571428394,-1.0474426170251234,4896.664919719853,97.93329839439707,0.15487373232441684,-102.57951036412959,4794.085409355724
0.02,2024-12-06 16:30:00+00:00,2024,2024-12,supply,2629.72,2644.674285714286,14.954285714286016,-1.0200611387084444,4794.085409355724,95.88170818711447,0.06411654158480969,-97.80520443465876,4696.280204921065
0.02,2024-12-17 17:40:00+00:00,2024,2024-12,supply,2640.02,2647.430857142857,7.410857142856912,-1.0404811473513775,4696.280204921065,93.9256040984213,0.12674054065251167,-97.72782031799665,4598.552384603068
0.02,2024-12-19 16:45:00+00:00,2024,2024-12,supply,2595.06,2606.2657142857142,11.205714285714294,-1.026772055073942,4598.552384603068,91.97104769206136,0.08207513180066664,-94.43330164608139,4504.119082956987
0.02,2025-01-02 20:00:00+00:00,2025,2025-01,demand,2656.59,2649.61,6.980000000000018,0.9570200573065905,5000.0,100.0,0.14326647564469877,95.70200573065904,5095.702005730659
0.02,2025-01-29 16:35:00+00:00,2025,2025-01,demand,2759.17,2751.909571428572,7.260428571428292,-1.0413198748598091,5095.702005730659,101.91404011461319,0.14036917946644625,-106.12511549860658,4989.576890232052
0.02,2025-02-20 16:35:00+00:00,2025,2025-02,demand,2934.42,2923.3437142857147,11.076285714285405,0.9729151082105908,5000.0,100.0,0.09028297263136426,97.29151082105908,5097.291510821059
0.02,2025-02-24 18:45:00+00:00,2025,2025-02,demand,2942.76,2932.7627142857145,9.99728571428568,0.9699918549320528,5097.291510821059,101.94583021642119,0.10197350874022247,98.8866249542145,5196.178135775273
0.02,2025-02-28 20:25:00+00:00,2025,2025-02,supply,2843.51,2851.3165714285715,7.80657142857126,-1.0384291622442638,5196.178135775273,103.92356271550547,0.13312318175320315,-107.91725816810155,5088.260877607172
0.02,2025-03-06 13:00:00+00:00,2025,2025-03,supply,2899.24,2905.971142857143,6.731142857143368,-1.044568954539663,5000.0,100.0,0.14856318179887662,-104.4568954539663,4895.543104546034
0.02,2025-03-18 15:50:00+00:00,2025,2025-03,demand,3034.64,3026.055428571429,8.584571428571053,-1.034946415496241,4895.543104546034,97.91086209092067,0.11405445560748098,-101.33249575914513,4794.210608786889
0.02,2025-03-31 14:40:00+00:00,2025,2025-03,demand,3117.67,3111.4058571428573,6.264142857142815,0.9521083719127,4794.210608786889,95.88421217573777,0.1530683676321396,91.29216114677358,4885.502769933662
0.02,2025-04-08 12:35:00+00:00,2025,2025-04,demand,3001.93,2990.139,11.790999999999713,0.9745568654058174,5000.0,100.0,0.08481044864727541,97.45568654058174,5097.455686540582
0.02,2025-04-08 18:45:00+00:00,2025,2025-04,supply,3005.2,3018.4779999999996,13.277999999999793,0.9774062358788972,5097.455686540582,101.94911373081165,0.07678047426631514,99.64569950282221,5197.101386043404
0.02,2025-04-09 16:10:00+00:00,2025,2025-04,demand,3055.97,3040.002285714286,15.96771428571401,0.9812120886789412,5197.101386043404,103.94202772086808,0.06509511997835715,101.98917412151738,5299.090560164921
0.02,2025-04-15 13:25:00+00:00,2025,2025-04,supply,3224.32,3230.571571428571,6.251571428570969,0.9520120655378042,5299.090560164921,105.98181120329842,0.16952827367362341,100.89596299308973,5399.986523158011
0.02,2025-04-15 17:05:00+00:00,2025,2025-04,demand,3219.83,3210.5888571428573,9.241142857142677,0.967536482809794,5399.986523158011,107.99973046316022,0.11686837021428029,104.4936793567318,5504.480202514743
0.02,2025-04-15 18:25:00+00:00,2025,2025-04,demand,3221.59,3211.1164285714285,10.473571428571631,0.9713564754825076,5504.480202514743,110.08960405029485,0.10511180909118857,106.9362497775592,5611.416452292302
0.02,2025-04-16 16:50:00+00:00,2025,2025-04,demand,3304.96,3291.9864285714284,12.973571428571631,0.9768760667290648,5611.416452292302,112.22832904584604,0.08650534639882287,109.63316865388134,5721.0496209461835
0.02,2025-04-17 15:00:00+00:00,2025,2025-04,demand,3327.46,3320.763,6.697000000000116,0.9552038226071384,5721.0496209461835,114.42099241892367,0.1708541024621796,109.2953693450583,5830.344990291242
0.02,2025-04-17 15:25:00+00:00,2025,2025-04,supply,3328.15,3342.128142857143,13.978142857142757,0.9785379214487924,5830.344990291242,116.60689980582484,0.08342088144151376,114.10427336257943,5944.449263653821
0.02,2025-04-22 13:25:00+00:00,2025,2025-04,supply,3457.36,3473.581857142857,16.22185714285706,0.9815064331193364,5944.449263653821,118.88898527307641,0.0732893800173962,116.69030387255455,6061.139567526376
0.02,2025-04-22 18:50:00+00:00,2025,2025-04,supply,3422.45,3435.172142857143,12.722142857143352,0.97641906686879,6061.139567526376,121.22279135052752,0.09528488456051425,118.3642448137121,6179.503812340088
0.02,2025-04-25 13:50:00+00:00,2025,2025-04,supply,3300.15,3309.775857142857,9.625857142857058,0.9688339442869648,6179.503812340088,123.59007624680177,0.12839384006286936,119.73826104491567,6299.242073385004
0.02,2025-04-29 16:30:00+00:00,2025,2025-04,demand,3317.35,3302.866,14.483999999999924,-1.020712510356255,6299.242073385004,125.98484146770008,0.08698207778769729,-128.59430380133097,6170.647769583673
0.02,2025-05-09 12:05:00+00:00,2025,2025-05,demand,3326.12,3319.7202857142856,6.3997142857142535,0.9531229072726458,5000.0,100.0,0.1562569757578471,95.31229072726458,5095.312290727265
0.02,2025-05-30 16:45:00+00:00,2025,2025-05,supply,3289.63,3307.198,17.567999999999756,0.9829234972677592,5095.312290727265,101.90624581454529,0.05800674283614908,100.1660435294608,5195.478334256725
0.02,2025-06-06 17:00:00+00:00,2025,2025-06,supply,3343.26,3359.797,16.536999999999807,0.9818588619459392,5000.0,100.0,0.060470460180202676,98.18588619459392,5098.185886194594
0.02,2025-06-09 16:40:00+00:00,2025,2025-06,supply,3313.12,3321.7154285714287,8.595428571428783,-1.0349022736338245,5098.185886194594,101.96371772389188,0.1186255192240436,-105.52248330061319,4992.663402893981
0.02,2025-06-09 17:50:00+00:00,2025,2025-06,demand,3321.11,3310.0820000000003,11.027999999999793,0.9727965179542976,4992.663402893981,99.85326805787962,0.09054521949390777,97.13691147306237,5089.800314367043
0.02,2025-06-11 15:15:00+00:00,2025,2025-06,demand,3334.81,3327.718142857143,7.091857142856952,0.9576979634590967,5089.800314367043,101.79600628734086,0.14353927925617008,97.48982790965574,5187.290142276699
0.02,2025-06-16 19:05:00+00:00,2025,2025-06,supply,3403.38,3417.181428571429,13.80142857142846,0.978263119759859,5187.290142276699,103.74580284553399,0.07517033639568821,101.49069275366334,5288.780835030362
0.02,2025-06-17 12:30:00+00:00,2025,2025-06,supply,3380.11,3390.649142857143,10.539142857142906,-1.0284653129828936,5288.780835030362,105.77561670060724,0.10036453451137897,-108.78655273594862,5179.994282294413
0.02,2025-06-23 16:05:00+00:00,2025,2025-06,demand,3362.66,3353.4244285714285,9.235571428571347,0.9675168989466192,5179.994282294413,103.59988564588826,0.11217485181846962,100.23464009133419,5280.228922385747
0.02,2025-06-30 16:30:00+00:00,2025,2025-06,demand,3282.97,3276.3441428571427,6.625857142857058,0.9547228390935938,5280.228922385747,105.60457844771494,0.15938251636101294,100.82310295688455,5381.052025342631
0.02,2025-07-09 16:45:00+00:00,2025,2025-07,demand,3296.17,3287.462857142857,8.707142857143026,0.965545529122232,5000.0,100.0,0.11484823625922665,96.5545529122232,5096.554552912223
0.02,2025-07-15 16:10:00+00:00,2025,2025-07,supply,3348.53,3356.473142857143,7.943142857142902,0.9622315744037986,5096.554552912223,101.93109105824446,0.12832589428576438,98.08131422967152,5194.635867141894
0.02,2025-07-16 15:40:00+00:00,2025,2025-07,supply,3334.78,3340.789,6.0090000000000146,0.9500748876684972,5194.635867141894,103.89271734283788,0.17289518612554108,98.70586175907164,5293.341728900966
0.02,2025-07-30 14:55:00+00:00,2025,2025-07,demand,3329.04,3322.885571428571,6.154428571428525,-1.0487453865973402,5293.341728900966,105.86683457801932,0.17201732597807406,-111.02735435736153,5182.314374543605
0.02,2025-08-06 13:35:00+00:00,2025,2025-08,supply,3361.88,3367.8861428571427,6.0061428571425495,-1.049948861879507,5000.0,100.0,0.16649620626502293,-104.9948861879507,4895.005113812049
0.02,2025-08-12 12:05:00+00:00,2025,2025-08,demand,3349.61,3343.373142857143,6.236857142856934,-1.048101149846536,4895.005113812049,97.90010227624099,0.15697024965268905,-102.60920976582166,4792.395904046227
0.02,2025-08-19 16:35:00+00:00,2025,2025-08,demand,3335.71,3329.0042857142857,6.7057142857142935,-1.0447379633574776,4792.395904046227,95.84791808092454,0.14293468823316383,-100.13595872791946,4692.2599453183075
0.02,2025-08-19 17:00:00+00:00,2025,2025-08,supply,3334.09,3340.8207142857145,6.7307142857143845,0.9554282075772054,4692.2599453183075,93.84519890636615,0.1394282908510142,89.66235018083573,4781.922295499143
0.02,2025-08-21 18:30:00+00:00,2025,2025-08,demand,3343.0,3335.5302857142856,7.469714285714417,-1.0401621787025697,4781.922295499143,95.63844590998286,0.12803494518242584,-99.47949426545564,4682.4428012336875
0.02,2025-08-27 17:15:00+00:00,2025,2025-08,demand,3379.65,3373.3278571428573,6.322142857142808,0.9525477347192404,4682.4428012336875,93.64885602467375,0.14812834531074937,89.20500566535127,4771.647806899039
0.02,2025-09-05 18:00:00+00:00,2025,2025-09,demand,3590.31,3573.880285714286,16.429714285714,0.9817404006677792,5000.0,100.0,0.06086533110740229,98.17404006677792,5098.174040066778
0.02,2025-09-09 16:05:00+00:00,2025,2025-09,demand,3652.95,3641.256714285714,11.693285714285594,0.9743442512797328,5098.174040066778,101.96348080133555,0.08719831473609473,99.3475313592527,5197.52157142603
0.02,2025-09-15 13:00:00+00:00,2025,2025-09,demand,3641.34,3633.673,7.667000000000371,0.9608712664666772,5197.52157142603,103.9504314285206,0.1355816244013507,99.88298269648007,5297.4045541225105
0.02,2025-09-22 16:55:00+00:00,2025,2025-09,demand,3720.14,3712.591428571429,7.548571428571449,0.9602573807721424,5297.4045541225105,105.94809108245022,0.1403551547269397,101.73743644064203,5399.141990563153
0.02,2025-10-07 20:00:00+00:00,2025,2025-10,demand,3976.74,3962.064857142858,14.67514285714242,0.979557268851118,5000.0,100.0,0.06814243716294033,97.9557268851118,5097.955726885112
0.02,2025-10-08 16:55:00+00:00,2025,2025-10,demand,4036.49,4020.405714285714,16.08428571428567,0.9813482547295496,5097.955726885112,101.95911453770225,0.0633905144119298,100.05739910534435,5198.0131259904565
0.02,2025-10-09 19:15:00+00:00,2025,2025-10,supply,4016.76,4028.351428571428,11.591428571427969,0.9741188070002452,5198.0131259904565,103.96026251980913,0.08968718728601205,101.26964690122878,5299.282772891685
0.02,2025-10-21 16:45:00+00:00,2025,2025-10,supply,4205.53,4236.264714285715,30.7347142857152,0.9902390503060756,5299.282772891685,105.98565545783372,0.03448402170671665,104.9511348066322,5404.233907698318
0.02,2025-10-28 15:05:00+00:00,2025,2025-10,demand,3927.74,3900.14,27.59999999999991,0.9891304347826086,5404.233907698318,108.08467815396637,0.039161115273176346,106.90984469577107,5511.1437523940895
0.02,2025-10-28 15:50:00+00:00,2025,2025-10,demand,3930.97,3904.544,26.42599999999993,0.9886475440853704,5511.1437523940895,110.22287504788179,0.04171001099216002,108.97157471811698,5620.115327112207
0.02,2025-10-30 14:30:00+00:00,2025,2025-10,supply,3971.02,3988.163285714286,17.143285714285867,-1.017499562510937,5620.115327112207,112.40230654224413,0.06556637299031708,-114.36929773195365,5505.746029380253
0.02,2025-10-30 15:05:00+00:00,2025,2025-10,demand,3974.73,3954.242714285714,20.487285714285917,0.985356771795748,5505.746029380253,110.11492058760507,0.05374793036191281,108.50248267674768,5614.248512057001
0.02,2025-11-03 16:50:00+00:00,2025,2025-11,demand,4020.39,4000.9372857142857,19.452714285714137,-1.0154220123522977,5000.0,100.0,0.0514067078409921,-101.54220123522977,4898.45779876477
0.02,2025-11-17 17:05:00+00:00,2025,2025-11,supply,4071.23,4093.686142857143,22.456142857142822,0.9866406264910016,4898.45779876477,97.9691559752954,0.043626884901176825,96.6603494282601,4995.11814819303
0.02,2025-11-20 17:15:00+00:00,2025,2025-11,demand,4092.49,4070.391,22.098999999999705,-1.013575274899317,4995.11814819303,99.9023629638606,0.04520673467752474,-101.25856500418635,4893.859583188843
0.02,2025-11-20 20:20:00+00:00,2025,2025-11,supply,4061.36,4084.1588571428574,22.798857142857287,-1.013158554313499,4893.859583188843,97.87719166377687,0.04293074475201976,-99.16511400633743,4794.694469182506
0.02,2025-11-26 15:35:00+00:00,2025,2025-11,supply,4159.87,4174.063428571429,14.19342857142874,0.9788634579382816,4794.694469182506,95.89388938365012,0.06756217421397658,93.86702415723083,4888.561493339736
0.02,2025-11-28 14:15:00+00:00,2025,2025-11,demand,4175.84,4161.393428571429,14.446571428571588,0.979233827106778,4888.561493339736,97.77122986679473,0.06767780877989395,95.74089560339792,4984.302388943134
0.02,2025-12-03 17:20:00+00:00,2025,2025-12,demand,4221.93,4204.168571428571,17.76142857142895,-1.0168905332582638,5000.0,100.0,0.056301777527546455,-101.68905332582638,4898.3109466741735
0.02,2025-12-04 15:35:00+00:00,2025,2025-12,supply,4190.95,4202.762857142858,11.812857142857863,-1.0253960575643957,4898.3109466741735,97.96621893348347,0.08293185784669761,-100.4541746688844,4797.856772005289
0.02,2025-12-05 15:30:00+00:00,2025,2025-12,demand,4233.03,4223.395714285714,9.634285714285395,0.9688612099644118,4797.856772005289,95.95713544010577,0.09959963642953183,92.96914634721982,4890.825918352509
0.02,2025-12-05 15:55:00+00:00,2025,2025-12,demand,4236.93,4220.710285714286,16.219714285713962,0.981503989853617,4890.825918352509,97.81651836705018,0.06030717720669423,96.00730305084936,4986.833221403358
0.02,2025-12-10 16:00:00+00:00,2025,2025-12,demand,4200.81,4192.888428571429,7.921571428571042,-1.0378712737371751,4986.833221403358,99.73666442806716,0.12590515067293723,-103.51381894825526,4883.319402455103
0.02,2025-12-11 13:15:00+00:00,2025,2025-12,supply,4215.26,4226.560714285714,11.300714285714092,-1.0265469945009802,4883.319402455103,97.66638804910207,0.08642496888233693,-100.25913711557217,4783.060265339531
0.02,2025-12-15 17:40:00+00:00,2025,2025-12,supply,4319.32,4337.019285714286,17.699285714285907,0.9830501634448526,4783.060265339531,95.66120530679062,0.05404805982061642,94.03976351217213,4877.1000288517025
0.02,2026-01-06 19:55:00+00:00,2026,2026-01,demand,4490.26,4462.419285714285,27.840714285714967,-1.0107755856017648,5000.0,100.0,0.0359186186725496,-101.07755856017648,4898.922441439823
0.02,2026-01-08 15:05:00+00:00,2026,2026-01,supply,4423.85,4435.075714285714,11.225714285713366,-1.0267243573428375,4898.922441439823,97.97844882879646,0.08728036927992255,-100.59685990719413,4798.325581532629
0.02,2026-01-09 15:35:00+00:00,2026,2026-01,demand,4487.19,4459.752428571429,27.437571428570664,0.9890660876899764,4798.325581532629,95.96651163065259,0.034976314095613775,94.91722220778418,4893.242803740413
0.02,2026-01-15 14:00:00+00:00,2026,2026-01,demand,4619.26,4610.8150000000005,8.444999999999709,-1.035523978685614,4893.242803740413,97.86485607480827,0.1158849687090724,-101.34140513608045,4791.901398604333
0.02,2026-01-22 13:15:00+00:00,2026,2026-01,supply,4826.32,4838.745428571428,12.42542857142871,0.9758559635769968,4791.901398604333,95.83802797208666,0.07713056126889548,93.5241111340198,4885.425509738353
0.02,2026-01-26 17:50:00+00:00,2026,2026-01,demand,5085.58,5065.2062857142855,20.373714285714417,-1.0147248555561788,4885.425509738353,97.70851019476706,0.04795812330757874,-99.14725389399442,4786.278255844359
0.02,2026-01-29 15:45:00+00:00,2026,2026-01,demand,5526.18,5506.1507142857145,20.02928571428583,0.98502193217075,4786.278255844359,95.72556511688718,0.04779280024380061,94.29178110957315,4880.570036953932
0.02,2026-01-30 15:10:00+00:00,2026,2026-01,supply,5081.86,5149.969142857143,68.10914285714352,0.9955953050146404,4880.570036953932,97.61140073907863,0.014331614911644834,97.18145229172929,4977.751489245661
0.02,2026-01-30 17:55:00+00:00,2026,2026-01,supply,5041.82,5119.436285714286,77.61628571428628,0.9961348317915608,4977.751489245661,99.55502978491323,0.012826564537162443,99.17023284879836,5076.921722094459
0.02,2026-02-03 14:35:00+00:00,2026,2026-02,demand,4917.01,4881.718428571428,35.29157142857184,0.9914993867414722,5000.0,100.0,0.028335377528426124,99.14993867414722,5099.149938674147
0.02,2026-02-10 18:00:00+00:00,2026,2026-02,supply,5019.64,5046.186428571429,26.546428571428805,-1.0113009551997847,5099.149938674147,101.98299877348295,0.03841684334262744,-103.13550407376178,4996.014434600385
0.02,2026-02-20 17:40:00+00:00,2026,2026-02,demand,5036.44,4982.481714285714,53.95828571428592,0.994440149533502,4996.014434600385,99.92028869200772,0.018518062123228825,99.36474682831084,5095.379181428696
0.02,2026-02-20 17:40:00+00:00,2026,2026-02,demand,5036.44,4994.451714285715,41.98828571428476,0.9928551500758712,5095.379181428696,101.90758362857392,0.024270479705225053,101.17946923741715,5196.558650666113
0.02,2026-02-25 13:40:00+00:00,2026,2026-02,supply,5167.55,5182.0004285714285,14.450428571428349,-1.0207606299368286,5196.558650666113,103.93117301332227,0.07192255406100334,-106.08884963515236,5090.46980103096
0.02,2026-02-25 17:40:00+00:00,2026,2026-02,demand,5187.21,5157.304571428571,29.905428571429184,0.989968376501161,5090.46980103096,101.8093960206192,0.034043784317434954,100.78808249109615,5191.2578835220565
0.02,2026-02-25 21:15:00+00:00,2026,2026-02,demand,5206.66,5189.142428571428,17.5175714285715,-1.017125661580617,5191.2578835220565,103.82515767044113,0.05926915046060567,-105.60323218425931,5085.654651337797
0.02,2026-02-25 21:20:00+00:00,2026,2026-02,supply,5200.79,5218.408714285714,17.618714285714304,0.9829726508339348,5085.654651337797,101.71309302675594,0.05773014499090179,99.9811886770289,5185.635840014826
0.02,2026-03-04 15:55:00+00:00,2026,2026-03,supply,5180.4,5207.963285714286,27.56328571428639,0.9891159565260208,5000.0,100.0,0.03628014491326365,98.91159565260207,5098.911595652602
0.02,2026-03-04 17:40:00+00:00,2026,2026-03,supply,5152.59,5188.403571428572,35.81357142857178,0.9916232872614134,5098.911595652602,101.97823191305204,0.028474745144153546,101.12398955872743,5200.03558521133
0.02,2026-03-10 14:25:00+00:00,2026,2026-03,demand,5177.77,5155.314857142857,22.455142857143073,0.9866400315549732,5200.03558521133,104.0007117042266,0.04631487422095983,102.6112654775978,5302.646850688928
0.02,2026-03-23 15:20:00+00:00,2026,2026-03,supply,4423.58,4496.504857142857,72.92485714285704,-1.0041138236227507,5302.646850688928,106.05293701377856,0.014542769251645549,-106.48922009132794,5196.1576305976
0.02,2026-03-26 12:50:00+00:00,2026,2026-03,demand,4441.06,4414.948714285714,26.11128571428617,0.9885107151259171,5196.1576305976,103.92315261195199,0.03980009017904963,102.72914990658049,5298.88678050418
0.02,2026-03-26 17:50:00+00:00,2026,2026-03,supply,4443.5,4472.052428571428,28.55242857142821,0.9894930128535476,5298.88678050418,105.9777356100836,0.03711689019550975,104.86422890421832,5403.751009408398
0.02,2026-04-01 15:35:00+00:00,2026,2026-04,demand,4744.67,4726.389142857142,18.280857142857712,-1.0164106090680332,5000.0,100.0,0.05470203022677728,-101.64106090680332,4898.358939093197
0.02,2026-04-09 15:05:00+00:00,2026,2026-04,supply,4751.11,4765.401857142857,14.291857142857223,0.979009026118769,4898.358939093197,97.96717878186394,0.06854754970093298,95.91075229083594,4994.269691384033
0.02,2026-04-10 13:20:00+00:00,2026,2026-04,demand,4752.2,4729.779142857143,22.42085714285713,0.986619601646426,4994.269691384033,99.88539382768066,0.04455021197059912,98.54888746856267,5092.818578852595
0.02,2026-04-13 17:50:00+00:00,2026,2026-04,supply,4715.35,4746.454,31.10399999999936,-1.0096450617283952,5092.818578852595,101.8563715770519,0.032747033043034335,-102.83878256834292,4989.979796284252
0.02,2026-04-16 12:30:00+00:00,2026,2026-04,supply,4812.93,4830.485285714286,17.555285714285674,0.9829111297370756,4989.979796284252,99.79959592568504,0.05684874490221072,98.09413357861874,5088.0739298628705
0.02,2026-04-21 17:00:00+00:00,2026,2026-04,supply,4779.06,4799.849857142857,20.789857142856818,0.9855698864143914,5088.0739298628705,101.76147859725741,0.0489476564932634,100.2930489024595,5188.36697876533
0.02,2026-04-22 13:25:00+00:00,2026,2026-04,supply,4750.45,4763.389428571429,12.939428571428834,0.9768150503444626,5188.36697876533,103.7673395753066,0.08019468479808463,101.36149903136406,5289.728477796694
0.02,2026-04-22 19:15:00+00:00,2026,2026-04,supply,4730.25,4741.169285714286,10.91928571428616,-1.0274743245895197,5289.728477796694,105.79456955593389,0.09688781145960712,-108.70120389972213,5181.0272738969725
0.02,2026-04-23 20:05:00+00:00,2026,2026-04,supply,4725.47,4742.217428571429,16.747428571428827,0.982086802238297,5181.0272738969725,103.62054547793946,0.06187251077739569,101.7643701546176,5282.79164405159
0.02,2026-04-24 14:05:00+00:00,2026,2026-04,demand,4689.64,4665.698,23.942000000000007,0.987469718486342,5282.79164405159,105.6558328810318,0.04412991098531107,104.33193555147247,5387.123579603062
0.02,2026-04-27 12:30:00+00:00,2026,2026-04,supply,4702.47,4712.600571428571,10.130571428570876,-1.029613334461462,5387.123579603062,107.74247159206125,0.10635379489867583,-110.93308543902153,5276.1904941640405
0.02,2026-04-27 15:20:00+00:00,2026,2026-04,demand,4710.95,4699.37,11.579999999999927,-1.0259067357512954,5276.1904941640405,105.52380988328082,0.09112591527053669,-108.25758734139691,5167.932906822643
0.02,2026-04-29 13:45:00+00:00,2026,2026-04,supply,4566.42,4576.684285714286,10.264285714285506,0.970772442588726,5167.932906822643,103.35865813645287,0.10069737048784756,100.33773702181745,5268.270643844461
0.02,2026-04-30 20:00:00+00:00,2026,2026-04,supply,4607.69,4625.575857142857,17.885857142857276,-1.016773028969417,5268.270643844461,105.36541287688922,0.05890990408528838,-107.13270999944787,5161.137933845013
0.02,2026-05-05 13:40:00+00:00,2026,2026-05,supply,4550.87,4558.196142857143,7.326142857143168,0.9590507575609868,5000.0,100.0,0.13649747479671048,95.90507575609868,5095.905075756099
0.02,2026-05-05 16:05:00+00:00,2026,2026-05,demand,4574.25,4557.938714285715,16.311285714285077,-1.0183921736921857,5095.905075756099,101.91810151512198,0.06248318084813159,-103.79259694056591,4992.112478815533
0.02,2026-05-06 14:45:00+00:00,2026,2026-05,supply,4699.67,4724.530714285714,24.860714285713584,0.9879327682804192,4992.112478815533,99.84224957631066,0.04016065203471882,98.6374300152691,5090.749908830802
0.02,2026-05-12 15:40:00+00:00,2026,2026-05,demand,4701.69,4686.023714285714,15.66628571428555,-1.0191494018091627,5090.749908830802,101.81499817661604,0.06498987700943973,-103.76469448689923,4986.985214343903
0.02,2026-05-12 19:25:00+00:00,2026,2026-05,supply,4667.52,4689.506285714286,21.98628571428526,-1.0136448695290574,4986.985214343903,99.73970428687807,0.0453645083953738,-101.10063953873929,4885.8845748051635
0.02,2026-05-26 17:30:00+00:00,2026,2026-05,demand,4517.74,4502.543142857143,15.19685714285697,-1.0197409238752375,4885.8845748051635,97.71769149610327,0.06430125030295086,-99.64672900519179,4786.237845799972
0.02,2026-05-27 13:00:00+00:00,2026,2026-05,supply,4490.17,4499.478999999999,9.308999999999289,0.9677731227843998,4786.237845799972,95.72475691599945,0.10283033292083657,92.63984692837435,4878.877692728346
0.02,2026-05-27 20:20:00+00:00,2026,2026-05,demand,4446.86,4432.4334285714285,14.426571428571153,0.9792050383221432,4878.877692728346,97.57755385456693,0.06763738310082403,95.54843236154221,4974.426125089888
0.02,2026-05-29 17:35:00+00:00,2026,2026-05,demand,4536.41,4515.568,20.841999999999643,0.9856059879090296,4974.426125089888,99.48852250179776,0.047734633193455264,98.05648350599411,5072.482608595882
0.02,2026-06-03 17:35:00+00:00,2026,2026-06,supply,4449.14,4467.8484285714285,18.70842857142816,0.9839644468879568,5000.0,100.0,0.05345184370681017,98.39644468879568,5098.396444688796
0.02,2026-06-08 18:15:00+00:00,2026,2026-06,supply,4325.44,4348.032857142857,22.59285714285761,-1.0132785330382543,5098.396444688796,101.96792889377592,0.04513281708861313,-103.32191340643429,4995.074531282362
0.02,2026-06-09 19:20:00+00:00,2026,2026-06,supply,4254.52,4284.036428571429,29.51642857142815,0.9898361687195992,4995.074531282362,99.90149062564724,0.03384606317932099,98.88610873026762,5093.9606400126295
0.02,2026-06-11 19:25:00+00:00,2026,2026-06,supply,4087.85,4114.241857142857,26.391857142857138,-1.0113671424627726,5093.9606400126295,101.87921280025259,0.03860251752985327,-103.03728832614819,4990.9233516864815
0.02,2026-06-16 16:05:00+00:00,2026,2026-06,supply,4347.37,4360.754142857143,13.38414285714316,0.9775854155770692,4990.9233516864815,99.81846703372963,0.07457964854316852,97.58107757743457,5088.504429263916
0.02,2026-06-16 20:35:00+00:00,2026,2026-06,demand,4337.35,4320.811571428571,16.538428571428994,-1.0181395710423338,5088.504429263916,101.77008858527832,0.06153552506257547,-103.61615433715558,4984.8882749267605
0.02,2026-06-17 18:15:00+00:00,2026,2026-06,demand,4348.17,4322.550714285714,25.61928571428598,0.9882900716536092,4984.8882749267605,99.6977654985352,0.038915123009437044,98.53031180825208,5083.4185867350125
0.02,2026-06-17 18:35:00+00:00,2026,2026-06,demand,4359.03,4329.634714285715,29.39528571428491,-1.010205718118066,5083.4185867350125,101.66837173470026,0.03458662478156951,-102.70597047814735,4980.712616256865
0.02,2026-06-18 15:35:00+00:00,2026,2026-06,supply,4250.22,4274.117285714286,23.897285714285317,-1.0125537269624167,4980.712616256865,99.6142523251373,0.04168433750850202,-100.86478245039237,4879.847833806472
