rule,k,entry_off,sl_buf,tp_r,session,ctx,n,per_yr,pf,mar,wr,pos_years,gate_pass
15min,2,0.0,0.05,1.0,all,up,768,115,0.007,-0.15,0.062,0/8,False
15min,2,0.0,0.05,1.0,all,off,1238,185,0.009,-0.15,0.066,0/8,False
15min,2,0.0,0.05,1.0,all,down,470,71,0.013,-0.15,0.072,0/8,False
15min,2,0.0,0.05,1.0,kz,up,428,64,0.007,-0.15,0.058,0/8,False
15min,2,0.0,0.05,1.0,kz,off,695,104,0.009,-0.15,0.065,0/8,False
15min,2,0.0,0.05,1.0,kz,down,267,40,0.014,-0.15,0.075,0/8,False
15min,2,0.0,0.05,1.5,all,up,768,115,0.053,-0.15,0.189,0/8,False
15min,2,0.0,0.05,1.5,all,off,1238,185,0.054,-0.15,0.183,0/8,False
15min,2,0.0,0.05,1.5,all,down,470,71,0.055,-0.15,0.172,0/8,False
15min,2,0.0,0.05,1.5,kz,up,428,64,0.057,-0.15,0.203,1/8,False
15min,2,0.0,0.05,1.5,kz,off,695,104,0.061,-0.15,0.203,0/8,False
15min,2,0.0,0.05,1.5,kz,down,267,40,0.068,-0.15,0.202,0/8,False
15min,2,0.0,0.05,2.0,all,up,768,115,0.155,-0.15,0.323,1/8,False
15min,2,0.0,0.05,2.0,all,off,1238,185,0.156,-0.15,0.321,1/8,False
15min,2,0.0,0.05,2.0,all,down,470,71,0.159,-0.15,0.319,1/8,False
15min,2,0.0,0.05,2.0,kz,up,428,64,0.184,-0.14,0.355,1/8,False
15min,2,0.0,0.05,2.0,kz,off,695,104,0.187,-0.14,0.354,1/8,False
15min,2,0.0,0.05,2.0,kz,down,267,40,0.19,-0.14,0.352,1/8,False
15min,2,0.0,0.05,3.0,all,up,768,115,0.461,-0.14,0.48,1/8,False
15min,2,0.0,0.05,3.0,all,off,1238,185,0.483,-0.13,0.49,1/8,False
15min,2,0.0,0.05,3.0,all,down,470,71,0.52,-0.13,0.506,2/8,False
15min,2,0.0,0.05,3.0,kz,up,428,64,0.592,-0.13,0.537,2/8,False
15min,2,0.0,0.05,3.0,kz,off,695,104,0.599,-0.13,0.535,2/8,False
15min,2,0.0,0.05,3.0,kz,down,267,40,0.61,-0.12,0.532,2/8,False
15min,2,0.0,0.1,1.0,all,up,867,129,0.126,-0.15,0.328,0/8,False
15min,2,0.0,0.1,1.0,all,off,1393,208,0.122,-0.15,0.321,0/8,False
15min,2,0.0,0.1,1.0,all,down,526,79,0.116,-0.15,0.31,0/8,False
15min,2,0.0,0.1,1.0,kz,up,482,72,0.149,-0.15,0.357,1/8,False
15min,2,0.0,0.1,1.0,kz,off,775,116,0.147,-0.15,0.354,1/8,False
15min,2,0.0,0.1,1.0,kz,down,293,44,0.143,-0.15,0.348,0/8,False
15min,2,0.0,0.1,1.5,all,up,867,129,0.363,-0.14,0.483,1/8,False
15min,2,0.0,0.1,1.5,all,off,1393,208,0.368,-0.14,0.489,1/8,False
15min,2,0.0,0.1,1.5,all,down,526,79,0.377,-0.14,0.498,1/8,False
15min,2,0.0,0.1,1.5,kz,up,482,72,0.46,-0.14,0.541,1/8,False
15min,2,0.0,0.1,1.5,kz,off,775,116,0.458,-0.14,0.538,1/8,False
15min,2,0.0,0.1,1.5,kz,down,293,44,0.456,-0.14,0.532,1/8,False
15min,2,0.0,0.1,2.0,all,up,867,129,0.611,-0.13,0.534,1/8,False
15min,2,0.0,0.1,2.0,all,off,1393,208,0.625,-0.13,0.538,1/8,False
15min,2,0.0,0.1,2.0,all,down,526,79,0.648,-0.13,0.546,1/8,False
15min,2,0.0,0.1,2.0,kz,up,482,72,0.79,-0.09,0.587,3/8,False
15min,2,0.0,0.1,2.0,kz,off,775,116,0.773,-0.11,0.578,2/8,False
15min,2,0.0,0.1,2.0,kz,down,293,44,0.746,-0.11,0.563,2/8,False
15min,2,0.0,0.1,3.0,all,up,867,129,0.953,-0.03,0.521,4/8,False
15min,2,0.0,0.1,3.0,all,off,1393,208,0.975,-0.03,0.523,4/8,False
15min,2,0.0,0.1,3.0,all,down,526,79,1.013,0.02,0.525,4/8,False
15min,2,0.0,0.1,3.0,kz,up,482,72,1.197,0.24,0.566,7/8,False
15min,2,0.0,0.1,3.0,kz,off,775,116,1.151,0.28,0.554,7/8,False
15min,2,0.0,0.1,3.0,kz,down,293,44,1.079,0.12,0.532,5/8,False
15min,2,0.0,0.25,1.0,all,up,1053,157,0.468,-0.15,0.538,0/8,False
15min,2,0.0,0.25,1.0,all,off,1691,252,0.482,-0.15,0.544,0/8,False
15min,2,0.0,0.25,1.0,all,down,638,96,0.506,-0.15,0.553,0/8,False
15min,2,0.0,0.25,1.0,kz,up,579,86,0.583,-0.15,0.579,0/8,False
15min,2,0.0,0.25,1.0,kz,off,925,138,0.587,-0.15,0.581,0/8,False
15min,2,0.0,0.25,1.0,kz,down,346,52,0.595,-0.14,0.584,0/8,False
15min,2,0.0,0.25,1.5,all,up,1053,157,0.674,-0.15,0.49,0/8,False
15min,2,0.0,0.25,1.5,all,off,1691,252,0.704,-0.15,0.501,0/8,False
15min,2,0.0,0.25,1.5,all,down,638,96,0.756,-0.14,0.519,1/8,False
15min,2,0.0,0.25,1.5,kz,up,579,86,0.854,-0.11,0.539,3/8,False
15min,2,0.0,0.25,1.5,kz,off,925,138,0.842,-0.12,0.535,2/8,False
15min,2,0.0,0.25,1.5,kz,down,346,52,0.822,-0.12,0.529,2/8,False
15min,2,0.0,0.25,2.0,all,up,1053,157,0.798,-0.13,0.439,1/8,False
15min,2,0.0,0.25,2.0,all,off,1691,252,0.841,-0.13,0.451,0/8,False
15min,2,0.0,0.25,2.0,all,down,638,96,0.915,-0.1,0.47,3/8,False
15min,2,0.0,0.25,2.0,kz,up,579,86,0.937,-0.08,0.47,4/8,False
15min,2,0.0,0.25,2.0,kz,off,925,138,0.964,-0.05,0.476,3/8,False
15min,2,0.0,0.25,2.0,kz,down,346,52,1.01,0.01,0.486,3/8,False
15min,2,0.0,0.25,3.0,all,up,1053,157,0.927,-0.07,0.354,4/8,False
15min,2,0.0,0.25,3.0,all,off,1691,252,0.978,-0.04,0.366,3/8,False
15min,2,0.0,0.25,3.0,all,down,638,96,1.067,0.18,0.386,6/8,False
15min,2,0.0,0.25,3.0,kz,up,579,86,1.105,0.19,0.389,5/8,False
15min,2,0.0,0.25,3.0,kz,off,925,138,1.136,0.48,0.395,7/8,False
15min,2,0.0,0.25,3.0,kz,down,346,52,1.191,0.45,0.405,7/8,False
15min,2,0.1,0.05,1.0,all,up,1032,154,0.285,-0.15,0.476,0/8,False
15min,2,0.1,0.05,1.0,all,off,1650,246,0.288,-0.15,0.476,0/8,False
15min,2,0.1,0.05,1.0,all,down,618,93,0.293,-0.15,0.477,0/8,False
15min,2,0.1,0.05,1.0,kz,up,561,84,0.352,-0.15,0.52,1/8,False
15min,2,0.1,0.05,1.0,kz,off,894,133,0.335,-0.15,0.507,0/8,False
15min,2,0.1,0.05,1.0,kz,down,333,50,0.309,-0.15,0.483,0/8,False
15min,2,0.1,0.05,1.5,all,up,1032,154,0.552,-0.15,0.528,0/8,False
15min,2,0.1,0.05,1.5,all,off,1650,246,0.565,-0.15,0.535,0/8,False
15min,2,0.1,0.05,1.5,all,down,618,93,0.588,-0.14,0.545,1/8,False
15min,2,0.1,0.05,1.5,kz,up,561,84,0.662,-0.14,0.567,1/8,False
15min,2,0.1,0.05,1.5,kz,off,894,133,0.642,-0.14,0.56,0/8,False
15min,2,0.1,0.05,1.5,kz,down,333,50,0.608,-0.15,0.55,0/8,False
15min,2,0.1,0.05,2.0,all,up,1032,154,0.705,-0.14,0.495,0/8,False
15min,2,0.1,0.05,2.0,all,off,1650,246,0.732,-0.14,0.503,0/8,False
15min,2,0.1,0.05,2.0,all,down,618,93,0.78,-0.13,0.516,1/8,False
15min,2,0.1,0.05,2.0,kz,up,561,84,0.868,-0.11,0.54,2/8,False
15min,2,0.1,0.05,2.0,kz,off,894,133,0.835,-0.12,0.53,3/8,False
15min,2,0.1,0.05,2.0,kz,down,333,50,0.783,-0.13,0.514,1/8,False
15min,2,0.1,0.05,3.0,all,up,1032,154,0.947,-0.09,0.431,3/8,False
15min,2,0.1,0.05,3.0,all,off,1650,246,0.981,-0.05,0.439,3/8,False
15min,2,0.1,0.05,3.0,all,down,618,93,1.04,0.11,0.453,5/8,False
15min,2,0.1,0.05,3.0,kz,up,561,84,1.166,0.54,0.478,8/8,False
15min,2,0.1,0.05,3.0,kz,off,894,133,1.105,0.39,0.463,6/8,False
15min,2,0.1,0.05,3.0,kz,down,333,50,1.009,0.01,0.438,3/8,False
15min,2,0.1,0.1,1.0,all,up,1085,162,0.43,-0.15,0.541,0/8,False
15min,2,0.1,0.1,1.0,all,off,1735,259,0.426,-0.15,0.54,0/8,False
15min,2,0.1,0.1,1.0,all,down,650,98,0.419,-0.15,0.538,0/8,False
15min,2,0.1,0.1,1.0,kz,up,589,88,0.535,-0.14,0.589,1/8,False
15min,2,0.1,0.1,1.0,kz,off,938,140,0.497,-0.15,0.571,0/8,False
15min,2,0.1,0.1,1.0,kz,down,349,52,0.438,-0.15,0.542,0/8,False
15min,2,0.1,0.1,1.5,all,up,1085,162,0.64,-0.15,0.516,0/8,False
15min,2,0.1,0.1,1.5,all,off,1735,259,0.652,-0.15,0.519,0/8,False
15min,2,0.1,0.1,1.5,all,down,650,98,0.672,-0.14,0.523,0/8,False
15min,2,0.1,0.1,1.5,kz,up,589,88,0.791,-0.12,0.56,1/8,False
15min,2,0.1,0.1,1.5,kz,off,938,140,0.749,-0.14,0.547,1/8,False
15min,2,0.1,0.1,1.5,kz,down,349,52,0.682,-0.14,0.524,1/8,False
15min,2,0.1,0.1,2.0,all,up,1085,162,0.803,-0.14,0.47,0/8,False
15min,2,0.1,0.1,2.0,all,off,1735,259,0.818,-0.14,0.476,0/8,False
15min,2,0.1,0.1,2.0,all,down,650,98,0.845,-0.12,0.485,1/8,False
15min,2,0.1,0.1,2.0,kz,up,589,88,0.981,-0.03,0.514,5/8,False
15min,2,0.1,0.1,2.0,kz,off,938,140,0.933,-0.09,0.502,3/8,False
15min,2,0.1,0.1,2.0,kz,down,349,52,0.857,-0.11,0.481,1/8,False
15min,2,0.1,0.1,3.0,all,up,1085,162,0.953,-0.07,0.387,3/8,False
15min,2,0.1,0.1,3.0,all,off,1735,259,0.978,-0.06,0.393,3/8,False
15min,2,0.1,0.1,3.0,all,down,650,98,1.022,0.06,0.402,5/8,False
15min,2,0.1,0.1,3.0,kz,up,589,88,1.176,0.39,0.433,6/8,False
15min,2,0.1,0.1,3.0,kz,off,938,140,1.147,0.44,0.425,6/8,False
15min,2,0.1,0.1,3.0,kz,down,349,52,1.098,0.17,0.413,5/8,False
15min,2,0.1,0.25,1.0,all,up,1186,177,0.563,-0.15,0.525,0/8,False
15min,2,0.1,0.25,1.0,all,off,1902,284,0.578,-0.15,0.533,0/8,False
15min,2,0.1,0.25,1.0,all,down,716,108,0.605,-0.15,0.545,0/8,False
15min,2,0.1,0.25,1.0,kz,up,647,97,0.679,-0.15,0.564,0/8,False
15min,2,0.1,0.25,1.0,kz,off,1033,154,0.669,-0.15,0.561,0/8,False
15min,2,0.1,0.25,1.0,kz,down,386,58,0.652,-0.14,0.557,2/8,False
15min,2,0.1,0.25,1.5,all,up,1186,177,0.711,-0.15,0.452,0/8,False
15min,2,0.1,0.25,1.5,all,off,1902,284,0.732,-0.15,0.459,0/8,False
15min,2,0.1,0.25,1.5,all,down,716,108,0.77,-0.14,0.471,0/8,False
15min,2,0.1,0.25,1.5,kz,up,647,97,0.865,-0.14,0.495,2/8,False
15min,2,0.1,0.25,1.5,kz,off,1033,154,0.844,-0.14,0.488,1/8,False
15min,2,0.1,0.25,1.5,kz,down,386,58,0.81,-0.12,0.477,1/8,False
15min,2,0.1,0.25,2.0,all,up,1186,177,0.797,-0.14,0.393,0/8,False
15min,2,0.1,0.25,2.0,all,off,1902,284,0.83,-0.14,0.402,0/8,False
15min,2,0.1,0.25,2.0,all,down,716,108,0.887,-0.12,0.418,2/8,False
15min,2,0.1,0.25,2.0,kz,up,647,97,0.965,-0.05,0.434,3/8,False
15min,2,0.1,0.25,2.0,kz,off,1033,154,0.977,-0.05,0.437,3/8,False
15min,2,0.1,0.25,2.0,kz,down,386,58,0.996,-0.0,0.44,4/8,False
15min,2,0.1,0.25,3.0,all,up,1186,177,0.879,-0.13,0.309,2/8,False
15min,2,0.1,0.25,3.0,all,off,1902,284,0.907,-0.13,0.315,3/8,False
15min,2,0.1,0.25,3.0,all,down,716,108,0.956,-0.1,0.325,3/8,False
15min,2,0.1,0.25,3.0,kz,up,647,97,1.015,0.02,0.337,4/8,False
15min,2,0.1,0.25,3.0,kz,off,1033,154,1.064,0.22,0.347,5/8,False
15min,2,0.1,0.25,3.0,kz,down,386,58,1.151,0.39,0.363,7/8,False
15min,2,0.25,0.05,1.0,all,up,1299,194,0.535,-0.15,0.536,0/8,False
15min,2,0.25,0.05,1.0,all,off,2086,311,0.542,-0.15,0.539,0/8,False
15min,2,0.25,0.05,1.0,all,down,787,118,0.553,-0.15,0.544,0/8,False
15min,2,0.25,0.05,1.0,kz,up,693,103,0.599,-0.15,0.558,0/8,False
15min,2,0.25,0.05,1.0,kz,off,1113,166,0.581,-0.15,0.551,0/8,False
15min,2,0.25,0.05,1.0,kz,down,420,63,0.552,-0.15,0.538,0/8,False
15min,2,0.25,0.05,1.5,all,up,1299,194,0.697,-0.15,0.464,0/8,False
15min,2,0.25,0.05,1.5,all,off,2086,311,0.708,-0.15,0.468,0/8,False
15min,2,0.25,0.05,1.5,all,down,787,118,0.725,-0.14,0.474,1/8,False
15min,2,0.25,0.05,1.5,kz,up,693,103,0.784,-0.14,0.491,0/8,False
15min,2,0.25,0.05,1.5,kz,off,1113,166,0.763,-0.14,0.482,0/8,False
15min,2,0.25,0.05,1.5,kz,down,420,63,0.728,-0.14,0.469,2/8,False
15min,2,0.25,0.05,2.0,all,up,1299,194,0.781,-0.14,0.403,1/8,False
15min,2,0.25,0.05,2.0,all,off,2086,311,0.802,-0.14,0.408,1/8,False
15min,2,0.25,0.05,2.0,all,down,787,118,0.837,-0.13,0.418,3/8,False
15min,2,0.25,0.05,2.0,kz,up,693,103,0.862,-0.13,0.423,2/8,False
15min,2,0.25,0.05,2.0,kz,off,1113,166,0.853,-0.13,0.42,3/8,False
15min,2,0.25,0.05,2.0,kz,down,420,63,0.839,-0.13,0.414,2/8,False
15min,2,0.25,0.05,3.0,all,up,1299,194,0.907,-0.12,0.327,3/8,False
15min,2,0.25,0.05,3.0,all,off,2086,311,0.922,-0.12,0.33,3/8,False
15min,2,0.25,0.05,3.0,all,down,787,118,0.947,-0.1,0.334,3/8,False
15min,2,0.25,0.05,3.0,kz,up,693,103,0.972,-0.05,0.339,5/8,False
15min,2,0.25,0.05,3.0,kz,off,1113,166,0.979,-0.07,0.34,4/8,False
15min,2,0.25,0.05,3.0,kz,down,420,63,0.991,-0.02,0.34,3/8,False
15min,2,0.25,0.1,1.0,all,up,1318,197,0.58,-0.15,0.529,0/8,False
15min,2,0.25,0.1,1.0,all,off,2117,316,0.579,-0.15,0.529,0/8,False
15min,2,0.25,0.1,1.0,all,down,799,120,0.578,-0.15,0.529,0/8,False
15min,2,0.25,0.1,1.0,kz,up,701,105,0.687,-0.15,0.566,0/8,False
15min,2,0.25,0.1,1.0,kz,off,1128,168,0.647,-0.15,0.552,0/8,False
15min,2,0.25,0.1,1.0,kz,down,427,64,0.587,-0.15,0.529,0/8,False
15min,2,0.25,0.1,1.5,all,up,1318,197,0.713,-0.15,0.45,0/8,False
15min,2,0.25,0.1,1.5,all,off,2117,316,0.727,-0.14,0.454,1/8,False
15min,2,0.25,0.1,1.5,all,down,799,120,0.75,-0.14,0.461,1/8,False
15min,2,0.25,0.1,1.5,kz,up,701,105,0.813,-0.14,0.478,1/8,False
15min,2,0.25,0.1,1.5,kz,off,1128,168,0.798,-0.14,0.473,1/8,False
15min,2,0.25,0.1,1.5,kz,down,427,64,0.774,-0.13,0.464,2/8,False
15min,2,0.25,0.1,2.0,all,up,1318,197,0.788,-0.14,0.388,1/8,False
15min,2,0.25,0.1,2.0,all,off,2117,316,0.808,-0.14,0.393,1/8,False
15min,2,0.25,0.1,2.0,all,down,799,120,0.842,-0.13,0.402,1/8,False
15min,2,0.25,0.1,2.0,kz,up,701,105,0.852,-0.12,0.402,3/8,False
15min,2,0.25,0.1,2.0,kz,off,1128,168,0.858,-0.13,0.403,2/8,False
15min,2,0.25,0.1,2.0,kz,down,427,64,0.869,-0.12,0.405,2/8,False
15min,2,0.25,0.1,3.0,all,up,1318,197,0.933,-0.09,0.321,3/8,False
15min,2,0.25,0.1,3.0,all,off,2117,316,0.941,-0.1,0.322,4/8,False
15min,2,0.25,0.1,3.0,all,down,799,120,0.956,-0.08,0.323,4/8,False
15min,2,0.25,0.1,3.0,kz,up,701,105,0.995,-0.01,0.332,5/8,False
15min,2,0.25,0.1,3.0,kz,off,1128,168,0.998,-0.0,0.332,5/8,False
15min,2,0.25,0.1,3.0,kz,down,427,64,1.003,0.01,0.33,4/8,False
15min,2,0.25,0.25,1.0,all,up,1370,204,0.616,-0.15,0.499,0/8,False
15min,2,0.25,0.25,1.0,all,off,2198,328,0.629,-0.15,0.504,0/8,False
15min,2,0.25,0.25,1.0,all,down,828,124,0.653,-0.15,0.513,0/8,False
15min,2,0.25,0.25,1.0,kz,up,729,109,0.702,-0.15,0.527,0/8,False
15min,2,0.25,0.25,1.0,kz,off,1171,175,0.69,-0.15,0.523,0/8,False
15min,2,0.25,0.25,1.0,kz,down,442,66,0.671,-0.15,0.516,1/8,False
15min,2,0.25,0.25,1.5,all,up,1370,204,0.726,-0.14,0.416,0/8,False
15min,2,0.25,0.25,1.5,all,off,2198,328,0.749,-0.14,0.424,1/8,False
15min,2,0.25,0.25,1.5,all,down,828,124,0.791,-0.14,0.436,1/8,False
15min,2,0.25,0.25,1.5,kz,up,729,109,0.787,-0.14,0.432,2/8,False
15min,2,0.25,0.25,1.5,kz,off,1171,175,0.81,-0.15,0.439,0/8,False
15min,2,0.25,0.25,1.5,kz,down,442,66,0.851,-0.13,0.45,1/8,False
15min,2,0.25,0.25,2.0,all,up,1370,204,0.813,-0.14,0.366,1/8,False
15min,2,0.25,0.25,2.0,all,off,2198,328,0.821,-0.14,0.367,2/8,False
15min,2,0.25,0.25,2.0,all,down,828,124,0.833,-0.14,0.368,1/8,False
15min,2,0.25,0.25,2.0,kz,up,729,109,0.866,-0.13,0.377,3/8,False
15min,2,0.25,0.25,2.0,kz,off,1171,175,0.881,-0.14,0.38,2/8,False
15min,2,0.25,0.25,2.0,kz,down,442,66,0.906,-0.12,0.385,2/8,False
15min,2,0.25,0.25,3.0,all,up,1370,204,0.877,-0.12,0.286,3/8,False
15min,2,0.25,0.25,3.0,all,off,2198,328,0.906,-0.12,0.291,4/8,False
15min,2,0.25,0.25,3.0,all,down,828,124,0.955,-0.08,0.3,4/8,False
15min,2,0.25,0.25,3.0,kz,up,729,109,0.944,-0.08,0.299,4/8,False
15min,2,0.25,0.25,3.0,kz,off,1171,175,0.975,-0.06,0.304,4/8,False
15min,2,0.25,0.25,3.0,kz,down,442,66,1.03,0.06,0.312,4/8,False
15min,3,0.0,0.05,1.0,all,up,509,77,0.013,-0.15,0.09,0/8,False
15min,3,0.0,0.05,1.0,all,off,831,124,0.015,-0.15,0.097,0/8,False
15min,3,0.0,0.05,1.0,all,down,322,48,0.019,-0.15,0.109,0/8,False
15min,3,0.0,0.05,1.0,kz,up,298,45,0.017,-0.15,0.111,1/8,False
15min,3,0.0,0.05,1.0,kz,off,482,72,0.018,-0.15,0.108,0/8,False
15min,3,0.0,0.05,1.0,kz,down,184,28,0.02,-0.15,0.103,0/8,False
15min,3,0.0,0.05,1.5,all,up,509,77,0.083,-0.15,0.234,1/8,False
15min,3,0.0,0.05,1.5,all,off,831,124,0.085,-0.15,0.226,1/8,False
15min,3,0.0,0.05,1.5,all,down,322,48,0.088,-0.15,0.214,1/8,False
15min,3,0.0,0.05,1.5,kz,up,298,45,0.105,-0.15,0.252,1/8,False
15min,3,0.0,0.05,1.5,kz,off,482,72,0.102,-0.15,0.243,1/8,False
15min,3,0.0,0.05,1.5,kz,down,184,28,0.097,-0.15,0.228,2/8,False
15min,3,0.0,0.05,2.0,all,up,509,77,0.214,-0.15,0.387,1/8,False
15min,3,0.0,0.05,2.0,all,off,831,124,0.223,-0.14,0.39,1/8,False
15min,3,0.0,0.05,2.0,all,down,322,48,0.239,-0.14,0.394,1/8,False
15min,3,0.0,0.05,2.0,kz,up,298,45,0.263,-0.14,0.426,1/8,False
15min,3,0.0,0.05,2.0,kz,off,482,72,0.264,-0.14,0.429,1/8,False
15min,3,0.0,0.05,2.0,kz,down,184,28,0.266,-0.14,0.435,2/8,False
15min,3,0.0,0.05,3.0,all,up,509,77,0.528,-0.14,0.501,1/8,False
15min,3,0.0,0.05,3.0,all,off,831,124,0.58,-0.13,0.521,1/8,False
15min,3,0.0,0.05,3.0,all,down,322,48,0.672,-0.11,0.553,3/8,False
15min,3,0.0,0.05,3.0,kz,up,298,45,0.628,-0.12,0.537,1/8,False
15min,3,0.0,0.05,3.0,kz,off,482,72,0.682,-0.12,0.558,1/8,False
15min,3,0.0,0.05,3.0,kz,down,184,28,0.78,-0.09,0.592,3/8,False
15min,3,0.0,0.1,1.0,all,up,595,90,0.172,-0.15,0.392,1/8,False
15min,3,0.0,0.1,1.0,all,off,957,143,0.168,-0.15,0.386,1/8,False
15min,3,0.0,0.1,1.0,all,down,362,54,0.16,-0.15,0.376,1/8,False
15min,3,0.0,0.1,1.0,kz,up,334,50,0.21,-0.15,0.428,1/8,False
15min,3,0.0,0.1,1.0,kz,off,537,80,0.204,-0.15,0.428,1/8,False
15min,3,0.0,0.1,1.0,kz,down,203,30,0.194,-0.15,0.429,2/8,False
15min,3,0.0,0.1,1.5,all,up,595,90,0.427,-0.14,0.513,1/8,False
15min,3,0.0,0.1,1.5,all,off,957,143,0.432,-0.14,0.517,1/8,False
15min,3,0.0,0.1,1.5,all,down,362,54,0.44,-0.14,0.525,1/8,False
15min,3,0.0,0.1,1.5,kz,up,334,50,0.503,-0.14,0.548,1/8,False
15min,3,0.0,0.1,1.5,kz,off,537,80,0.525,-0.14,0.561,1/8,False
15min,3,0.0,0.1,1.5,kz,down,203,30,0.564,-0.13,0.581,2/8,False
15min,3,0.0,0.1,2.0,all,up,595,90,0.645,-0.14,0.521,1/8,False
15min,3,0.0,0.1,2.0,all,off,957,143,0.667,-0.13,0.532,1/8,False
15min,3,0.0,0.1,2.0,all,down,362,54,0.704,-0.12,0.55,1/8,False
15min,3,0.0,0.1,2.0,kz,up,334,50,0.835,-0.08,0.572,3/8,False
15min,3,0.0,0.1,2.0,kz,off,537,80,0.871,-0.07,0.581,3/8,False
15min,3,0.0,0.1,2.0,kz,down,203,30,0.932,-0.04,0.596,4/8,False
15min,3,0.0,0.1,3.0,all,up,595,90,0.914,-0.06,0.477,3/8,False
15min,3,0.0,0.1,3.0,all,off,957,143,0.953,-0.04,0.487,3/8,False
15min,3,0.0,0.1,3.0,all,down,362,54,1.019,0.02,0.503,4/8,False
15min,3,0.0,0.1,3.0,kz,up,334,50,1.091,0.07,0.509,5/8,False
15min,3,0.0,0.1,3.0,kz,off,537,80,1.182,0.28,0.531,7/8,False
15min,3,0.0,0.1,3.0,kz,down,203,30,1.346,0.41,0.567,7/8,False
15min,3,0.0,0.25,1.0,all,up,716,108,0.485,-0.15,0.521,0/8,False
15min,3,0.0,0.25,1.0,all,off,1154,172,0.503,-0.15,0.53,0/8,False
15min,3,0.0,0.25,1.0,all,down,438,66,0.534,-0.14,0.546,1/8,False
15min,3,0.0,0.25,1.0,kz,up,403,61,0.604,-0.14,0.558,2/8,False
15min,3,0.0,0.25,1.0,kz,off,650,97,0.632,-0.14,0.571,1/8,False
15min,3,0.0,0.25,1.0,kz,down,247,37,0.681,-0.12,0.591,3/8,False
15min,3,0.0,0.25,1.5,all,up,716,108,0.657,-0.14,0.459,1/8,False
15min,3,0.0,0.25,1.5,all,off,1154,172,0.691,-0.14,0.473,1/8,False
15min,3,0.0,0.25,1.5,all,down,438,66,0.75,-0.13,0.495,3/8,False
15min,3,0.0,0.25,1.5,kz,up,403,61,0.786,-0.12,0.499,2/8,False
15min,3,0.0,0.25,1.5,kz,off,650,97,0.841,-0.11,0.517,2/8,False
15min,3,0.0,0.25,1.5,kz,down,247,37,0.94,-0.05,0.547,4/8,False
15min,3,0.0,0.25,2.0,all,up,716,108,0.738,-0.13,0.398,1/8,False
15min,3,0.0,0.25,2.0,all,off,1154,172,0.79,-0.13,0.414,1/8,False
15min,3,0.0,0.25,2.0,all,down,438,66,0.88,-0.1,0.441,4/8,False
15min,3,0.0,0.25,2.0,kz,up,403,61,0.892,-0.08,0.437,3/8,False
15min,3,0.0,0.25,2.0,kz,off,650,97,0.982,-0.02,0.462,5/8,False
15min,3,0.0,0.25,2.0,kz,down,247,37,1.144,0.19,0.502,4/8,False
15min,3,0.0,0.25,3.0,all,up,716,108,0.855,-0.1,0.32,2/8,False
15min,3,0.0,0.25,3.0,all,off,1154,172,0.922,-0.08,0.336,2/8,False
15min,3,0.0,0.25,3.0,all,down,438,66,1.037,0.06,0.363,3/8,False
15min,3,0.0,0.25,3.0,kz,up,403,61,1.059,0.09,0.362,6/8,False
15min,3,0.0,0.25,3.0,kz,off,650,97,1.154,0.38,0.383,7/8,False
15min,3,0.0,0.25,3.0,kz,down,247,37,1.321,0.44,0.417,6/8,False
15min,3,0.1,0.05,1.0,all,up,722,109,0.359,-0.15,0.524,0/8,False
15min,3,0.1,0.05,1.0,all,off,1148,172,0.356,-0.15,0.524,0/8,False
15min,3,0.1,0.05,1.0,all,down,426,64,0.351,-0.15,0.523,0/8,False
15min,3,0.1,0.05,1.0,kz,up,393,59,0.428,-0.15,0.562,1/8,False
15min,3,0.1,0.05,1.0,kz,off,630,94,0.427,-0.15,0.565,1/8,False
15min,3,0.1,0.05,1.0,kz,down,237,36,0.425,-0.14,0.57,1/8,False
15min,3,0.1,0.05,1.5,all,up,722,109,0.613,-0.15,0.532,1/8,False
15min,3,0.1,0.05,1.5,all,off,1148,172,0.614,-0.15,0.531,1/8,False
15min,3,0.1,0.05,1.5,all,down,426,64,0.614,-0.14,0.531,0/8,False
15min,3,0.1,0.05,1.5,kz,up,393,59,0.664,-0.14,0.534,1/8,False
15min,3,0.1,0.05,1.5,kz,off,630,94,0.69,-0.13,0.548,1/8,False
15min,3,0.1,0.05,1.5,kz,down,237,36,0.736,-0.12,0.57,2/8,False
15min,3,0.1,0.05,2.0,all,up,722,109,0.71,-0.14,0.465,1/8,False
15min,3,0.1,0.05,2.0,all,off,1148,172,0.748,-0.14,0.478,1/8,False
15min,3,0.1,0.05,2.0,all,down,426,64,0.815,-0.12,0.5,2/8,False
15min,3,0.1,0.05,2.0,kz,up,393,59,0.824,-0.1,0.491,4/8,False
15min,3,0.1,0.05,2.0,kz,off,630,94,0.87,-0.1,0.51,3/8,False
15min,3,0.1,0.05,2.0,kz,down,237,36,0.953,-0.04,0.54,5/8,False
15min,3,0.1,0.05,3.0,all,up,722,109,0.938,-0.08,0.4,4/8,False
15min,3,0.1,0.05,3.0,all,off,1148,172,0.974,-0.05,0.41,5/8,False
15min,3,0.1,0.05,3.0,all,down,426,64,1.037,0.06,0.427,4/8,False
15min,3,0.1,0.05,3.0,kz,up,393,59,1.097,0.19,0.43,6/8,False
15min,3,0.1,0.05,3.0,kz,off,630,94,1.146,0.3,0.444,6/8,False
15min,3,0.1,0.05,3.0,kz,down,237,36,1.23,0.3,0.468,5/8,False
15min,3,0.1,0.1,1.0,all,up,768,116,0.481,-0.15,0.544,0/8,False
15min,3,0.1,0.1,1.0,all,off,1214,181,0.475,-0.15,0.544,0/8,False
15min,3,0.1,0.1,1.0,all,down,446,67,0.464,-0.15,0.545,0/8,False
15min,3,0.1,0.1,1.0,kz,up,413,62,0.55,-0.14,0.571,1/8,False
15min,3,0.1,0.1,1.0,kz,off,661,99,0.574,-0.15,0.582,1/8,False
15min,3,0.1,0.1,1.0,kz,down,248,37,0.617,-0.14,0.601,1/8,False
15min,3,0.1,0.1,1.5,all,up,768,116,0.643,-0.14,0.487,1/8,False
15min,3,0.1,0.1,1.5,all,off,1214,181,0.661,-0.15,0.495,0/8,False
15min,3,0.1,0.1,1.5,all,down,446,67,0.694,-0.14,0.509,1/8,False
15min,3,0.1,0.1,1.5,kz,up,413,62,0.731,-0.13,0.508,3/8,False
15min,3,0.1,0.1,1.5,kz,off,661,99,0.78,-0.13,0.53,3/8,False
15min,3,0.1,0.1,1.5,kz,down,248,37,0.87,-0.1,0.565,5/8,False
15min,3,0.1,0.1,2.0,all,up,768,116,0.799,-0.12,0.443,2/8,False
15min,3,0.1,0.1,2.0,all,off,1214,181,0.799,-0.14,0.445,0/8,False
15min,3,0.1,0.1,2.0,all,down,446,67,0.799,-0.14,0.448,1/8,False
15min,3,0.1,0.1,2.0,kz,up,413,62,0.918,-0.06,0.47,4/8,False
15min,3,0.1,0.1,2.0,kz,off,661,99,0.945,-0.05,0.481,3/8,False
15min,3,0.1,0.1,2.0,kz,down,248,37,0.991,-0.01,0.5,5/8,False
15min,3,0.1,0.1,3.0,all,up,768,116,0.958,-0.06,0.366,4/8,False
15min,3,0.1,0.1,3.0,all,off,1214,181,0.975,-0.05,0.371,3/8,False
15min,3,0.1,0.1,3.0,all,down,446,67,1.005,0.01,0.379,4/8,False
15min,3,0.1,0.1,3.0,kz,up,413,62,1.152,0.34,0.402,6/8,False
15min,3,0.1,0.1,3.0,kz,off,661,99,1.2,0.45,0.415,6/8,False
15min,3,0.1,0.1,3.0,kz,down,248,37,1.281,0.52,0.435,6/8,False
15min,3,0.1,0.25,1.0,all,up,831,125,0.572,-0.15,0.507,0/8,False
15min,3,0.1,0.25,1.0,all,off,1322,198,0.58,-0.15,0.512,0/8,False
15min,3,0.1,0.25,1.0,all,down,491,74,0.592,-0.14,0.521,1/8,False
15min,3,0.1,0.25,1.0,kz,up,453,68,0.662,-0.14,0.536,1/8,False
15min,3,0.1,0.25,1.0,kz,off,730,109,0.681,-0.14,0.547,0/8,False
15min,3,0.1,0.25,1.0,kz,down,277,42,0.714,-0.13,0.563,3/8,False
15min,3,0.1,0.25,1.5,all,up,831,125,0.693,-0.14,0.426,1/8,False
15min,3,0.1,0.25,1.5,all,off,1322,198,0.724,-0.15,0.437,0/8,False
15min,3,0.1,0.25,1.5,all,down,491,74,0.78,-0.13,0.456,2/8,False
15min,3,0.1,0.25,1.5,kz,up,453,68,0.805,-0.13,0.457,1/8,False
15min,3,0.1,0.25,1.5,kz,off,730,109,0.852,-0.13,0.473,1/8,False
15min,3,0.1,0.25,1.5,kz,down,277,42,0.934,-0.07,0.498,4/8,False
15min,3,0.1,0.25,2.0,all,up,831,125,0.767,-0.14,0.367,1/8,False
15min,3,0.1,0.25,2.0,all,off,1322,198,0.8,-0.14,0.377,2/8,False
15min,3,0.1,0.25,2.0,all,down,491,74,0.859,-0.11,0.395,3/8,False
15min,3,0.1,0.25,2.0,kz,up,453,68,0.932,-0.07,0.408,4/8,False
15min,3,0.1,0.25,2.0,kz,off,730,109,0.974,-0.04,0.421,4/8,False
15min,3,0.1,0.25,2.0,kz,down,277,42,1.047,0.06,0.44,4/8,False
15min,3,0.1,0.25,3.0,all,up,831,125,0.826,-0.12,0.284,4/8,False
15min,3,0.1,0.25,3.0,all,off,1322,198,0.86,-0.13,0.292,2/8,False
15min,3,0.1,0.25,3.0,all,down,491,74,0.919,-0.09,0.305,2/8,False
15min,3,0.1,0.25,3.0,kz,up,453,68,0.895,-0.09,0.296,3/8,False
15min,3,0.1,0.25,3.0,kz,off,730,109,0.984,-0.03,0.316,4/8,False
15min,3,0.1,0.25,3.0,kz,down,277,42,1.139,0.27,0.35,4/8,False
15min,3,0.25,0.05,1.0,all,up,945,141,0.603,-0.15,0.54,0/8,False
15min,3,0.25,0.05,1.0,all,off,1485,222,0.596,-0.15,0.539,0/8,False
15min,3,0.25,0.05,1.0,all,down,540,81,0.585,-0.14,0.537,0/8,False
15min,3,0.25,0.05,1.0,kz,up,506,76,0.646,-0.15,0.545,0/8,False
15min,3,0.25,0.05,1.0,kz,off,808,121,0.655,-0.15,0.554,0/8,False
15min,3,0.25,0.05,1.0,kz,down,302,45,0.67,-0.14,0.57,2/8,False
15min,3,0.25,0.05,1.5,all,up,945,141,0.764,-0.14,0.463,0/8,False
15min,3,0.25,0.05,1.5,all,off,1485,222,0.756,-0.15,0.463,0/8,False
15min,3,0.25,0.05,1.5,all,down,540,81,0.744,-0.13,0.461,2/8,False
15min,3,0.25,0.05,1.5,kz,up,506,76,0.851,-0.12,0.484,3/8,False
15min,3,0.25,0.05,1.5,kz,off,808,121,0.835,-0.15,0.483,2/8,False
15min,3,0.25,0.05,1.5,kz,down,302,45,0.81,-0.12,0.48,2/8,False
15min,3,0.25,0.05,2.0,all,up,945,141,0.838,-0.13,0.4,1/8,False
15min,3,0.25,0.05,2.0,all,off,1485,222,0.837,-0.14,0.401,1/8,False
15min,3,0.25,0.05,2.0,all,down,540,81,0.835,-0.13,0.402,2/8,False
15min,3,0.25,0.05,2.0,kz,up,506,76,0.944,-0.07,0.423,3/8,False
15min,3,0.25,0.05,2.0,kz,off,808,121,0.94,-0.08,0.425,4/8,False
15min,3,0.25,0.05,2.0,kz,down,302,45,0.933,-0.08,0.427,5/8,False
15min,3,0.25,0.05,3.0,all,up,945,141,0.899,-0.11,0.311,3/8,False
15min,3,0.25,0.05,3.0,all,off,1485,222,0.902,-0.14,0.312,2/8,False
15min,3,0.25,0.05,3.0,all,down,540,81,0.908,-0.13,0.313,2/8,False
15min,3,0.25,0.05,3.0,kz,up,506,76,0.934,-0.08,0.314,3/8,False
15min,3,0.25,0.05,3.0,kz,off,808,121,0.989,-0.02,0.328,4/8,False
15min,3,0.25,0.05,3.0,kz,down,302,45,1.085,0.2,0.351,5/8,False
15min,3,0.25,0.1,1.0,all,up,961,143,0.639,-0.15,0.532,0/8,False
15min,3,0.25,0.1,1.0,all,off,1513,226,0.624,-0.15,0.528,0/8,False
15min,3,0.25,0.1,1.0,all,down,552,83,0.599,-0.14,0.522,0/8,False
15min,3,0.25,0.1,1.0,kz,up,512,76,0.703,-0.15,0.547,1/8,False
15min,3,0.25,0.1,1.0,kz,off,822,123,0.699,-0.15,0.55,1/8,False
15min,3,0.25,0.1,1.0,kz,down,310,46,0.692,-0.14,0.555,2/8,False
15min,3,0.25,0.1,1.5,all,up,961,143,0.774,-0.13,0.45,1/8,False
15min,3,0.25,0.1,1.5,all,off,1513,226,0.754,-0.15,0.444,0/8,False
15min,3,0.25,0.1,1.5,all,down,552,83,0.72,-0.14,0.435,2/8,False
15min,3,0.25,0.1,1.5,kz,up,512,76,0.872,-0.11,0.473,3/8,False
15min,3,0.25,0.1,1.5,kz,off,822,123,0.847,-0.13,0.468,3/8,False
15min,3,0.25,0.1,1.5,kz,down,310,46,0.808,-0.13,0.461,3/8,False
15min,3,0.25,0.1,2.0,all,up,961,143,0.845,-0.12,0.387,2/8,False
15min,3,0.25,0.1,2.0,all,off,1513,226,0.843,-0.14,0.387,1/8,False
15min,3,0.25,0.1,2.0,all,down,552,83,0.839,-0.14,0.388,2/8,False
15min,3,0.25,0.1,2.0,kz,up,512,76,0.907,-0.11,0.398,2/8,False
15min,3,0.25,0.1,2.0,kz,off,822,123,0.937,-0.1,0.409,3/8,False
15min,3,0.25,0.1,2.0,kz,down,310,46,0.989,-0.02,0.426,5/8,False
15min,3,0.25,0.1,3.0,all,up,961,143,0.944,-0.07,0.311,4/8,False
15min,3,0.25,0.1,3.0,all,off,1513,226,0.923,-0.13,0.306,2/8,False
15min,3,0.25,0.1,3.0,all,down,552,83,0.889,-0.13,0.297,2/8,False
15min,3,0.25,0.1,3.0,kz,up,512,76,0.988,-0.02,0.316,4/8,False
15min,3,0.25,0.1,3.0,kz,off,822,123,1.012,0.03,0.322,4/8,False
15min,3,0.25,0.1,3.0,kz,down,310,46,1.053,0.09,0.332,5/8,False
15min,3,0.25,0.25,1.0,all,up,995,148,0.665,-0.14,0.499,0/8,False
15min,3,0.25,0.25,1.0,all,off,1563,233,0.653,-0.15,0.496,0/8,False
15min,3,0.25,0.25,1.0,all,down,568,85,0.632,-0.14,0.489,0/8,False
15min,3,0.25,0.25,1.0,kz,up,535,80,0.748,-0.14,0.523,1/8,False
15min,3,0.25,0.25,1.0,kz,off,855,128,0.726,-0.15,0.518,0/8,False
15min,3,0.25,0.25,1.0,kz,down,320,48,0.691,-0.14,0.509,2/8,False
15min,3,0.25,0.25,1.5,all,up,995,148,0.751,-0.14,0.41,1/8,False
15min,3,0.25,0.25,1.5,all,off,1563,233,0.75,-0.14,0.41,0/8,False
15min,3,0.25,0.25,1.5,all,down,568,85,0.748,-0.14,0.41,1/8,False
15min,3,0.25,0.25,1.5,kz,up,535,80,0.797,-0.13,0.421,1/8,False
15min,3,0.25,0.25,1.5,kz,off,855,128,0.818,-0.13,0.428,0/8,False
15min,3,0.25,0.25,1.5,kz,down,320,48,0.853,-0.12,0.441,3/8,False
15min,3,0.25,0.25,2.0,all,up,995,148,0.797,-0.13,0.35,2/8,False
15min,3,0.25,0.25,2.0,all,off,1563,233,0.793,-0.14,0.348,1/8,False
15min,3,0.25,0.25,2.0,all,down,568,85,0.786,-0.14,0.345,1/8,False
15min,3,0.25,0.25,2.0,kz,up,535,80,0.818,-0.14,0.351,1/8,False
15min,3,0.25,0.25,2.0,kz,off,855,128,0.862,-0.13,0.364,2/8,False
15min,3,0.25,0.25,2.0,kz,down,320,48,0.937,-0.08,0.384,3/8,False
15min,3,0.25,0.25,3.0,all,up,995,148,0.859,-0.12,0.275,2/8,False
15min,3,0.25,0.25,3.0,all,off,1563,233,0.877,-0.13,0.278,1/8,False
15min,3,0.25,0.25,3.0,all,down,568,85,0.909,-0.1,0.282,3/8,False
15min,3,0.25,0.25,3.0,kz,up,535,80,0.853,-0.13,0.269,1/8,False
15min,3,0.25,0.25,3.0,kz,off,855,128,0.927,-0.1,0.285,2/8,False
15min,3,0.25,0.25,3.0,kz,down,320,48,1.058,0.09,0.312,5/8,False
15min,4,0.0,0.05,1.0,all,up,394,60,0.027,-0.15,0.147,0/8,False
15min,4,0.0,0.05,1.0,all,off,630,95,0.027,-0.15,0.141,0/8,False
15min,4,0.0,0.05,1.0,all,down,236,36,0.029,-0.15,0.131,0/8,False
15min,4,0.0,0.05,1.0,kz,up,227,35,0.036,-0.15,0.181,1/8,False
15min,4,0.0,0.05,1.0,kz,off,370,56,0.034,-0.15,0.154,0/8,False
15min,4,0.0,0.05,1.0,kz,down,143,22,0.029,-0.15,0.112,1/8,False
15min,4,0.0,0.05,1.5,all,up,394,60,0.136,-0.15,0.317,1/8,False
15min,4,0.0,0.05,1.5,all,off,630,95,0.134,-0.15,0.31,1/8,False
15min,4,0.0,0.05,1.5,all,down,236,36,0.13,-0.15,0.297,1/8,False
15min,4,0.0,0.05,1.5,kz,up,227,35,0.164,-0.15,0.339,1/8,False
15min,4,0.0,0.05,1.5,kz,off,370,56,0.16,-0.15,0.335,1/8,False
15min,4,0.0,0.05,1.5,kz,down,143,22,0.152,-0.15,0.329,1/8,False
15min,4,0.0,0.05,2.0,all,up,394,60,0.305,-0.14,0.424,1/8,False
15min,4,0.0,0.05,2.0,all,off,630,95,0.327,-0.14,0.44,1/8,False
15min,4,0.0,0.05,2.0,all,down,236,36,0.372,-0.14,0.466,2/8,False
15min,4,0.0,0.05,2.0,kz,up,227,35,0.356,-0.14,0.458,1/8,False
15min,4,0.0,0.05,2.0,kz,off,370,56,0.387,-0.14,0.478,1/8,False
15min,4,0.0,0.05,2.0,kz,down,143,22,0.455,-0.13,0.51,1/8,False
15min,4,0.0,0.05,3.0,all,up,394,60,0.626,-0.13,0.525,1/8,False
15min,4,0.0,0.05,3.0,all,off,630,95,0.714,-0.12,0.554,1/8,False
15min,4,0.0,0.05,3.0,all,down,236,36,0.897,-0.06,0.602,3/8,False
15min,4,0.0,0.05,3.0,kz,up,227,35,0.707,-0.11,0.537,1/8,False
15min,4,0.0,0.05,3.0,kz,off,370,56,0.852,-0.09,0.592,3/8,False
15min,4,0.0,0.05,3.0,kz,down,143,22,1.176,0.15,0.678,6/8,False
15min,4,0.0,0.1,1.0,all,up,459,69,0.231,-0.15,0.425,1/8,False
15min,4,0.0,0.1,1.0,all,off,723,108,0.235,-0.15,0.434,1/8,False
15min,4,0.0,0.1,1.0,all,down,264,40,0.245,-0.15,0.451,1/8,False
15min,4,0.0,0.1,1.0,kz,up,261,40,0.258,-0.15,0.452,1/8,False
15min,4,0.0,0.1,1.0,kz,off,418,63,0.273,-0.15,0.471,1/8,False
15min,4,0.0,0.1,1.0,kz,down,157,24,0.304,-0.14,0.503,1/8,False
15min,4,0.0,0.1,1.5,all,up,459,69,0.476,-0.14,0.527,1/8,False
15min,4,0.0,0.1,1.5,all,off,723,108,0.511,-0.14,0.546,1/8,False
15min,4,0.0,0.1,1.5,all,down,264,40,0.579,-0.13,0.58,2/8,False
15min,4,0.0,0.1,1.5,kz,up,261,40,0.51,-0.14,0.533,1/8,False
15min,4,0.0,0.1,1.5,kz,off,418,63,0.594,-0.14,0.581,1/8,False
15min,4,0.0,0.1,1.5,kz,down,157,24,0.777,-0.1,0.662,3/8,False
15min,4,0.0,0.1,2.0,all,up,459,69,0.685,-0.14,0.51,1/8,False
15min,4,0.0,0.1,2.0,all,off,723,108,0.741,-0.13,0.533,1/8,False
15min,4,0.0,0.1,2.0,all,down,264,40,0.85,-0.09,0.572,2/8,False
15min,4,0.0,0.1,2.0,kz,up,261,40,0.751,-0.11,0.521,1/8,False
15min,4,0.0,0.1,2.0,kz,off,418,63,0.862,-0.09,0.557,3/8,False
15min,4,0.0,0.1,2.0,kz,down,157,24,1.094,0.08,0.618,5/8,False
15min,4,0.0,0.1,3.0,all,up,459,69,0.881,-0.09,0.442,3/8,False
15min,4,0.0,0.1,3.0,all,off,723,108,0.982,-0.02,0.47,4/8,False
15min,4,0.0,0.1,3.0,all,down,264,40,1.178,0.33,0.519,7/8,False
15min,4,0.0,0.1,3.0,kz,up,261,40,0.892,-0.06,0.429,2/8,False
15min,4,0.0,0.1,3.0,kz,off,418,63,1.069,0.07,0.478,4/8,False
15min,4,0.0,0.1,3.0,kz,down,157,24,1.433,0.46,0.561,8/8,False
15min,4,0.0,0.25,1.0,all,up,548,83,0.499,-0.15,0.502,1/8,False
15min,4,0.0,0.25,1.0,all,off,869,130,0.544,-0.15,0.526,0/8,False
15min,4,0.0,0.25,1.0,all,down,321,48,0.632,-0.14,0.567,3/8,False
15min,4,0.0,0.25,1.0,kz,up,307,46,0.556,-0.14,0.515,1/8,False
15min,4,0.0,0.25,1.0,kz,off,501,75,0.621,-0.14,0.545,0/8,False
15min,4,0.0,0.25,1.0,kz,down,194,29,0.742,-0.12,0.593,2/8,False
15min,4,0.0,0.25,1.5,all,up,548,83,0.643,-0.14,0.438,1/8,False
15min,4,0.0,0.25,1.5,all,off,869,130,0.712,-0.14,0.464,1/8,False
15min,4,0.0,0.25,1.5,all,down,321,48,0.846,-0.11,0.508,3/8,False
15min,4,0.0,0.25,1.5,kz,up,307,46,0.713,-0.13,0.453,2/8,False
15min,4,0.0,0.25,1.5,kz,off,501,75,0.793,-0.13,0.481,2/8,False
15min,4,0.0,0.25,1.5,kz,down,194,29,0.936,-0.07,0.526,4/8,False
15min,4,0.0,0.25,2.0,all,up,548,83,0.684,-0.14,0.365,1/8,False
15min,4,0.0,0.25,2.0,all,off,869,130,0.802,-0.13,0.403,2/8,False
15min,4,0.0,0.25,2.0,all,down,321,48,1.038,0.06,0.467,4/8,False
15min,4,0.0,0.25,2.0,kz,up,307,46,0.791,-0.11,0.391,2/8,False
15min,4,0.0,0.25,2.0,kz,off,501,75,0.921,-0.08,0.429,3/8,False
15min,4,0.0,0.25,2.0,kz,down,194,29,1.161,0.23,0.49,5/8,False
15min,4,0.0,0.25,3.0,all,up,548,83,0.792,-0.12,0.292,2/8,False
15min,4,0.0,0.25,3.0,all,off,869,130,0.917,-0.1,0.323,3/8,False
15min,4,0.0,0.25,3.0,all,down,321,48,1.155,0.35,0.377,5/8,False
15min,4,0.0,0.25,3.0,kz,up,307,46,0.93,-0.05,0.319,3/8,False
15min,4,0.0,0.25,3.0,kz,off,501,75,1.076,0.14,0.353,5/8,False
15min,4,0.0,0.25,3.0,kz,down,194,29,1.338,0.43,0.407,7/8,False
15min,4,0.1,0.05,1.0,all,up,554,84,0.414,-0.15,0.551,1/8,False
15min,4,0.1,0.05,1.0,all,off,876,131,0.41,-0.15,0.551,0/8,False
15min,4,0.1,0.05,1.0,all,down,322,48,0.404,-0.15,0.553,0/8,False
15min,4,0.1,0.05,1.0,kz,up,303,46,0.514,-0.14,0.594,1/8,False
15min,4,0.1,0.05,1.0,kz,off,490,73,0.516,-0.15,0.602,1/8,False
15min,4,0.1,0.05,1.0,kz,down,187,28,0.518,-0.15,0.615,0/8,False
15min,4,0.1,0.05,1.5,all,up,554,84,0.651,-0.14,0.518,1/8,False
15min,4,0.1,0.05,1.5,all,off,876,131,0.66,-0.14,0.526,1/8,False
15min,4,0.1,0.05,1.5,all,down,322,48,0.676,-0.14,0.54,0/8,False
15min,4,0.1,0.05,1.5,kz,up,303,46,0.779,-0.12,0.548,2/8,False
15min,4,0.1,0.05,1.5,kz,off,490,73,0.78,-0.13,0.553,1/8,False
15min,4,0.1,0.05,1.5,kz,down,187,28,0.782,-0.12,0.561,3/8,False
15min,4,0.1,0.05,2.0,all,up,554,84,0.801,-0.12,0.473,3/8,False
15min,4,0.1,0.05,2.0,all,off,876,131,0.817,-0.12,0.479,2/8,False
15min,4,0.1,0.05,2.0,all,down,322,48,0.843,-0.1,0.491,3/8,False
15min,4,0.1,0.05,2.0,kz,up,303,46,0.918,-0.06,0.492,3/8,False
15min,4,0.1,0.05,2.0,kz,off,490,73,0.947,-0.05,0.504,3/8,False
15min,4,0.1,0.05,2.0,kz,down,187,28,0.996,-0.0,0.524,3/8,False
15min,4,0.1,0.05,3.0,all,up,554,84,0.947,-0.06,0.384,4/8,False
15min,4,0.1,0.05,3.0,all,off,876,131,0.978,-0.03,0.395,4/8,False
15min,4,0.1,0.05,3.0,all,down,322,48,1.033,0.04,0.413,5/8,False
15min,4,0.1,0.05,3.0,kz,up,303,46,1.125,0.17,0.416,6/8,False
15min,4,0.1,0.05,3.0,kz,off,490,73,1.174,0.37,0.431,7/8,False
15min,4,0.1,0.05,3.0,kz,down,187,28,1.257,0.44,0.455,7/8,False
15min,4,0.1,0.1,1.0,all,up,586,89,0.505,-0.15,0.539,1/8,False
15min,4,0.1,0.1,1.0,all,off,921,138,0.51,-0.15,0.545,0/8,False
15min,4,0.1,0.1,1.0,all,down,335,50,0.52,-0.15,0.555,0/8,False
15min,4,0.1,0.1,1.0,kz,up,318,48,0.586,-0.14,0.566,1/8,False
15min,4,0.1,0.1,1.0,kz,off,513,77,0.606,-0.15,0.577,1/8,False
15min,4,0.1,0.1,1.0,kz,down,195,29,0.64,-0.15,0.595,1/8,False
15min,4,0.1,0.1,1.5,all,up,586,89,0.703,-0.13,0.49,2/8,False
15min,4,0.1,0.1,1.5,all,off,921,138,0.713,-0.14,0.495,1/8,False
15min,4,0.1,0.1,1.5,all,down,335,50,0.731,-0.13,0.504,1/8,False
15min,4,0.1,0.1,1.5,kz,up,318,48,0.799,-0.11,0.506,3/8,False
15min,4,0.1,0.1,1.5,kz,off,513,77,0.823,-0.11,0.519,4/8,False
15min,4,0.1,0.1,1.5,kz,down,195,29,0.863,-0.07,0.538,2/8,False
15min,4,0.1,0.1,2.0,all,up,586,89,0.794,-0.12,0.425,2/8,False
15min,4,0.1,0.1,2.0,all,off,921,138,0.819,-0.13,0.435,2/8,False
15min,4,0.1,0.1,2.0,all,down,335,50,0.863,-0.1,0.454,3/8,False
15min,4,0.1,0.1,2.0,kz,up,318,48,0.93,-0.07,0.453,2/8,False
15min,4,0.1,0.1,2.0,kz,off,513,77,0.961,-0.04,0.466,5/8,False
15min,4,0.1,0.1,2.0,kz,down,195,29,1.013,0.01,0.487,4/8,False
15min,4,0.1,0.1,3.0,all,up,586,89,0.928,-0.08,0.345,2/8,False
15min,4,0.1,0.1,3.0,all,off,921,138,0.949,-0.08,0.352,4/8,False
15min,4,0.1,0.1,3.0,all,down,335,50,0.985,-0.02,0.364,3/8,False
15min,4,0.1,0.1,3.0,kz,up,318,48,1.097,0.15,0.374,6/8,False
15min,4,0.1,0.1,3.0,kz,off,513,77,1.134,0.24,0.386,7/8,False
15min,4,0.1,0.1,3.0,kz,down,195,29,1.197,0.2,0.405,5/8,False
15min,4,0.1,0.25,1.0,all,up,636,96,0.594,-0.15,0.502,1/8,False
15min,4,0.1,0.25,1.0,all,off,999,149,0.618,-0.15,0.514,0/8,False
15min,4,0.1,0.25,1.0,all,down,363,55,0.663,-0.14,0.534,1/8,False
15min,4,0.1,0.25,1.0,kz,up,348,53,0.68,-0.14,0.526,1/8,False
15min,4,0.1,0.25,1.0,kz,off,566,85,0.697,-0.14,0.535,0/8,False
15min,4,0.1,0.25,1.0,kz,down,218,33,0.725,-0.13,0.55,1/8,False
15min,4,0.1,0.25,1.5,all,up,636,96,0.697,-0.14,0.414,1/8,False
15min,4,0.1,0.25,1.5,all,off,999,149,0.748,-0.15,0.432,0/8,False
15min,4,0.1,0.25,1.5,all,down,363,55,0.845,-0.11,0.466,2/8,False
15min,4,0.1,0.25,1.5,kz,up,348,53,0.808,-0.12,0.443,1/8,False
15min,4,0.1,0.25,1.5,kz,off,566,85,0.855,-0.14,0.459,2/8,False
15min,4,0.1,0.25,1.5,kz,down,218,33,0.935,-0.06,0.486,2/8,False
15min,4,0.1,0.25,2.0,all,up,636,96,0.723,-0.14,0.343,1/8,False
15min,4,0.1,0.25,2.0,all,off,999,149,0.789,-0.14,0.364,1/8,False
15min,4,0.1,0.25,2.0,all,down,363,55,0.916,-0.06,0.402,4/8,False
15min,4,0.1,0.25,2.0,kz,up,348,53,0.808,-0.12,0.362,1/8,False
15min,4,0.1,0.25,2.0,kz,off,566,85,0.896,-0.11,0.389,3/8,False
15min,4,0.1,0.25,2.0,kz,down,218,33,1.051,0.07,0.431,5/8,False
15min,4,0.1,0.25,3.0,all,up,636,96,0.752,-0.14,0.258,2/8,False
15min,4,0.1,0.25,3.0,all,off,999,149,0.832,-0.13,0.278,1/8,False
15min,4,0.1,0.25,3.0,all,down,363,55,0.982,-0.01,0.314,4/8,False
15min,4,0.1,0.25,3.0,kz,up,348,53,0.779,-0.13,0.259,2/8,False
15min,4,0.1,0.25,3.0,kz,off,566,85,0.894,-0.11,0.288,4/8,False
15min,4,0.1,0.25,3.0,kz,down,218,33,1.098,0.12,0.335,5/8,False
15min,4,0.25,0.05,1.0,all,up,715,107,0.641,-0.15,0.533,0/8,False
15min,4,0.25,0.05,1.0,all,off,1124,168,0.619,-0.15,0.528,0/8,False
15min,4,0.25,0.05,1.0,all,down,409,61,0.582,-0.15,0.518,0/8,False
15min,4,0.25,0.05,1.0,kz,up,397,59,0.746,-0.15,0.557,1/8,False
15min,4,0.25,0.05,1.0,kz,off,633,94,0.714,-0.15,0.551,0/8,False
15min,4,0.25,0.05,1.0,kz,down,236,35,0.663,-0.14,0.542,1/8,False
15min,4,0.25,0.05,1.5,all,up,715,107,0.773,-0.14,0.452,1/8,False
15min,4,0.25,0.05,1.5,all,off,1124,168,0.747,-0.15,0.446,0/8,False
15min,4,0.25,0.05,1.5,all,down,409,61,0.704,-0.14,0.435,0/8,False
15min,4,0.25,0.05,1.5,kz,up,397,59,0.889,-0.1,0.479,4/8,False
15min,4,0.25,0.05,1.5,kz,off,633,94,0.841,-0.12,0.468,2/8,False
15min,4,0.25,0.05,1.5,kz,down,236,35,0.765,-0.13,0.449,1/8,False
15min,4,0.25,0.05,2.0,all,up,715,107,0.84,-0.13,0.387,1/8,False
15min,4,0.25,0.05,2.0,all,off,1124,168,0.828,-0.14,0.386,1/8,False
15min,4,0.25,0.05,2.0,all,down,409,61,0.807,-0.13,0.384,2/8,False
15min,4,0.25,0.05,2.0,kz,up,397,59,0.942,-0.09,0.408,2/8,False
15min,4,0.25,0.05,2.0,kz,off,633,94,0.942,-0.09,0.411,3/8,False
15min,4,0.25,0.05,2.0,kz,down,236,35,0.941,-0.06,0.415,3/8,False
15min,4,0.25,0.05,3.0,all,up,715,107,0.919,-0.09,0.306,2/8,False
15min,4,0.25,0.05,3.0,all,off,1124,168,0.919,-0.1,0.307,3/8,False
15min,4,0.25,0.05,3.0,all,down,409,61,0.917,-0.1,0.308,3/8,False
15min,4,0.25,0.05,3.0,kz,up,397,59,0.927,-0.08,0.302,2/8,False
15min,4,0.25,0.05,3.0,kz,off,633,94,0.982,-0.03,0.316,3/8,False
15min,4,0.25,0.05,3.0,kz,down,236,35,1.077,0.12,0.339,6/8,False
15min,4,0.25,0.1,1.0,all,up,729,109,0.649,-0.15,0.52,0/8,False
15min,4,0.25,0.1,1.0,all,off,1145,171,0.628,-0.15,0.514,0/8,False
15min,4,0.25,0.1,1.0,all,down,416,63,0.593,-0.15,0.505,0/8,False
15min,4,0.25,0.1,1.0,kz,up,402,60,0.763,-0.15,0.55,1/8,False
15min,4,0.25,0.1,1.0,kz,off,643,96,0.725,-0.15,0.541,1/8,False
15min,4,0.25,0.1,1.0,kz,down,241,36,0.665,-0.13,0.527,1/8,False
15min,4,0.25,0.1,1.5,all,up,729,109,0.739,-0.15,0.425,0/8,False
15min,4,0.25,0.1,1.5,all,off,1145,171,0.728,-0.15,0.424,0/8,False
15min,4,0.25,0.1,1.5,all,down,416,63,0.709,-0.14,0.421,0/8,False
15min,4,0.25,0.1,1.5,kz,up,402,60,0.82,-0.14,0.443,0/8,False
15min,4,0.25,0.1,1.5,kz,off,643,96,0.811,-0.14,0.443,1/8,False
15min,4,0.25,0.1,1.5,kz,down,241,36,0.796,-0.12,0.444,2/8,False
15min,4,0.25,0.1,2.0,all,up,729,109,0.801,-0.14,0.364,0/8,False
15min,4,0.25,0.1,2.0,all,off,1145,171,0.803,-0.14,0.366,0/8,False
15min,4,0.25,0.1,2.0,all,down,416,63,0.805,-0.13,0.37,2/8,False
15min,4,0.25,0.1,2.0,kz,up,402,60,0.867,-0.13,0.376,1/8,False
15min,4,0.25,0.1,2.0,kz,off,643,96,0.894,-0.13,0.386,3/8,False
15min,4,0.25,0.1,2.0,kz,down,241,36,0.941,-0.07,0.402,3/8,False
15min,4,0.25,0.1,3.0,all,up,729,109,0.899,-0.1,0.294,2/8,False
15min,4,0.25,0.1,3.0,all,off,1145,171,0.906,-0.12,0.295,2/8,False
15min,4,0.25,0.1,3.0,all,down,416,63,0.918,-0.11,0.298,3/8,False
15min,4,0.25,0.1,3.0,kz,up,402,60,0.926,-0.08,0.294,2/8,False
15min,4,0.25,0.1,3.0,kz,off,643,96,0.979,-0.03,0.306,3/8,False
15min,4,0.25,0.1,3.0,kz,down,241,36,1.071,0.13,0.328,4/8,False
15min,4,0.25,0.25,1.0,all,up,748,112,0.647,-0.15,0.48,0/8,False
15min,4,0.25,0.25,1.0,all,off,1174,175,0.646,-0.15,0.481,0/8,False
15min,4,0.25,0.25,1.0,all,down,426,64,0.643,-0.14,0.484,0/8,False
15min,4,0.25,0.25,1.0,kz,up,413,62,0.732,-0.14,0.504,1/8,False
15min,4,0.25,0.25,1.0,kz,off,662,99,0.714,-0.14,0.5,0/8,False
15min,4,0.25,0.25,1.0,kz,down,249,37,0.685,-0.14,0.494,0/8,False
15min,4,0.25,0.25,1.5,all,up,748,112,0.72,-0.14,0.39,0/8,False
15min,4,0.25,0.25,1.5,all,off,1174,175,0.73,-0.14,0.395,0/8,False
15min,4,0.25,0.25,1.5,all,down,426,64,0.749,-0.13,0.404,2/8,False
15min,4,0.25,0.25,1.5,kz,up,413,62,0.771,-0.14,0.402,2/8,False
15min,4,0.25,0.25,1.5,kz,off,662,99,0.794,-0.14,0.411,0/8,False
15min,4,0.25,0.25,1.5,kz,down,249,37,0.834,-0.12,0.426,2/8,False
15min,4,0.25,0.25,2.0,all,up,748,112,0.771,-0.14,0.336,1/8,False
15min,4,0.25,0.25,2.0,all,off,1174,175,0.793,-0.14,0.342,1/8,False
15min,4,0.25,0.25,2.0,all,down,426,64,0.831,-0.12,0.352,2/8,False
15min,4,0.25,0.25,2.0,kz,up,413,62,0.787,-0.13,0.334,2/8,False
15min,4,0.25,0.25,2.0,kz,off,662,99,0.843,-0.13,0.35,2/8,False
15min,4,0.25,0.25,2.0,kz,down,249,37,0.94,-0.07,0.378,3/8,False
15min,4,0.25,0.25,3.0,all,up,748,112,0.851,-0.12,0.27,1/8,False
15min,4,0.25,0.25,3.0,all,off,1174,175,0.867,-0.13,0.272,2/8,False
15min,4,0.25,0.25,3.0,all,down,426,64,0.895,-0.09,0.275,2/8,False
15min,4,0.25,0.25,3.0,kz,up,413,62,0.895,-0.1,0.274,3/8,False
15min,4,0.25,0.25,3.0,kz,off,662,99,0.93,-0.09,0.281,4/8,False
15min,4,0.25,0.25,3.0,kz,down,249,37,0.99,-0.01,0.293,2/8,False
1h,2,0.0,0.05,1.0,all,up,99,15,0.066,-0.15,0.253,1/8,False
1h,2,0.0,0.05,1.0,all,off,150,23,0.055,-0.15,0.233,1/8,False
1h,2,0.0,0.05,1.0,all,down,51,8,0.038,-0.16,0.196,1/8,False
1h,2,0.0,0.05,1.0,kz,up,61,9,0.068,-0.16,0.279,1/8,False
1h,2,0.0,0.05,1.0,kz,off,94,14,0.066,-0.16,0.266,1/8,False
1h,2,0.0,0.05,1.5,all,up,99,15,0.291,-0.15,0.434,1/8,False
1h,2,0.0,0.05,1.5,all,off,150,23,0.246,-0.15,0.4,1/8,False
1h,2,0.0,0.05,1.5,all,down,51,8,0.18,-0.15,0.333,1/8,False
1h,2,0.0,0.05,1.5,kz,up,61,9,0.249,-0.16,0.393,1/8,False
1h,2,0.0,0.05,1.5,kz,off,94,14,0.25,-0.15,0.394,1/8,False
1h,2,0.0,0.05,2.0,all,up,99,15,0.532,-0.14,0.535,2/8,False
1h,2,0.0,0.05,2.0,all,off,150,23,0.45,-0.14,0.527,1/8,False
1h,2,0.0,0.05,2.0,all,down,51,8,0.332,-0.15,0.51,1/8,False
1h,2,0.0,0.05,2.0,kz,up,61,9,0.398,-0.15,0.443,2/8,False
1h,2,0.0,0.05,2.0,kz,off,94,14,0.412,-0.15,0.489,2/8,False
1h,2,0.0,0.05,3.0,all,up,99,15,0.937,-0.04,0.566,4/8,False
1h,2,0.0,0.05,3.0,all,off,150,23,0.833,-0.09,0.547,4/8,False
1h,2,0.0,0.05,3.0,all,down,51,8,0.67,-0.1,0.51,3/8,False
1h,2,0.0,0.05,3.0,kz,up,61,9,0.902,-0.05,0.557,3/8,False
1h,2,0.0,0.05,3.0,kz,off,94,14,0.882,-0.08,0.553,3/8,False
1h,2,0.0,0.1,1.0,all,up,117,18,0.379,-0.15,0.538,1/8,False
1h,2,0.0,0.1,1.0,all,off,183,28,0.291,-0.15,0.508,1/8,False
1h,2,0.0,0.1,1.0,all,down,66,10,0.19,-0.15,0.455,0/8,False
1h,2,0.0,0.1,1.0,kz,up,75,11,0.272,-0.16,0.44,1/8,False
1h,2,0.0,0.1,1.0,kz,off,117,18,0.245,-0.15,0.453,1/8,False
1h,2,0.0,0.1,1.0,kz,down,42,7,0.205,-0.15,0.476,2/8,False
1h,2,0.0,0.1,1.5,all,up,117,18,0.668,-0.12,0.573,2/8,False
1h,2,0.0,0.1,1.5,all,off,183,28,0.548,-0.14,0.53,1/8,False
1h,2,0.0,0.1,1.5,all,down,66,10,0.393,-0.15,0.455,1/8,False
1h,2,0.0,0.1,1.5,kz,up,75,11,0.58,-0.14,0.533,3/8,False
1h,2,0.0,0.1,1.5,kz,off,117,18,0.511,-0.14,0.504,2/8,False
1h,2,0.0,0.1,1.5,kz,down,42,7,0.416,-0.14,0.452,1/8,False
1h,2,0.0,0.1,2.0,all,up,117,18,0.882,-0.06,0.53,5/8,False
1h,2,0.0,0.1,2.0,all,off,183,28,0.763,-0.12,0.497,3/8,False
1h,2,0.0,0.1,2.0,all,down,66,10,0.598,-0.12,0.439,3/8,False
1h,2,0.0,0.1,2.0,kz,up,75,11,0.92,-0.04,0.533,5/8,False
1h,2,0.0,0.1,2.0,kz,off,117,18,0.781,-0.12,0.496,2/8,False
1h,2,0.0,0.1,2.0,kz,down,42,7,0.599,-0.11,0.429,4/8,False
1h,2,0.0,0.1,3.0,all,up,117,18,0.996,-0.0,0.436,6/8,False
1h,2,0.0,0.1,3.0,all,off,183,28,0.926,-0.06,0.415,4/8,False
1h,2,0.0,0.1,3.0,all,down,66,10,0.819,-0.07,0.379,3/8,False
1h,2,0.0,0.1,3.0,kz,up,75,11,0.954,-0.02,0.427,5/8,False
1h,2,0.0,0.1,3.0,kz,off,117,18,0.946,-0.05,0.419,4/8,False
1h,2,0.0,0.1,3.0,kz,down,42,7,0.933,-0.03,0.405,4/8,False
1h,2,0.0,0.25,1.0,all,up,141,22,0.647,-0.13,0.532,1/8,False
1h,2,0.0,0.25,1.0,all,off,219,34,0.658,-0.13,0.539,3/8,False
1h,2,0.0,0.25,1.0,all,down,78,12,0.679,-0.11,0.551,2/8,False
1h,2,0.0,0.25,1.0,kz,up,86,13,0.656,-0.12,0.535,1/8,False
1h,2,0.0,0.25,1.0,kz,off,135,21,0.685,-0.13,0.548,3/8,False
1h,2,0.0,0.25,1.0,kz,down,49,8,0.74,-0.08,0.571,3/8,False
1h,2,0.0,0.25,1.5,all,up,141,22,0.762,-0.1,0.447,3/8,False
1h,2,0.0,0.25,1.5,all,off,219,34,0.792,-0.12,0.457,4/8,False
1h,2,0.0,0.25,1.5,all,down,78,12,0.847,-0.07,0.474,4/8,False
1h,2,0.0,0.25,1.5,kz,up,86,13,0.935,-0.04,0.5,4/8,False
1h,2,0.0,0.25,1.5,kz,off,135,21,0.923,-0.06,0.496,4/8,False
1h,2,0.0,0.25,1.5,kz,down,49,8,0.902,-0.03,0.49,4/8,False
1h,2,0.0,0.25,2.0,all,up,141,22,0.704,-0.12,0.348,3/8,False
1h,2,0.0,0.25,2.0,all,off,219,34,0.777,-0.12,0.37,3/8,False
1h,2,0.0,0.25,2.0,all,down,78,12,0.92,-0.03,0.41,3/8,False
1h,2,0.0,0.25,2.0,kz,up,86,13,0.776,-0.12,0.372,3/8,False
1h,2,0.0,0.25,2.0,kz,off,135,21,0.824,-0.11,0.385,2/8,False
1h,2,0.0,0.25,2.0,kz,down,49,8,0.913,-0.03,0.408,4/8,False
1h,2,0.0,0.25,3.0,all,up,141,22,0.831,-0.09,0.284,3/8,False
1h,2,0.0,0.25,3.0,all,off,219,34,0.867,-0.11,0.292,2/8,False
1h,2,0.0,0.25,3.0,all,down,78,12,0.935,-0.03,0.308,3/8,False
1h,2,0.0,0.25,3.0,kz,up,86,13,1.008,0.01,0.326,4/8,False
1h,2,0.0,0.25,3.0,kz,off,135,21,0.915,-0.08,0.304,3/8,False
1h,2,0.0,0.25,3.0,kz,down,49,8,0.764,-0.08,0.265,4/8,False
1h,2,0.1,0.05,1.0,all,up,147,22,0.561,-0.14,0.578,1/8,False
1h,2,0.1,0.05,1.0,all,off,223,34,0.529,-0.14,0.565,1/8,False
1h,2,0.1,0.05,1.0,all,down,76,12,0.472,-0.14,0.539,2/8,False
1h,2,0.1,0.05,1.0,kz,up,89,14,0.404,-0.15,0.494,1/8,False
1h,2,0.1,0.05,1.0,kz,off,136,21,0.441,-0.15,0.515,1/8,False
1h,2,0.1,0.05,1.0,kz,down,47,7,0.521,-0.13,0.553,2/8,False
1h,2,0.1,0.05,1.5,all,up,147,22,0.694,-0.13,0.476,2/8,False
1h,2,0.1,0.05,1.5,all,off,223,34,0.667,-0.13,0.471,1/8,False
1h,2,0.1,0.05,1.5,all,down,76,12,0.618,-0.13,0.461,1/8,False
1h,2,0.1,0.05,1.5,kz,up,89,14,0.524,-0.15,0.404,1/8,False
1h,2,0.1,0.05,1.5,kz,off,136,21,0.598,-0.14,0.441,1/8,False
1h,2,0.1,0.05,1.5,kz,down,47,7,0.757,-0.11,0.511,2/8,False
1h,2,0.1,0.05,2.0,all,up,147,22,0.8,-0.12,0.429,2/8,False
1h,2,0.1,0.05,2.0,all,off,223,34,0.747,-0.12,0.413,1/8,False
1h,2,0.1,0.05,2.0,all,down,76,12,0.653,-0.12,0.382,1/8,False
1h,2,0.1,0.05,2.0,kz,up,89,14,0.612,-0.15,0.371,2/8,False
1h,2,0.1,0.05,2.0,kz,off,136,21,0.649,-0.13,0.382,1/8,False
1h,2,0.1,0.05,2.0,kz,down,47,7,0.721,-0.11,0.404,3/8,False
1h,2,0.1,0.05,3.0,all,up,147,22,1.022,0.02,0.367,4/8,False
1h,2,0.1,0.05,3.0,all,off,223,34,0.887,-0.09,0.336,3/8,False
1h,2,0.1,0.05,3.0,all,down,76,12,0.665,-0.12,0.276,2/8,False
1h,2,0.1,0.05,3.0,kz,up,89,14,0.923,-0.06,0.348,3/8,False
1h,2,0.1,0.05,3.0,kz,off,136,21,0.859,-0.1,0.331,3/8,False
1h,2,0.1,0.05,3.0,kz,down,47,7,0.747,-0.11,0.298,3/8,False
1h,2,0.1,0.1,1.0,all,up,156,24,0.549,-0.14,0.519,1/8,False
1h,2,0.1,0.1,1.0,all,off,238,36,0.504,-0.14,0.5,1/8,False
1h,2,0.1,0.1,1.0,all,down,82,13,0.431,-0.14,0.463,1/8,False
1h,2,0.1,0.1,1.0,kz,up,96,15,0.449,-0.15,0.469,1/8,False
1h,2,0.1,0.1,1.0,kz,off,147,23,0.459,-0.15,0.476,1/8,False
1h,2,0.1,0.1,1.0,kz,down,51,8,0.478,-0.14,0.49,2/8,False
1h,2,0.1,0.1,1.5,all,up,156,24,0.695,-0.13,0.449,1/8,False
1h,2,0.1,0.1,1.5,all,off,238,36,0.642,-0.14,0.429,1/8,False
1h,2,0.1,0.1,1.5,all,down,82,13,0.551,-0.14,0.39,1/8,False
1h,2,0.1,0.1,1.5,kz,up,96,15,0.594,-0.15,0.417,2/8,False
1h,2,0.1,0.1,1.5,kz,off,147,23,0.579,-0.14,0.408,1/8,False
1h,2,0.1,0.1,1.5,kz,down,51,8,0.555,-0.13,0.392,3/8,False
1h,2,0.1,0.1,2.0,all,up,156,24,0.808,-0.11,0.397,2/8,False
1h,2,0.1,0.1,2.0,all,off,238,36,0.718,-0.13,0.37,1/8,False
1h,2,0.1,0.1,2.0,all,down,82,13,0.569,-0.14,0.317,2/8,False
1h,2,0.1,0.1,2.0,kz,up,96,15,0.755,-0.15,0.385,3/8,False
1h,2,0.1,0.1,2.0,kz,off,147,23,0.681,-0.14,0.361,1/8,False
1h,2,0.1,0.1,2.0,kz,down,51,8,0.558,-0.13,0.314,3/8,False
1h,2,0.1,0.1,3.0,all,up,156,24,1.014,0.01,0.34,5/8,False
1h,2,0.1,0.1,3.0,all,off,238,36,0.837,-0.12,0.298,2/8,False
1h,2,0.1,0.1,3.0,all,down,82,13,0.555,-0.16,0.22,1/8,False
1h,2,0.1,0.1,3.0,kz,up,96,15,1.068,0.06,0.354,6/8,False
1h,2,0.1,0.1,3.0,kz,off,147,23,0.837,-0.1,0.299,3/8,False
1h,2,0.1,0.1,3.0,kz,down,51,8,0.49,-0.15,0.196,3/8,False
1h,2,0.1,0.25,1.0,all,up,167,25,0.615,-0.13,0.479,2/8,False
1h,2,0.1,0.25,1.0,all,off,255,39,0.652,-0.14,0.494,2/8,False
1h,2,0.1,0.25,1.0,all,down,88,14,0.729,-0.14,0.523,3/8,False
1h,2,0.1,0.25,1.0,kz,up,100,15,0.685,-0.13,0.51,1/8,False
1h,2,0.1,0.25,1.0,kz,off,154,24,0.695,-0.13,0.513,2/8,False
1h,2,0.1,0.25,1.0,kz,down,54,8,0.712,-0.12,0.519,5/8,False
1h,2,0.1,0.25,1.5,all,up,167,25,0.786,-0.13,0.419,3/8,False
1h,2,0.1,0.25,1.5,all,off,255,39,0.713,-0.14,0.396,2/8,False
1h,2,0.1,0.25,1.5,all,down,88,14,0.589,-0.16,0.352,1/8,False
1h,2,0.1,0.25,1.5,kz,up,100,15,0.813,-0.15,0.43,2/8,False
1h,2,0.1,0.25,1.5,kz,off,154,24,0.689,-0.15,0.39,1/8,False
1h,2,0.1,0.25,1.5,kz,down,54,8,0.498,-0.15,0.315,2/8,False
1h,2,0.1,0.25,2.0,all,up,167,25,0.737,-0.13,0.329,2/8,False
1h,2,0.1,0.25,2.0,all,off,255,39,0.724,-0.14,0.325,2/8,False
1h,2,0.1,0.25,2.0,all,down,88,14,0.699,-0.14,0.318,1/8,False
1h,2,0.1,0.25,2.0,kz,up,100,15,0.876,-0.08,0.37,4/8,False
1h,2,0.1,0.25,2.0,kz,off,154,24,0.762,-0.14,0.338,4/8,False
1h,2,0.1,0.25,2.0,kz,down,54,8,0.576,-0.13,0.278,3/8,False
1h,2,0.1,0.25,3.0,all,up,167,25,0.757,-0.11,0.251,3/8,False
1h,2,0.1,0.25,3.0,all,off,255,39,0.732,-0.12,0.243,3/8,False
1h,2,0.1,0.25,3.0,all,down,88,14,0.685,-0.14,0.227,2/8,False
1h,2,0.1,0.25,3.0,kz,up,100,15,0.859,-0.07,0.27,4/8,False
1h,2,0.1,0.25,3.0,kz,off,154,24,0.735,-0.11,0.24,3/8,False
1h,2,0.1,0.25,3.0,kz,down,54,8,0.529,-0.13,0.185,4/8,False
1h,2,0.25,0.05,1.0,all,up,194,29,0.79,-0.12,0.552,3/8,False
1h,2,0.25,0.05,1.0,all,off,300,45,0.694,-0.14,0.52,1/8,False
1h,2,0.25,0.05,1.0,all,down,106,16,0.548,-0.14,0.462,1/8,False
1h,2,0.25,0.05,1.0,kz,up,121,19,0.801,-0.1,0.562,3/8,False
1h,2,0.25,0.05,1.0,kz,off,185,28,0.71,-0.14,0.53,3/8,False
1h,2,0.25,0.05,1.0,kz,down,64,10,0.566,-0.14,0.469,2/8,False
1h,2,0.25,0.05,1.5,all,up,194,29,0.952,-0.04,0.474,4/8,False
1h,2,0.25,0.05,1.5,all,off,300,45,0.849,-0.13,0.447,4/8,False
1h,2,0.25,0.05,1.5,all,down,106,16,0.686,-0.15,0.396,0/8,False
1h,2,0.25,0.05,1.5,kz,up,121,19,1.05,0.04,0.504,4/8,False
1h,2,0.25,0.05,1.5,kz,off,185,28,0.944,-0.05,0.476,4/8,False
1h,2,0.25,0.05,1.5,kz,down,64,10,0.768,-0.11,0.422,2/8,False
1h,2,0.25,0.05,2.0,all,up,194,29,0.884,-0.09,0.376,3/8,False
1h,2,0.25,0.05,2.0,all,off,300,45,0.811,-0.13,0.357,2/8,False
1h,2,0.25,0.05,2.0,all,down,106,16,0.686,-0.16,0.321,1/8,False
1h,2,0.25,0.05,2.0,kz,up,121,19,0.916,-0.07,0.388,5/8,False
1h,2,0.25,0.05,2.0,kz,off,185,28,0.823,-0.11,0.362,3/8,False
1h,2,0.25,0.05,2.0,kz,down,64,10,0.665,-0.14,0.312,2/8,False
1h,2,0.25,0.05,3.0,all,up,194,29,0.867,-0.07,0.284,3/8,False
1h,2,0.25,0.05,3.0,all,off,300,45,0.792,-0.12,0.263,2/8,False
1h,2,0.25,0.05,3.0,all,down,106,16,0.664,-0.14,0.226,3/8,False
1h,2,0.25,0.05,3.0,kz,up,121,19,0.931,-0.04,0.298,3/8,False
1h,2,0.25,0.05,3.0,kz,off,185,28,0.847,-0.09,0.276,4/8,False
1h,2,0.25,0.05,3.0,kz,down,64,10,0.7,-0.14,0.234,3/8,False
1h,2,0.25,0.1,1.0,all,up,199,30,0.844,-0.1,0.553,4/8,False
1h,2,0.25,0.1,1.0,all,off,306,46,0.69,-0.14,0.503,1/8,False
1h,2,0.25,0.1,1.0,all,down,107,17,0.473,-0.15,0.411,0/8,False
1h,2,0.25,0.1,1.0,kz,up,124,19,0.925,-0.04,0.581,3/8,False
1h,2,0.25,0.1,1.0,kz,off,189,29,0.739,-0.14,0.524,3/8,False
1h,2,0.25,0.1,1.0,kz,down,65,10,0.483,-0.14,0.415,2/8,False
1h,2,0.25,0.1,1.5,all,up,199,30,0.876,-0.09,0.442,4/8,False
1h,2,0.25,0.1,1.5,all,off,306,46,0.771,-0.13,0.412,2/8,False
1h,2,0.25,0.1,1.5,all,down,107,17,0.602,-0.15,0.355,1/8,False
1h,2,0.25,0.1,1.5,kz,up,124,19,0.956,-0.03,0.468,6/8,False
1h,2,0.25,0.1,1.5,kz,off,189,29,0.783,-0.13,0.418,3/8,False
1h,2,0.25,0.1,1.5,kz,down,65,10,0.523,-0.13,0.323,2/8,False
1h,2,0.25,0.1,2.0,all,up,199,30,0.828,-0.11,0.352,3/8,False
1h,2,0.25,0.1,2.0,all,off,306,46,0.75,-0.14,0.33,2/8,False
1h,2,0.25,0.1,2.0,all,down,107,17,0.617,-0.16,0.29,2/8,False
1h,2,0.25,0.1,2.0,kz,up,124,19,0.951,-0.04,0.387,4/8,False
1h,2,0.25,0.1,2.0,kz,off,189,29,0.81,-0.11,0.349,3/8,False
1h,2,0.25,0.1,2.0,kz,down,65,10,0.581,-0.14,0.277,1/8,False
1h,2,0.25,0.1,3.0,all,up,199,30,0.846,-0.1,0.276,3/8,False
1h,2,0.25,0.1,3.0,all,off,306,46,0.799,-0.13,0.261,2/8,False
1h,2,0.25,0.1,3.0,all,down,107,17,0.716,-0.11,0.234,3/8,False
1h,2,0.25,0.1,3.0,kz,up,124,19,0.918,-0.06,0.29,3/8,False
1h,2,0.25,0.1,3.0,kz,off,189,29,0.842,-0.11,0.27,4/8,False
1h,2,0.25,0.1,3.0,kz,down,65,10,0.707,-0.13,0.231,3/8,False
1h,2,0.25,0.25,1.0,all,up,203,31,0.804,-0.13,0.512,3/8,False
1h,2,0.25,0.25,1.0,all,off,311,47,0.749,-0.14,0.495,0/8,False
1h,2,0.25,0.25,1.0,all,down,108,17,0.654,-0.15,0.463,0/8,False
1h,2,0.25,0.25,1.0,kz,up,124,19,0.889,-0.1,0.54,4/8,False
1h,2,0.25,0.25,1.0,kz,off,189,29,0.781,-0.14,0.508,1/8,False
1h,2,0.25,0.25,1.0,kz,down,65,10,0.608,-0.13,0.446,1/8,False
1h,2,0.25,0.25,1.5,all,up,203,31,0.797,-0.12,0.404,3/8,False
1h,2,0.25,0.25,1.5,all,off,311,47,0.704,-0.14,0.373,2/8,False
1h,2,0.25,0.25,1.5,all,down,108,17,0.549,-0.16,0.315,1/8,False
1h,2,0.25,0.25,1.5,kz,up,124,19,0.906,-0.08,0.435,4/8,False
1h,2,0.25,0.25,1.5,kz,off,189,29,0.743,-0.14,0.386,2/8,False
1h,2,0.25,0.25,1.5,kz,down,65,10,0.491,-0.15,0.292,2/8,False
1h,2,0.25,0.25,2.0,all,up,203,31,0.792,-0.12,0.34,4/8,False
1h,2,0.25,0.25,2.0,all,off,311,47,0.732,-0.14,0.318,2/8,False
1h,2,0.25,0.25,2.0,all,down,108,17,0.629,-0.16,0.278,2/8,False
1h,2,0.25,0.25,2.0,kz,up,124,19,0.873,-0.08,0.355,2/8,False
1h,2,0.25,0.25,2.0,kz,off,189,29,0.764,-0.13,0.323,3/8,False
1h,2,0.25,0.25,2.0,kz,down,65,10,0.579,-0.15,0.262,2/8,False
1h,2,0.25,0.25,3.0,all,up,203,31,0.895,-0.07,0.296,3/8,False
1h,2,0.25,0.25,3.0,all,off,311,47,0.875,-0.1,0.28,3/8,False
1h,2,0.25,0.25,3.0,all,down,108,17,0.84,-0.08,0.25,3/8,False
1h,2,0.25,0.25,3.0,kz,up,124,19,0.972,-0.02,0.298,3/8,False
1h,2,0.25,0.25,3.0,kz,off,189,29,0.894,-0.07,0.275,4/8,False
1h,2,0.25,0.25,3.0,kz,down,65,10,0.756,-0.12,0.231,2/8,False
1h,3,0.0,0.05,1.0,all,up,64,10,0.142,-0.16,0.391,0/7,False
1h,3,0.0,0.05,1.0,all,off,96,15,0.151,-0.15,0.344,1/8,False
1h,3,0.0,0.05,1.0,kz,up,44,7,0.113,-0.16,0.341,1/7,False
1h,3,0.0,0.05,1.0,kz,off,66,10,0.134,-0.15,0.318,1/8,False
1h,3,0.0,0.05,1.5,all,up,64,10,0.472,-0.15,0.547,1/7,False
1h,3,0.0,0.05,1.5,all,off,96,15,0.472,-0.15,0.562,0/8,False
1h,3,0.0,0.05,1.5,kz,up,44,7,0.363,-0.16,0.523,1/7,False
1h,3,0.0,0.05,1.5,kz,off,66,10,0.396,-0.15,0.545,2/8,False
1h,3,0.0,0.05,2.0,all,up,64,10,0.725,-0.09,0.594,3/7,False
1h,3,0.0,0.05,2.0,all,off,96,15,0.742,-0.13,0.604,2/8,False
1h,3,0.0,0.05,2.0,kz,up,44,7,0.561,-0.14,0.545,2/7,False
1h,3,0.0,0.05,2.0,kz,off,66,10,0.641,-0.15,0.576,2/8,False
1h,3,0.0,0.05,3.0,all,up,64,10,1.434,0.27,0.625,5/7,False
1h,3,0.0,0.05,3.0,all,off,96,15,1.447,0.44,0.625,6/8,False
1h,3,0.0,0.05,3.0,kz,up,44,7,1.295,0.15,0.614,4/7,False
1h,3,0.0,0.05,3.0,kz,off,66,10,1.372,0.32,0.621,5/8,False
1h,3,0.0,0.1,1.0,all,up,72,12,0.443,-0.15,0.569,1/7,False
1h,3,0.0,0.1,1.0,all,off,107,16,0.454,-0.15,0.579,0/8,False
1h,3,0.0,0.1,1.0,kz,up,49,8,0.373,-0.16,0.531,1/7,False
1h,3,0.0,0.1,1.0,kz,off,73,11,0.399,-0.15,0.548,1/8,False
1h,3,0.0,0.1,1.5,all,up,72,12,0.913,-0.04,0.611,4/7,False
1h,3,0.0,0.1,1.5,all,off,107,16,0.917,-0.06,0.607,3/8,False
1h,3,0.0,0.1,1.5,kz,up,49,8,0.827,-0.07,0.592,4/7,False
1h,3,0.0,0.1,1.5,kz,off,73,11,0.837,-0.1,0.589,3/8,False
1h,3,0.0,0.1,2.0,all,up,72,12,1.135,0.09,0.556,4/7,False
1h,3,0.0,0.1,2.0,all,off,107,16,1.173,0.16,0.561,6/8,False
1h,3,0.0,0.1,2.0,kz,up,49,8,1.295,0.17,0.592,5/7,False
1h,3,0.0,0.1,2.0,kz,off,73,11,1.231,0.19,0.575,6/8,False
1h,3,0.0,0.1,3.0,all,up,72,12,1.255,0.15,0.444,5/7,False
1h,3,0.0,0.1,3.0,all,off,107,16,1.281,0.21,0.449,5/8,False
1h,3,0.0,0.1,3.0,kz,up,49,8,1.346,0.21,0.469,4/7,False
1h,3,0.0,0.1,3.0,kz,off,73,11,1.422,0.39,0.479,6/8,False
1h,3,0.0,0.25,1.0,all,up,82,13,0.87,-0.04,0.573,5/7,False
1h,3,0.0,0.25,1.0,all,off,123,19,0.852,-0.08,0.569,3/8,False
1h,3,0.0,0.25,1.0,all,down,41,6,0.818,-0.08,0.561,3/8,False
1h,3,0.0,0.25,1.0,kz,up,57,9,0.857,-0.05,0.579,4/7,False
1h,3,0.0,0.25,1.0,kz,off,86,13,0.792,-0.11,0.558,4/8,False
1h,3,0.0,0.25,1.5,all,up,82,13,0.974,-0.01,0.476,5/7,False
1h,3,0.0,0.25,1.5,all,off,123,19,0.95,-0.03,0.472,4/8,False
1h,3,0.0,0.25,1.5,all,down,41,6,0.903,-0.06,0.463,4/8,False
1h,3,0.0,0.25,1.5,kz,up,57,9,1.143,0.06,0.526,5/7,False
1h,3,0.0,0.25,1.5,kz,off,86,13,1.034,0.02,0.5,4/8,False
1h,3,0.0,0.25,2.0,all,up,82,13,1.122,0.06,0.439,4/7,False
1h,3,0.0,0.25,2.0,all,off,123,19,1.055,0.04,0.423,5/8,False
1h,3,0.0,0.25,2.0,all,down,41,6,0.93,-0.03,0.39,3/8,False
1h,3,0.0,0.25,2.0,kz,up,57,9,1.29,0.14,0.474,5/7,False
1h,3,0.0,0.25,2.0,kz,off,86,13,1.14,0.12,0.442,4/8,False
1h,3,0.0,0.25,3.0,all,up,82,13,0.926,-0.04,0.305,5/7,False
1h,3,0.0,0.25,3.0,all,off,123,19,0.97,-0.03,0.309,4/8,False
1h,3,0.0,0.25,3.0,all,down,41,6,1.061,0.03,0.317,5/8,False
1h,3,0.0,0.25,3.0,kz,up,57,9,0.956,-0.02,0.298,4/7,False
1h,3,0.0,0.25,3.0,kz,off,86,13,0.926,-0.06,0.291,3/8,False
1h,3,0.1,0.05,1.0,all,up,85,14,0.552,-0.14,0.553,0/7,False
1h,3,0.1,0.05,1.0,all,off,127,19,0.579,-0.15,0.559,0/8,False
1h,3,0.1,0.05,1.0,all,down,42,6,0.637,-0.13,0.571,2/8,False
1h,3,0.1,0.05,1.0,kz,up,59,9,0.424,-0.15,0.508,1/7,False
1h,3,0.1,0.05,1.0,kz,off,87,13,0.526,-0.15,0.552,0/8,False
1h,3,0.1,0.05,1.5,all,up,85,14,0.69,-0.13,0.459,2/7,False
1h,3,0.1,0.05,1.5,all,off,127,19,0.737,-0.14,0.472,1/8,False
1h,3,0.1,0.05,1.5,all,down,42,6,0.842,-0.09,0.5,2/8,False
1h,3,0.1,0.05,1.5,kz,up,59,9,0.566,-0.14,0.424,3/7,False
1h,3,0.1,0.05,1.5,kz,off,87,13,0.666,-0.13,0.46,2/8,False
1h,3,0.1,0.05,2.0,all,up,85,14,0.709,-0.12,0.376,3/7,False
1h,3,0.1,0.05,2.0,all,off,127,19,0.744,-0.12,0.386,1/8,False
1h,3,0.1,0.05,2.0,all,down,42,6,0.819,-0.09,0.405,2/8,False
1h,3,0.1,0.05,2.0,kz,up,59,9,0.617,-0.13,0.356,3/7,False
1h,3,0.1,0.05,2.0,kz,off,87,13,0.692,-0.13,0.379,2/8,False
1h,3,0.1,0.05,3.0,all,up,85,14,0.713,-0.11,0.282,3/7,False
1h,3,0.1,0.05,3.0,all,off,127,19,0.793,-0.1,0.299,2/8,False
1h,3,0.1,0.05,3.0,all,down,42,6,0.971,-0.01,0.333,3/8,False
1h,3,0.1,0.05,3.0,kz,up,59,9,0.738,-0.09,0.288,3/7,False
1h,3,0.1,0.05,3.0,kz,off,87,13,0.831,-0.08,0.31,2/8,False
1h,3,0.1,0.1,1.0,all,up,88,14,0.582,-0.14,0.511,1/7,False
1h,3,0.1,0.1,1.0,all,off,130,20,0.637,-0.15,0.531,1/8,False
1h,3,0.1,0.1,1.0,all,down,42,6,0.771,-0.1,0.571,3/8,False
1h,3,0.1,0.1,1.0,kz,up,60,10,0.49,-0.14,0.483,2/7,False
1h,3,0.1,0.1,1.0,kz,off,88,13,0.587,-0.15,0.523,2/8,False
1h,3,0.1,0.1,1.5,all,up,88,14,0.658,-0.13,0.409,1/7,False
1h,3,0.1,0.1,1.5,all,off,130,20,0.7,-0.13,0.423,1/8,False
1h,3,0.1,0.1,1.5,all,down,42,6,0.799,-0.1,0.452,3/8,False
1h,3,0.1,0.1,1.5,kz,up,60,10,0.608,-0.14,0.4,2/7,False
1h,3,0.1,0.1,1.5,kz,off,88,13,0.668,-0.14,0.42,1/8,False
1h,3,0.1,0.1,2.0,all,up,88,14,0.698,-0.13,0.341,1/7,False
1h,3,0.1,0.1,2.0,all,off,130,20,0.791,-0.13,0.369,1/8,False
1h,3,0.1,0.1,2.0,all,down,42,6,1.02,0.01,0.429,3/8,False
1h,3,0.1,0.1,2.0,kz,up,60,10,0.698,-0.13,0.35,2/7,False
1h,3,0.1,0.1,2.0,kz,off,88,13,0.782,-0.12,0.375,1/8,False
1h,3,0.1,0.1,3.0,all,up,88,14,0.718,-0.12,0.261,3/7,False
1h,3,0.1,0.1,3.0,all,off,130,20,0.796,-0.11,0.277,1/8,False
1h,3,0.1,0.1,3.0,all,down,42,6,0.973,-0.01,0.31,4/8,False
1h,3,0.1,0.1,3.0,kz,up,60,10,0.746,-0.11,0.267,3/7,False
1h,3,0.1,0.1,3.0,kz,off,88,13,0.78,-0.12,0.273,1/8,False
1h,3,0.1,0.25,1.0,all,up,93,15,0.787,-0.09,0.516,4/7,False
1h,3,0.1,0.25,1.0,all,off,137,21,0.769,-0.13,0.511,3/8,False
1h,3,0.1,0.25,1.0,all,down,44,7,0.733,-0.12,0.5,3/8,False
1h,3,0.1,0.25,1.0,kz,up,65,10,0.823,-0.07,0.538,4/7,False
1h,3,0.1,0.25,1.0,kz,off,95,14,0.756,-0.12,0.516,3/8,False
1h,3,0.1,0.25,1.5,all,up,93,15,0.715,-0.11,0.387,3/7,False
1h,3,0.1,0.25,1.5,all,off,137,21,0.701,-0.15,0.38,1/8,False
1h,3,0.1,0.25,1.5,all,down,44,7,0.672,-0.14,0.364,2/8,False
1h,3,0.1,0.25,1.5,kz,up,65,10,0.707,-0.11,0.385,3/7,False
1h,3,0.1,0.25,1.5,kz,off,95,14,0.636,-0.14,0.358,1/8,False
1h,3,0.1,0.25,2.0,all,up,93,15,0.67,-0.14,0.312,2/7,False
1h,3,0.1,0.25,2.0,all,off,137,21,0.746,-0.16,0.328,2/8,False
1h,3,0.1,0.25,2.0,all,down,44,7,0.921,-0.04,0.364,3/8,False
1h,3,0.1,0.25,2.0,kz,up,65,10,0.645,-0.14,0.292,2/7,False
1h,3,0.1,0.25,2.0,kz,off,95,14,0.657,-0.16,0.295,1/8,False
1h,3,0.1,0.25,3.0,all,up,93,15,0.675,-0.15,0.247,2/7,False
1h,3,0.1,0.25,3.0,all,off,137,21,0.726,-0.16,0.248,1/8,False
1h,3,0.1,0.25,3.0,all,down,44,7,0.835,-0.09,0.25,2/8,False
1h,3,0.1,0.25,3.0,kz,up,65,10,0.62,-0.15,0.215,2/7,False
1h,3,0.1,0.25,3.0,kz,off,95,14,0.58,-0.16,0.2,1/8,False
1h,3,0.25,0.05,1.0,all,up,119,18,0.574,-0.13,0.445,2/8,False
1h,3,0.25,0.05,1.0,all,off,177,27,0.63,-0.14,0.469,2/8,False
1h,3,0.25,0.05,1.0,all,down,58,9,0.761,-0.11,0.517,3/8,False
1h,3,0.25,0.05,1.0,kz,up,81,13,0.606,-0.13,0.469,3/7,False
1h,3,0.25,0.05,1.0,kz,off,120,18,0.688,-0.13,0.5,2/8,False
1h,3,0.25,0.05,1.5,all,up,119,18,0.75,-0.11,0.403,2/8,False
1h,3,0.25,0.05,1.5,all,off,177,27,0.786,-0.12,0.412,3/8,False
1h,3,0.25,0.05,1.5,all,down,58,9,0.865,-0.09,0.431,4/8,False
1h,3,0.25,0.05,1.5,kz,up,81,13,0.757,-0.1,0.407,3/7,False
1h,3,0.25,0.05,1.5,kz,off,120,18,0.792,-0.11,0.417,2/8,False
1h,3,0.25,0.05,2.0,all,up,119,18,0.776,-0.09,0.336,2/8,False
1h,3,0.25,0.05,2.0,all,off,177,27,0.772,-0.11,0.333,2/8,False
1h,3,0.25,0.05,2.0,all,down,58,9,0.764,-0.11,0.328,2/8,False
1h,3,0.25,0.05,2.0,kz,up,81,13,0.761,-0.1,0.333,2/7,False
1h,3,0.25,0.05,2.0,kz,off,120,18,0.737,-0.11,0.325,1/8,False
1h,3,0.25,0.05,3.0,all,up,119,18,0.881,-0.05,0.277,2/8,False
1h,3,0.25,0.05,3.0,all,off,177,27,0.833,-0.08,0.266,2/8,False
1h,3,0.25,0.05,3.0,all,down,58,9,0.737,-0.1,0.241,2/8,False
1h,3,0.25,0.05,3.0,kz,up,81,13,0.779,-0.09,0.247,2/7,False
1h,3,0.25,0.05,3.0,kz,off,120,18,0.761,-0.1,0.242,1/8,False
1h,3,0.25,0.1,1.0,all,up,121,18,0.606,-0.13,0.446,2/8,False
1h,3,0.25,0.1,1.0,all,off,179,27,0.664,-0.13,0.469,2/8,False
1h,3,0.25,0.1,1.0,all,down,58,9,0.803,-0.1,0.517,4/8,False
1h,3,0.25,0.1,1.0,kz,up,82,13,0.657,-0.13,0.476,2/7,False
1h,3,0.25,0.1,1.0,kz,off,121,18,0.717,-0.12,0.496,2/8,False
1h,3,0.25,0.1,1.5,all,up,121,18,0.71,-0.12,0.38,1/8,False
1h,3,0.25,0.1,1.5,all,off,179,27,0.767,-0.12,0.397,3/8,False
1h,3,0.25,0.1,1.5,all,down,58,9,0.898,-0.06,0.431,4/8,False
1h,3,0.25,0.1,1.5,kz,up,82,13,0.703,-0.14,0.378,2/7,False
1h,3,0.25,0.1,1.5,kz,off,121,18,0.763,-0.12,0.397,2/8,False
1h,3,0.25,0.1,2.0,all,up,121,18,0.731,-0.1,0.322,2/8,False
1h,3,0.25,0.1,2.0,all,off,179,27,0.76,-0.11,0.33,3/8,False
1h,3,0.25,0.1,2.0,all,down,58,9,0.826,-0.07,0.345,3/8,False
1h,3,0.25,0.1,2.0,kz,up,82,13,0.698,-0.12,0.305,1/7,False
1h,3,0.25,0.1,2.0,kz,off,121,18,0.731,-0.11,0.314,1/8,False
1h,3,0.25,0.1,3.0,all,up,121,18,0.795,-0.08,0.264,3/8,False
1h,3,0.25,0.1,3.0,all,off,179,27,0.857,-0.09,0.274,2/8,False
1h,3,0.25,0.1,3.0,all,down,58,9,0.993,-0.0,0.293,3/8,False
1h,3,0.25,0.1,3.0,kz,up,82,13,0.676,-0.13,0.22,2/7,False
1h,3,0.25,0.1,3.0,kz,off,121,18,0.766,-0.12,0.24,2/8,False
1h,3,0.25,0.25,1.0,all,up,122,18,0.68,-0.13,0.459,2/8,False
1h,3,0.25,0.25,1.0,all,off,180,27,0.705,-0.14,0.467,3/8,False
1h,3,0.25,0.25,1.0,all,down,58,9,0.762,-0.14,0.483,4/8,False
1h,3,0.25,0.25,1.0,kz,up,83,13,0.675,-0.14,0.458,2/7,False
1h,3,0.25,0.25,1.0,kz,off,122,19,0.68,-0.14,0.459,1/8,False
1h,3,0.25,0.25,1.5,all,up,122,18,0.727,-0.11,0.385,1/8,False
1h,3,0.25,0.25,1.5,all,off,180,27,0.684,-0.13,0.367,2/8,False
1h,3,0.25,0.25,1.5,all,down,58,9,0.6,-0.16,0.328,3/8,False
1h,3,0.25,0.25,1.5,kz,up,83,13,0.649,-0.14,0.349,1/7,False
1h,3,0.25,0.25,1.5,kz,off,122,19,0.598,-0.14,0.328,1/8,False
1h,3,0.25,0.25,2.0,all,up,122,18,0.747,-0.11,0.336,2/8,False
1h,3,0.25,0.25,2.0,all,off,180,27,0.767,-0.13,0.333,2/8,False
1h,3,0.25,0.25,2.0,all,down,58,9,0.81,-0.1,0.328,3/8,False
1h,3,0.25,0.25,2.0,kz,up,83,13,0.615,-0.15,0.277,1/7,False
1h,3,0.25,0.25,2.0,kz,off,122,19,0.634,-0.14,0.279,0/8,False
1h,3,0.25,0.25,3.0,all,up,122,18,0.768,-0.11,0.279,1/8,False
1h,3,0.25,0.25,3.0,all,off,180,27,0.845,-0.12,0.283,3/8,False
1h,3,0.25,0.25,3.0,all,down,58,9,1.012,0.01,0.293,3/8,False
1h,3,0.25,0.25,3.0,kz,up,83,13,0.612,-0.14,0.217,2/7,False
1h,3,0.25,0.25,3.0,kz,off,122,19,0.654,-0.16,0.221,1/8,False
1h,4,0.0,0.05,1.0,all,up,42,7,0.251,-0.14,0.452,0/7,False
1h,4,0.0,0.05,1.0,all,off,63,10,0.206,-0.15,0.444,0/7,False
1h,4,0.0,0.05,1.0,kz,off,46,7,0.173,-0.16,0.391,1/7,False
1h,4,0.0,0.05,1.5,all,up,42,7,0.873,-0.05,0.667,3/7,False
1h,4,0.0,0.05,1.5,all,off,63,10,0.738,-0.13,0.651,2/7,False
1h,4,0.0,0.05,1.5,kz,off,46,7,0.668,-0.15,0.652,2/7,False
1h,4,0.0,0.05,2.0,all,up,42,7,0.96,-0.01,0.667,3/7,False
1h,4,0.0,0.05,2.0,all,off,63,10,0.941,-0.03,0.651,2/7,False
1h,4,0.0,0.05,2.0,kz,off,46,7,0.829,-0.08,0.63,2/7,False
1h,4,0.0,0.05,3.0,all,up,42,7,1.479,0.19,0.619,4/7,False
1h,4,0.0,0.05,3.0,all,off,63,10,1.396,0.21,0.603,5/7,False
1h,4,0.0,0.05,3.0,kz,off,46,7,1.24,0.11,0.587,5/7,False
1h,4,0.0,0.1,1.0,all,up,45,7,0.743,-0.07,0.689,3/7,False
1h,4,0.0,0.1,1.0,all,off,67,11,0.717,-0.12,0.672,2/7,False
1h,4,0.0,0.1,1.0,kz,off,49,8,0.654,-0.14,0.653,3/7,False
1h,4,0.0,0.1,1.5,all,up,45,7,1.251,0.08,0.667,4/7,False
1h,4,0.0,0.1,1.5,all,off,67,11,1.208,0.09,0.657,3/7,False
1h,4,0.0,0.1,1.5,kz,off,49,8,1.058,0.02,0.633,3/7,False
1h,4,0.0,0.1,2.0,all,up,45,7,1.304,0.1,0.578,4/7,False
1h,4,0.0,0.1,2.0,all,off,67,11,1.335,0.18,0.582,5/7,False
1h,4,0.0,0.1,2.0,kz,off,49,8,1.248,0.13,0.571,4/7,False
1h,4,0.0,0.1,3.0,all,up,45,7,1.674,0.26,0.511,5/7,False
1h,4,0.0,0.1,3.0,all,off,67,11,1.765,0.46,0.522,7/7,False
1h,4,0.0,0.1,3.0,kz,off,49,8,1.656,0.33,0.51,5/7,False
1h,4,0.0,0.25,1.0,all,up,49,8,1.353,0.14,0.673,5/7,False
1h,4,0.0,0.25,1.0,all,off,75,12,1.15,0.1,0.64,5/7,False
1h,4,0.0,0.25,1.0,kz,off,54,9,1.173,0.12,0.648,5/7,False
1h,4,0.0,0.25,1.5,all,up,49,8,1.424,0.16,0.571,4/7,False
1h,4,0.0,0.25,1.5,all,off,75,12,1.277,0.16,0.547,5/7,False
1h,4,0.0,0.25,1.5,kz,off,54,9,1.411,0.25,0.574,4/7,False
1h,4,0.0,0.25,2.0,all,up,49,8,1.544,0.21,0.51,4/7,False
1h,4,0.0,0.25,2.0,all,off,75,12,1.285,0.18,0.467,4/7,False
1h,4,0.0,0.25,2.0,kz,off,54,9,1.454,0.32,0.5,4/7,False
1h,4,0.0,0.25,3.0,all,up,49,8,1.459,0.22,0.388,5/7,False
1h,4,0.0,0.25,3.0,all,off,75,12,1.363,0.27,0.373,6/7,False
1h,4,0.0,0.25,3.0,kz,off,54,9,1.561,0.47,0.407,5/7,False
1h,4,0.1,0.05,1.0,all,up,60,9,0.738,-0.09,0.6,2/8,False
1h,4,0.1,0.05,1.0,all,off,87,14,0.695,-0.12,0.586,3/8,False
1h,4,0.1,0.05,1.0,kz,up,42,7,0.589,-0.13,0.571,3/7,False
1h,4,0.1,0.05,1.0,kz,off,61,10,0.608,-0.15,0.574,1/7,False
1h,4,0.1,0.05,1.5,all,up,60,9,1.055,0.03,0.55,5/8,False
1h,4,0.1,0.05,1.5,all,off,87,14,1.011,0.01,0.54,4/8,False
1h,4,0.1,0.05,1.5,kz,up,42,7,0.886,-0.04,0.524,3/7,False
1h,4,0.1,0.05,1.5,kz,off,61,10,0.9,-0.05,0.525,3/7,False
1h,4,0.1,0.05,2.0,all,up,60,9,0.878,-0.05,0.417,3/8,False
1h,4,0.1,0.05,2.0,all,off,87,14,0.908,-0.05,0.425,4/8,False
1h,4,0.1,0.05,2.0,kz,up,42,7,0.713,-0.1,0.381,3/7,False
1h,4,0.1,0.05,2.0,kz,off,61,10,0.759,-0.11,0.393,4/7,False
1h,4,0.1,0.05,3.0,all,up,60,9,0.919,-0.03,0.317,5/8,False
1h,4,0.1,0.05,3.0,all,off,87,14,0.984,-0.01,0.333,4/8,False
1h,4,0.1,0.05,3.0,kz,up,42,7,0.846,-0.06,0.31,3/7,False
1h,4,0.1,0.05,3.0,kz,off,61,10,0.924,-0.04,0.328,4/7,False
1h,4,0.1,0.1,1.0,all,up,60,9,0.887,-0.05,0.6,4/8,False
1h,4,0.1,0.1,1.0,all,off,87,14,0.879,-0.06,0.598,4/8,False
1h,4,0.1,0.1,1.0,kz,up,42,7,0.738,-0.08,0.571,4/7,False
1h,4,0.1,0.1,1.0,kz,off,61,10,0.81,-0.08,0.59,4/7,False
1h,4,0.1,0.1,1.5,all,up,60,9,0.865,-0.06,0.467,3/8,False
1h,4,0.1,0.1,1.5,all,off,87,14,0.922,-0.05,0.483,4/8,False
1h,4,0.1,0.1,1.5,kz,up,42,7,0.707,-0.11,0.429,3/7,False
1h,4,0.1,0.1,1.5,kz,off,61,10,0.808,-0.08,0.459,3/7,False
1h,4,0.1,0.1,2.0,all,up,60,9,0.926,-0.04,0.4,4/8,False
1h,4,0.1,0.1,2.0,all,off,87,14,0.977,-0.01,0.414,4/8,False
1h,4,0.1,0.1,2.0,kz,up,42,7,0.823,-0.08,0.381,3/7,False
1h,4,0.1,0.1,2.0,kz,off,61,10,0.933,-0.04,0.41,4/7,False
1h,4,0.1,0.1,3.0,all,up,60,9,1.01,0.01,0.317,4/8,False
1h,4,0.1,0.1,3.0,all,off,87,14,1.204,0.14,0.356,5/8,False
1h,4,0.1,0.1,3.0,kz,up,42,7,0.946,-0.03,0.31,3/7,False
1h,4,0.1,0.1,3.0,kz,off,61,10,1.198,0.13,0.361,4/7,False
1h,4,0.1,0.25,1.0,all,up,60,9,1.044,0.02,0.583,4/8,False
1h,4,0.1,0.25,1.0,all,off,89,14,0.867,-0.06,0.539,5/8,False
1h,4,0.1,0.25,1.0,kz,up,42,7,1.171,0.07,0.619,4/7,False
1h,4,0.1,0.25,1.0,kz,off,62,10,1.002,0.0,0.581,4/7,False
1h,4,0.1,0.25,1.5,all,up,60,9,1.106,0.05,0.483,4/8,False
1h,4,0.1,0.25,1.5,all,off,89,14,1.005,0.0,0.461,6/8,False
1h,4,0.1,0.25,1.5,kz,up,42,7,1.15,0.07,0.5,4/7,False
1h,4,0.1,0.25,1.5,kz,off,62,10,1.082,0.04,0.484,5/7,False
1h,4,0.1,0.25,2.0,all,up,60,9,0.931,-0.03,0.367,4/8,False
1h,4,0.1,0.25,2.0,all,off,89,14,0.946,-0.04,0.371,4/8,False
1h,4,0.1,0.25,2.0,kz,up,42,7,0.967,-0.01,0.381,3/7,False
1h,4,0.1,0.25,2.0,kz,off,62,10,0.999,-0.0,0.387,2/7,False
1h,4,0.1,0.25,3.0,all,up,60,9,0.745,-0.1,0.25,3/8,False
1h,4,0.1,0.25,3.0,all,off,89,14,0.712,-0.13,0.236,3/8,False
1h,4,0.1,0.25,3.0,kz,up,42,7,0.791,-0.09,0.262,2/7,False
1h,4,0.1,0.25,3.0,kz,off,62,10,0.732,-0.13,0.242,3/7,False
1h,4,0.25,0.05,1.0,all,up,81,12,0.739,-0.11,0.506,4/8,False
1h,4,0.25,0.05,1.0,all,off,121,18,0.732,-0.13,0.504,4/8,False
1h,4,0.25,0.05,1.0,all,down,40,6,0.716,-0.1,0.5,3/8,False
1h,4,0.25,0.05,1.0,kz,up,57,9,0.769,-0.12,0.526,3/7,False
1h,4,0.25,0.05,1.0,kz,off,84,13,0.766,-0.11,0.524,4/8,False
1h,4,0.25,0.05,1.5,all,up,81,12,0.918,-0.06,0.444,4/8,False
1h,4,0.25,0.05,1.5,all,off,121,18,0.865,-0.09,0.43,3/8,False
1h,4,0.25,0.05,1.5,all,down,40,6,0.762,-0.1,0.4,3/8,False
1h,4,0.25,0.05,1.5,kz,up,57,9,0.932,-0.06,0.456,4/7,False
1h,4,0.25,0.05,1.5,kz,off,84,13,0.88,-0.08,0.44,4/8,False
1h,4,0.25,0.05,2.0,all,up,81,12,0.976,-0.01,0.383,3/8,False
1h,4,0.25,0.05,2.0,all,off,121,18,0.866,-0.08,0.355,2/8,False
1h,4,0.25,0.05,2.0,all,down,40,6,0.668,-0.16,0.3,3/8,False
1h,4,0.25,0.05,2.0,kz,up,57,9,0.962,-0.02,0.386,3/7,False
1h,4,0.25,0.05,2.0,kz,off,84,13,0.854,-0.1,0.357,2/8,False
1h,4,0.25,0.05,3.0,all,up,81,12,1.012,0.01,0.296,4/8,False
1h,4,0.25,0.05,3.0,all,off,121,18,0.852,-0.09,0.264,4/8,False
1h,4,0.25,0.05,3.0,all,down,40,6,0.565,-0.15,0.2,3/8,False
1h,4,0.25,0.05,3.0,kz,up,57,9,0.988,-0.01,0.298,3/7,False
1h,4,0.25,0.05,3.0,kz,off,84,13,0.885,-0.08,0.274,4/8,False
1h,4,0.25,0.1,1.0,all,up,81,12,0.854,-0.08,0.531,3/8,False
1h,4,0.25,0.1,1.0,all,off,121,18,0.847,-0.1,0.529,3/8,False
1h,4,0.25,0.1,1.0,all,down,40,6,0.832,-0.07,0.525,2/8,False
1h,4,0.25,0.1,1.0,kz,up,57,9,0.934,-0.05,0.561,3/7,False
1h,4,0.25,0.1,1.0,kz,off,84,13,0.932,-0.05,0.56,4/8,False
1h,4,0.25,0.1,1.5,all,up,81,12,0.952,-0.03,0.444,4/8,False
1h,4,0.25,0.1,1.5,all,off,121,18,0.929,-0.07,0.438,4/8,False
1h,4,0.25,0.1,1.5,all,down,40,6,0.883,-0.06,0.425,3/8,False
1h,4,0.25,0.1,1.5,kz,up,57,9,0.972,-0.02,0.456,4/7,False
1h,4,0.25,0.1,1.5,kz,off,84,13,0.964,-0.03,0.452,4/8,False
1h,4,0.25,0.1,2.0,all,up,81,12,0.96,-0.03,0.37,5/8,False
1h,4,0.25,0.1,2.0,all,off,121,18,0.872,-0.08,0.355,4/8,False
1h,4,0.25,0.1,2.0,all,down,40,6,0.704,-0.09,0.325,3/8,False
1h,4,0.25,0.1,2.0,kz,up,57,9,1.0,0.0,0.386,3/7,False
1h,4,0.25,0.1,2.0,kz,off,84,13,0.908,-0.06,0.369,4/8,False
1h,4,0.25,0.1,3.0,all,up,81,12,1.024,0.02,0.309,4/8,False
1h,4,0.25,0.1,3.0,all,off,121,18,0.955,-0.03,0.298,6/8,False
1h,4,0.25,0.1,3.0,all,down,40,6,0.82,-0.06,0.275,3/8,False
1h,4,0.25,0.1,3.0,kz,up,57,9,1.013,0.01,0.298,3/7,False
1h,4,0.25,0.1,3.0,kz,off,84,13,0.985,-0.01,0.298,4/8,False
1h,4,0.25,0.25,1.0,all,up,81,12,0.926,-0.04,0.531,3/8,False
1h,4,0.25,0.25,1.0,all,off,122,19,0.819,-0.1,0.5,2/8,False
1h,4,0.25,0.25,1.0,all,down,41,6,0.643,-0.16,0.439,3/8,False
1h,4,0.25,0.25,1.0,kz,up,57,9,1.097,0.05,0.579,3/7,False
1h,4,0.25,0.25,1.0,kz,off,84,13,0.974,-0.02,0.548,4/8,False
1h,4,0.25,0.25,1.5,all,up,81,12,0.802,-0.1,0.395,3/8,False
1h,4,0.25,0.25,1.5,all,off,122,19,0.704,-0.13,0.369,2/8,False
1h,4,0.25,0.25,1.5,all,down,41,6,0.532,-0.14,0.317,4/8,False
1h,4,0.25,0.25,1.5,kz,up,57,9,0.863,-0.07,0.421,3/7,False
1h,4,0.25,0.25,1.5,kz,off,84,13,0.801,-0.1,0.405,3/8,False
1h,4,0.25,0.25,2.0,all,up,81,12,0.897,-0.06,0.358,3/8,False
1h,4,0.25,0.25,2.0,all,off,122,19,0.8,-0.1,0.336,3/8,False
1h,4,0.25,0.25,2.0,all,down,41,6,0.627,-0.12,0.293,4/8,False
1h,4,0.25,0.25,2.0,kz,up,57,9,0.924,-0.04,0.368,3/7,False
1h,4,0.25,0.25,2.0,kz,off,84,13,0.874,-0.07,0.357,4/8,False
1h,4,0.25,0.25,3.0,all,up,81,12,0.884,-0.05,0.284,5/8,False
1h,4,0.25,0.25,3.0,all,off,122,19,0.822,-0.09,0.27,3/8,False
1h,4,0.25,0.25,3.0,all,down,41,6,0.71,-0.1,0.244,3/8,False
1h,4,0.25,0.25,3.0,kz,up,57,9,0.921,-0.04,0.281,3/7,False
1h,4,0.25,0.25,3.0,kz,off,84,13,0.88,-0.06,0.274,4/8,False
