family,pattern,ts_run,n,net,yr_r,wr,pf,dd,mar,pos_years,years_dict,trades_per_year,gate_trades_yr_ge_200,gate_pf_ge_1p3,gate_mar_ge_1p5,gate_pos_years_ge_7of8,gate_ALL_PASS,notes
btc_fib,long_lb10_fib0.382_tol0.25_sl0.5_tp1.0,1783160478,11775,-11103.463768370288,-1666.2228534779786,0.3363906581740977,0.1301483213732528,-11102.11996326539,-0.1500815032616441,0/8,"{2019: -292.95, 2020: -1573.22, 2021: -971.98, 2022: -1382.55, 2023: -2343.2, 2024: -1791.37, 2025: -1996.97, 2026: -751.21}",1766.9958230145053,True,False,False,False,False,tp1.0 hz288
btc_fib,long_lb10_fib0.382_tol0.25_sl0.5_tp2.0,1783160478,11775,-10130.096179108132,-1520.1560624390038,0.3245010615711252,0.3167378858642075,-10129.660871931974,-0.150069788283946,0/8,"{2019: -265.95, 2020: -1400.22, 2021: -819.98, 2022: -1275.18, 2023: -2161.2, 2024: -1591.37, 2025: -1878.97, 2026: -737.21}",1766.9958230145053,True,False,False,False,False,tp2.0 hz288
btc_fib,long_lb10_fib0.382_tol0.25_sl1.0_tp1.0,1783160478,11775,-5695.358084475431,-854.664453999149,0.4550318471337579,0.3668902946379415,-5694.186181922982,-0.1500942235981684,0/8,"{2019: -157.68, 2020: -750.61, 2021: -539.99, 2022: -687.59, 2023: -1214.48, 2024: -872.01, 2025: -1038.9, 2026: -434.11}",1766.9958230145053,True,False,False,False,False,tp1.0 hz288
btc_fib,long_lb10_fib0.382_tol0.25_sl1.0_tp2.0,1783160478,11775,-5019.045021879484,-753.174657255439,0.3370700636942675,0.5536554049350967,-5020.4018200649025,-0.150022783882606,0/8,"{2019: -159.68, 2020: -546.56, 2021: -454.1, 2022: -625.25, 2023: -1117.29, 2024: -621.73, 2025: -1033.76, 2026: -460.66}",1766.9958230145053,True,False,False,False,False,tp2.0 hz288
btc_fib,long_lb10_fib0.382_tol0.5_sl0.5_tp1.0,1783160478,12589,-11850.069247733509,-1778.220377043628,0.3384700929382794,0.1303476328792471,-11848.725442628636,-0.1500769332240624,0/8,"{2019: -318.14, 2020: -1624.02, 2021: -1021.91, 2022: -1496.48, 2023: -2543.36, 2024: -1910.66, 2025: -2141.75, 2026: -793.76}",1889.1042624821685,True,False,False,False,False,tp1.0 hz288
btc_fib,long_lb10_fib0.382_tol0.5_sl0.5_tp2.0,1783160478,12589,-10850.701658471353,-1628.2553621368309,0.3231392485503217,0.3154741515610736,-10850.27670634129,-0.1500657915189591,0/8,"{2019: -301.14, 2020: -1434.02, 2021: -816.91, 2022: -1411.12, 2023: -2387.36, 2024: -1688.66, 2025: -2040.75, 2026: -770.76}",1889.1042624821685,True,False,False,False,False,tp2.0 hz288
btc_fib,long_lb10_fib0.382_tol0.5_sl1.0_tp1.0,1783160478,12589,-6159.536172626187,-924.2994708571952,0.4521407578044324,0.3628294931883068,-6158.36427007374,-0.1500884699771304,0/8,"{2019: -157.07, 2020: -844.01, 2021: -550.45, 2022: -765.06, 2023: -1301.38, 2024: -945.4, 2025: -1137.29, 2026: -458.88}",1889.1042624821685,True,False,False,False,False,tp1.0 hz288
btc_fib,long_lb10_fib0.382_tol0.5_sl1.0_tp2.0,1783160478,12589,-5426.16484351924,-814.249831982134,0.3356898879974581,0.5495977152356999,-5427.161439372681,-0.1500323587345233,0/8,"{2019: -167.07, 2020: -595.01, 2021: -500.45, 2022: -699.23, 2023: -1174.38, 2024: -735.2, 2025: -1073.29, 2026: -481.53}",1889.1042624821685,True,False,False,False,False,tp2.0 hz288
btc_fib,long_lb10_fib0.618_tol0.25_sl0.5_tp1.0,1783160478,11847,-10559.068223745391,-1584.0002746538526,0.3523254832447033,0.142077034011265,-10557.724418640531,-0.1500323565802844,0/8,"{2019: -287.34, 2020: -1440.74, 2021: -866.58, 2022: -1293.29, 2023: -2219.0, 2024: -1725.74, 2025: -1977.81, 2026: -748.57}",1777.2071224640554,True,False,False,False,False,tp1.0 hz288
btc_fib,long_lb10_fib0.618_tol0.25_sl0.5_tp2.0,1783160478,11847,-9597.877074376138,-1439.8088543188776,0.3377226302017388,0.338487980058584,-9596.533269271262,-0.150034269034344,0/8,"{2019: -277.34, 2020: -1268.74, 2021: -733.58, 2022: -1201.29, 2023: -2075.81, 2024: -1534.74, 2025: -1791.81, 2026: -714.57}",1777.2071224640554,True,False,False,False,False,tp2.0 hz288
btc_fib,long_lb10_fib0.618_tol0.25_sl1.0_tp1.0,1783160478,11847,-5398.118863413167,-809.7894228045456,0.4659407444922765,0.3868732956685589,-5396.946960860739,-0.1500458367809112,0/8,"{2019: -161.17, 2020: -670.37, 2021: -457.29, 2022: -682.65, 2023: -1164.65, 2024: -831.84, 2025: -1000.65, 2026: -429.5}",1777.2071224640554,True,False,False,False,False,tp1.0 hz288
btc_fib,long_lb10_fib0.618_tol0.25_sl1.0_tp2.0,1783160479,11847,-4863.5833073867125,-729.6020000493756,0.3414366506288512,0.5658467840341102,-4863.1105627830175,-0.1500278454767118,0/8,"{2019: -169.17, 2020: -497.52, 2021: -376.24, 2022: -689.89, 2023: -1104.31, 2024: -681.11, 2025: -929.43, 2026: -415.92}",1777.2071224640554,True,False,False,False,False,tp2.0 hz288
btc_fib,long_lb10_fib0.618_tol0.5_sl0.5_tp1.0,1783160479,12640,-11396.282699290674,-1709.5935496575737,0.3513449367088607,0.1399730478992052,-11394.938894185823,-0.150030953700847,0/8,"{2019: -286.97, 2020: -1537.41, 2021: -936.63, 2022: -1436.3, 2023: -2395.67, 2024: -1900.39, 2025: -2102.52, 2026: -800.39}",1896.1676397354315,True,False,False,False,False,tp1.0 hz288
btc_fib,long_lb10_fib0.618_tol0.5_sl0.5_tp2.0,1783160479,12640,-10402.282699290674,-1560.4803665961008,0.3349683544303797,0.3340341139381945,-10400.938894185794,-0.1500326444056335,0/8,"{2019: -260.97, 2020: -1388.41, 2021: -741.63, 2022: -1322.3, 2023: -2236.67, 2024: -1721.39, 2025: -1975.52, 2026: -755.39}",1896.1676397354315,True,False,False,False,False,tp2.0 hz288
btc_fib,long_lb10_fib0.618_tol0.5_sl1.0_tp1.0,1783160479,12640,-5892.982239179593,-884.0254923629739,0.4625,0.3793809442574302,-5891.8103366271735,-0.1500431008220545,0/8,"{2019: -153.5, 2020: -723.21, 2021: -531.32, 2022: -755.65, 2023: -1235.89, 2024: -951.06, 2025: -1098.67, 2026: -443.69}",1896.1676397354315,True,False,False,False,False,tp1.0 hz288
btc_fib,long_lb10_fib0.618_tol0.5_sl1.0_tp2.0,1783160479,12640,-5254.63576913918,-788.26505569921,0.3398734177215189,0.56181644544372,-5254.156169144575,-0.1500269558655975,0/8,"{2019: -200.5, 2020: -516.43, 2021: -447.25, 2022: -719.91, 2023: -1163.12, 2024: -747.9, 2025: -1022.12, 2026: -437.42}",1896.1676397354315,True,False,False,False,False,tp2.0 hz288
btc_fib,long_lb20_fib0.382_tol0.25_sl0.5_tp1.0,1783160479,10725,-9941.27070396024,-1491.9054131157202,0.3444289044289044,0.1337755303978396,-9942.916800203864,-0.1500470579302374,0/8,"{2019: -270.18, 2020: -1488.08, 2021: -776.99, 2022: -1188.95, 2023: -2113.57, 2024: -1547.12, 2025: -1872.53, 2026: -683.85}",1609.521160035609,True,False,False,False,False,tp1.0 hz288
btc_fib,long_lb20_fib0.382_tol0.25_sl0.5_tp2.0,1783160479,10725,-8925.16659862866,-1339.4167363483332,0.3354778554778554,0.3304822458320971,-8926.030792386213,-0.1500573734846218,0/8,"{2019: -258.18, 2020: -1275.08, 2021: -632.99, 2022: -1068.58, 2023: -1963.57, 2024: -1356.12, 2025: -1708.79, 2026: -661.85}",1609.521160035609,True,False,False,False,False,tp2.0 hz288
btc_fib,long_lb20_fib0.382_tol0.25_sl1.0_tp1.0,1783160479,10725,-5060.251836911383,-759.4016229946789,0.4619114219114219,0.3753248615769131,-5060.183933790171,-0.1500739168637044,0/8,"{2019: -144.59, 2020: -693.04, 2021: -394.5, 2022: -586.79, 2023: -1076.07, 2024: -782.06, 2025: -989.78, 2026: -393.42}",1609.521160035609,True,False,False,False,False,tp1.0 hz288
btc_fib,long_lb20_fib0.382_tol0.25_sl1.0_tp2.0,1783160479,10725,-4426.163899279145,-664.2428395035436,0.3423776223776223,0.5653473856324706,-4428.09599615792,-0.1500064226430231,0/8,"{2019: -136.59, 2020: -524.2, 2021: -290.22, 2022: -563.66, 2023: -956.62, 2024: -598.19, 2025: -955.34, 2026: -401.34}",1609.521160035609,True,False,False,False,False,tp2.0 hz288
btc_fib,long_lb20_fib0.382_tol0.5_sl0.5_tp1.0,1783160479,11820,-11002.74865806511,-1650.5817629564765,0.3412013536379019,0.1329676879395971,-11003.031762619006,-0.1500115421427807,0/8,"{2019: -288.29, 2020: -1544.2, 2021: -931.94, 2022: -1370.87, 2023: -2310.8, 2024: -1772.42, 2025: -2047.38, 2026: -736.86}",1773.1820515453333,True,False,False,False,False,tp1.0 hz288
btc_fib,long_lb20_fib0.382_tol0.5_sl0.5_tp2.0,1783160479,11820,-9949.381068802952,-1492.5604006079798,0.3308798646362098,0.3243949910177837,-9948.882270870785,-0.1500229231758053,0/8,"{2019: -286.29, 2020: -1358.2, 2021: -791.94, 2022: -1301.5, 2023: -2136.8, 2024: -1495.42, 2025: -1848.38, 2026: -730.86}",1773.1820515453333,True,False,False,False,False,tp2.0 hz288
btc_fib,long_lb20_fib0.382_tol0.5_sl1.0_tp1.0,1783160480,11820,-5639.598434878042,-846.0266262816326,0.4587140439932318,0.3709358608091248,-5638.416939033188,-0.1500468368035762,0/8,"{2019: -159.15, 2020: -766.6, 2021: -495.47, 2022: -747.75, 2023: -1169.15, 2024: -855.21, 2025: -1021.34, 2026: -424.93}",1773.1820515453333,True,False,False,False,False,tp1.0 hz288
btc_fib,long_lb20_fib0.382_tol0.5_sl1.0_tp2.0,1783160480,11820,-4856.752329244596,-728.5876530471666,0.3430626057529611,0.56705812525073,-4857.502930278506,-0.1499922210042584,0/8,"{2019: -169.91, 2020: -560.6, 2021: -383.2, 2022: -657.4, 2023: -1037.91, 2024: -631.26, 2025: -1002.99, 2026: -413.47}",1773.1820515453333,True,False,False,False,False,tp2.0 hz288
btc_fib,long_lb20_fib0.618_tol0.25_sl0.5_tp1.0,1783160480,10190,-8873.994262813205,-1331.657414689946,0.3634936211972522,0.1475914977392344,-8873.06586657961,-0.1500786125915769,0/8,"{2019: -257.25, 2020: -1179.56, 2021: -708.63, 2022: -1117.3, 2023: -1901.17, 2024: -1381.35, 2025: -1704.83, 2026: -623.91}",1529.141067011324,True,False,False,False,False,tp1.0 hz288
btc_fib,long_lb20_fib0.618_tol0.25_sl0.5_tp2.0,1783160480,10190,-8120.158696532069,-1218.5346549083738,0.3450441609421001,0.346795165220367,-8122.503675753088,-0.1500195879930329,0/8,"{2019: -229.25, 2020: -1085.56, 2021: -608.63, 2022: -1066.3, 2023: -1753.33, 2024: -1221.35, 2025: -1576.83, 2026: -578.91}",1529.141067011324,True,False,False,False,False,tp2.0 hz288
btc_fib,long_lb20_fib0.618_tol0.25_sl1.0_tp1.0,1783160480,10190,-4631.675967231549,-695.0427802338721,0.4694798822374877,0.3872454349772564,-4631.848456842055,-0.1500573230558032,0/8,"{2019: -145.12, 2020: -586.28, 2021: -401.81, 2022: -633.15, 2023: -968.53, 2024: -701.41, 2025: -857.92, 2026: -337.46}",1529.141067011324,True,False,False,False,False,tp1.0 hz288
btc_fib,long_lb20_fib0.618_tol0.25_sl1.0_tp2.0,1783160480,10190,-4116.6341647852205,-617.7541078738903,0.3453385672227674,0.5721585858961709,-4115.452668940344,-0.1501059926010401,0/8,"{2019: -161.12, 2020: -408.31, 2021: -339.81, 2022: -586.2, 2023: -910.37, 2024: -501.92, 2025: -871.59, 2026: -337.32}",1529.141067011324,True,False,False,False,False,tp2.0 hz288
btc_fib,long_lb20_fib0.618_tol0.5_sl0.5_tp1.0,1783160480,11308,-9885.653374565874,-1482.998150019942,0.3600990449239477,0.1454379424822519,-9885.213141002248,-0.1500218689133478,0/8,"{2019: -268.42, 2020: -1354.84, 2021: -790.4, 2022: -1261.9, 2023: -2186.09, 2024: -1531.66, 2025: -1798.38, 2026: -693.97}",1696.3717465120956,True,False,False,False,False,tp1.0 hz288
btc_fib,long_lb20_fib0.618_tol0.5_sl0.5_tp2.0,1783160480,11308,-8834.653374565874,-1325.3321873754237,0.3500176865935621,0.3545972491612559,-8837.199032694229,-0.1499719744312882,0/8,"{2019: -230.42, 2020: -1205.84, 2021: -616.4, 2022: -1146.9, 2023: -1989.09, 2024: -1331.66, 2025: -1645.38, 2026: -668.97}",1696.3717465120956,True,False,False,False,False,tp2.0 hz288
btc_fib,long_lb20_fib0.618_tol0.5_sl1.0_tp1.0,1783160480,11308,-4997.5176535018045,-749.703550592137,0.4746197382384153,0.3968126653315905,-4998.290482565988,-0.1499919929037936,0/8,"{2019: -135.55, 2020: -645.42, 2021: -410.2, 2022: -630.95, 2023: -1113.77, 2024: -742.63, 2025: -937.3, 2026: -381.7}",1696.3717465120956,True,False,False,False,False,tp1.0 hz288
btc_fib,long_lb20_fib0.618_tol0.5_sl1.0_tp2.0,1783160480,11308,-4529.814002211374,-679.5408993903656,0.3463035019455253,0.5750007004158758,-4530.586831275548,-0.1499895984112607,0/8,"{2019: -165.01, 2020: -464.61, 2021: -360.2, 2022: -572.51, 2023: -1073.03, 2024: -574.66, 2025: -931.1, 2026: -388.7}",1696.3717465120956,True,False,False,False,False,tp2.0 hz288
btc_fib,long_lb40_fib0.382_tol0.25_sl0.5_tp1.0,1783160480,9661,-9100.070727838698,-1365.2189117419073,0.3409584929096367,0.1298521368830974,-9098.942086002267,-0.1500414992026543,0/8,"{2019: -253.5, 2020: -1311.48, 2021: -697.57, 2022: -1174.36, 2023: -1923.67, 2024: -1425.77, 2025: -1685.58, 2026: -628.13}",1449.3711423571644,True,False,False,False,False,tp1.0 hz288
btc_fib,long_lb40_fib0.382_tol0.25_sl0.5_tp2.0,1783160481,9661,-8325.97544860943,-1249.0869006509422,0.3286409274402236,0.3172495186041758,-8326.832698465005,-0.1500074453136548,0/8,"{2019: -226.5, 2020: -1229.48, 2021: -584.57, 2022: -1073.36, 2023: -1785.67, 2024: -1260.67, 2025: -1587.58, 2026: -578.13}",1449.3711423571644,True,False,False,False,False,tp2.0 hz288
btc_fib,long_lb40_fib0.382_tol0.25_sl1.0_tp1.0,1783160481,9661,-4586.343601240864,-688.056522572502,0.4615464237656557,0.372128220456473,-4586.821120693717,-0.1500072718049313,0/8,"{2019: -134.75, 2020: -601.24, 2021: -387.29, 2022: -572.18, 2023: -1006.69, 2024: -687.34, 2025: -866.79, 2026: -330.06}",1449.3711423571644,True,False,False,False,False,tp1.0 hz288
btc_fib,long_lb40_fib0.382_tol0.25_sl1.0_tp2.0,1783160481,9661,-3912.7196054583274,-586.9975038077228,0.3477900838422523,0.5724759804812752,-3914.648230386113,-0.1499489786212094,0/8,"{2019: -123.78, 2020: -443.85, 2021: -268.29, 2022: -549.02, 2023: -869.72, 2024: -562.95, 2025: -776.02, 2026: -319.1}",1449.3711423571644,True,False,False,False,False,tp2.0 hz288
btc_fib,long_lb40_fib0.382_tol0.5_sl0.5_tp1.0,1783160481,10862,-10063.603999773706,-1509.7644984200767,0.3473577610016571,0.1345378571505258,-10063.249123578908,-0.1500275388077784,0/8,"{2019: -248.62, 2020: -1415.0, 2021: -807.5, 2022: -1277.22, 2023: -2146.79, 2024: -1607.04, 2025: -1862.81, 2026: -698.62}",1629.5416614373569,True,False,False,False,False,tp1.0 hz288
btc_fib,long_lb40_fib0.382_tol0.5_sl0.5_tp2.0,1783160481,10862,-9201.508720544434,-1380.4310263493192,0.3317989320567114,0.3250409747828818,-9202.371941863576,-0.1500081756171406,0/8,"{2019: -250.62, 2020: -1262.0, 2021: -663.5, 2022: -1184.22, 2023: -2018.79, 2024: -1386.95, 2025: -1740.81, 2026: -694.62}",1629.5416614373569,True,False,False,False,False,tp2.0 hz288
btc_fib,long_lb40_fib0.382_tol0.5_sl1.0_tp1.0,1783160481,10862,-5170.641976831137,-775.7113347102882,0.4605045111397532,0.3725254143421803,-5170.573587490704,-0.1500242326280755,0/8,"{2019: -154.31, 2020: -670.5, 2021: -425.25, 2022: -684.81, 2023: -1137.65, 2024: -731.47, 2025: -953.84, 2026: -412.81}",1629.5416614373569,True,False,False,False,False,tp1.0 hz288
btc_fib,long_lb40_fib0.382_tol0.5_sl1.0_tp2.0,1783160481,10862,-4398.383048720267,-659.8553140167123,0.3465291843122813,0.5720211669813323,-4400.314659379832,-0.1499563929161626,0/8,"{2019: -158.95, 2020: -478.11, 2021: -347.25, 2022: -616.36, 2023: -1003.55, 2024: -552.5, 2025: -855.08, 2026: -386.59}",1629.5416614373569,True,False,False,False,False,tp2.0 hz288
btc_fib,long_lb40_fib0.618_tol0.25_sl0.5_tp1.0,1783160481,7830,-6727.113901299207,-1009.1980414773566,0.3653895274584929,0.144787630069013,-6725.558699912083,-0.150054157060669,0/8,"{2019: -189.12, 2020: -891.34, 2021: -543.86, 2022: -830.9, 2023: -1420.24, 2024: -1121.04, 2025: -1255.82, 2026: -474.81}",1174.6524260933927,True,False,False,False,False,tp1.0 hz288
btc_fib,long_lb40_fib0.618_tol0.25_sl0.5_tp2.0,1783160481,7830,-6022.922751929951,-903.5556606293244,0.3569604086845466,0.3574328387824148,-6021.367550542833,-0.1500582140261256,0/8,"{2019: -166.12, 2020: -802.34, 2021: -422.86, 2022: -746.9, 2023: -1318.05, 2024: -981.04, 2025: -1155.82, 2026: -429.81}",1174.6524260933927,True,False,False,False,False,tp2.0 hz288
btc_fib,long_lb40_fib0.618_tol0.25_sl1.0_tp1.0,1783160481,7830,-3401.73902020124,-510.3270744592525,0.4800766283524904,0.3989946769744301,-3400.4614195076815,-0.1500758313361889,0/8,"{2019: -107.06, 2020: -395.67, 2021: -304.43, 2022: -426.45, 2023: -752.81, 2024: -527.95, 2025: -630.41, 2026: -256.96}",1174.6524260933927,True,False,False,False,False,tp1.0 hz288
btc_fib,long_lb40_fib0.618_tol0.25_sl1.0_tp2.0,1783160481,7830,-2998.64006808729,-449.85438454145486,0.3550446998722861,0.5903772168272735,-2998.1238496669034,-0.1500452973586913,0/8,"{2019: -126.75, 2020: -222.67, 2021: -224.43, 2022: -373.66, 2023: -750.32, 2024: -431.64, 2025: -633.11, 2026: -236.06}",1174.6524260933927,True,False,False,False,False,tp2.0 hz288
btc_fib,long_lb40_fib0.618_tol0.5_sl0.5_tp1.0,1783160481,8981,-7717.255734801674,-1157.738591528472,0.3708941097873288,0.1475757458804949,-7715.700533414544,-0.1500497053397328,0/8,"{2019: -227.0, 2020: -1012.72, 2021: -587.95, 2022: -996.75, 2023: -1679.84, 2024: -1246.97, 2025: -1415.99, 2026: -550.04}",1347.324832534452,True,False,False,False,False,tp1.0 hz288
btc_fib,long_lb40_fib0.618_tol0.5_sl0.5_tp2.0,1783160481,8981,-6969.255734801674,-1045.524030261823,0.3548602605500501,0.356812297034217,-6969.745536770845,-0.1500089242492238,0/8,"{2019: -216.0, 2020: -894.72, 2021: -446.95, 2022: -903.75, 2023: -1580.84, 2024: -1119.97, 2025: -1293.99, 2026: -513.04}",1347.324832534452,True,False,False,False,False,tp2.0 hz288
btc_fib,long_lb40_fib0.618_tol0.5_sl1.0_tp1.0,1783160482,8981,-3923.300253986392,-588.5714127251518,0.47912259213896,0.3996739228930008,-3922.545154970971,-0.1500483460284111,0/8,"{2019: -137.0, 2020: -461.86, 2021: -305.97, 2022: -492.88, 2023: -884.65, 2024: -616.42, 2025: -722.0, 2026: -302.52}",1347.324832534452,True,False,False,False,False,tp1.0 hz288
btc_fib,long_lb40_fib0.618_tol0.5_sl1.0_tp2.0,1783160482,8981,-3500.9662163220296,-525.2130855266511,0.352187952343837,0.5851309199640927,-3499.9589020762296,-0.1500626436542116,0/8,"{2019: -143.0, 2020: -277.86, 2021: -265.33, 2022: -443.41, 2023: -869.93, 2024: -492.37, 2025: -724.17, 2026: -284.9}",1347.324832534452,True,False,False,False,False,tp2.0 hz288
btc_fib,short_lb10_fib0.382_tol0.25_sl0.5_tp1.0,1783160482,10631,-9191.62829699736,-1379.235929728751,0.3579155300536167,0.1574306380766027,-9190.891196391432,-0.1500655268631917,0/8,"{2019: -434.23, 2020: -1022.12, 2021: -679.59, 2022: -1248.5, 2023: -2176.26, 2024: -1252.21, 2025: -1650.73, 2026: -728.01}",1595.2186810835483,True,False,False,False,False,tp1.0 hz288
btc_fib,short_lb10_fib0.382_tol0.25_sl0.5_tp2.0,1783160482,10631,-8555.654890728618,-1283.805898842453,0.3266861066691751,0.3402413227992116,-8555.116024752988,-0.1500629442228424,0/8,"{2019: -420.23, 2020: -929.12, 2021: -605.59, 2022: -1146.5, 2023: -2176.24, 2024: -1132.21, 2025: -1481.77, 2026: -664.01}",1595.2186810835483,True,False,False,False,False,tp2.0 hz288
btc_fib,short_lb10_fib0.382_tol0.25_sl1.0_tp1.0,1783160482,10631,-4876.524358573814,-731.7395123277131,0.4565892202050606,0.3868849717024183,-4875.754925585983,-0.15007717235496,0/8,"{2019: -235.72, 2020: -548.03, 2021: -384.96, 2022: -652.7, 2023: -1194.66, 2024: -636.85, 2025: -860.11, 2026: -363.5}",1595.2186810835483,True,False,False,False,False,tp1.0 hz288
btc_fib,short_lb10_fib0.382_tol0.25_sl1.0_tp2.0,1783160482,10631,-4384.089109268257,-657.847883232025,0.3339290753456871,0.5628336453679893,-4385.708794659932,-0.1499980764872088,0/8,"{2019: -216.14, 2020: -447.16, 2021: -328.31, 2022: -476.89, 2023: -1180.77, 2024: -629.21, 2025: -819.13, 2026: -286.49}",1595.2186810835483,True,False,False,False,False,tp2.0 hz288
btc_fib,short_lb10_fib0.382_tol0.5_sl0.5_tp1.0,1783160482,11461,-10065.86278224268,-1510.4243314304183,0.3547683448215688,0.1539130314245456,-10065.125681636757,-0.1500651237953343,0/8,"{2019: -467.3, 2020: -1126.2, 2021: -737.05, 2022: -1328.02, 2023: -2416.79, 2024: -1385.62, 2025: -1834.67, 2026: -770.21}",1719.7704396549634,True,False,False,False,False,tp1.0 hz288
btc_fib,short_lb10_fib0.382_tol0.5_sl0.5_tp2.0,1783160482,11461,-9184.327277975037,-1378.1462839872788,0.327981851496379,0.3421234905720439,-9183.870059694202,-0.1500616052959668,0/8,"{2019: -473.3, 2020: -1011.2, 2021: -640.05, 2022: -1182.02, 2023: -2318.77, 2024: -1253.62, 2025: -1620.15, 2026: -685.21}",1719.7704396549634,True,False,False,False,False,tp2.0 hz288
btc_fib,short_lb10_fib0.382_tol0.5_sl1.0_tp1.0,1783160482,11461,-5244.2905973713605,-786.9274885542043,0.4576389494808481,0.389274041632039,-5244.102137347966,-0.150059527435552,0/8,"{2019: -267.65, 2020: -606.16, 2021: -414.69, 2022: -656.06, 2023: -1299.34, 2024: -667.66, 2025: -943.12, 2026: -389.61}",1719.7704396549634,True,False,False,False,False,tp1.0 hz288
btc_fib,short_lb10_fib0.382_tol0.5_sl1.0_tp2.0,1783160482,11461,-4778.58877148829,-717.0470039676021,0.3321699677166041,0.5594500686056328,-4780.266390522911,-0.1500014738486498,0/8,"{2019: -239.78, 2020: -524.31, 2021: -368.69, 2022: -513.77, 2023: -1307.14, 2024: -647.33, 2025: -879.39, 2026: -298.18}",1719.7704396549634,True,False,False,False,False,tp2.0 hz288
btc_fib,short_lb10_fib0.618_tol0.25_sl0.5_tp1.0,1783160482,10829,-9217.713399398544,-1383.1343064277994,0.3630067411580017,0.1618332871146257,-9216.976298792631,-0.1500637803103585,0/8,"{2019: -389.03, 2020: -967.48, 2021: -711.59, 2022: -1256.79, 2023: -2188.73, 2024: -1271.01, 2025: -1711.69, 2026: -721.38}",1624.910729518229,True,False,False,False,False,tp1.0 hz288
btc_fib,short_lb10_fib0.618_tol0.25_sl0.5_tp2.0,1783160483,10829,-8282.339776052344,-1242.7798289429363,0.3363191430418321,0.3590805966661671,-8281.129800610714,-0.1500737047801477,0/8,"{2019: -370.03, 2020: -826.48, 2021: -595.59, 2022: -1150.79, 2023: -2110.39, 2024: -1122.01, 2025: -1495.65, 2026: -611.38}",1624.910729518229,True,False,False,False,False,tp2.0 hz288
btc_fib,short_lb10_fib0.618_tol0.25_sl1.0_tp1.0,1783160483,10829,-4706.924288369205,-706.2823694894333,0.4656939698956506,0.4050468768378822,-4706.393131147329,-0.1500687150028317,0/8,"{2019: -193.52, 2020: -497.33, 2021: -383.96, 2022: -642.37, 2023: -1168.83, 2024: -657.36, 2025: -823.37, 2026: -340.19}",1624.910729518229,True,False,False,False,False,tp1.0 hz288
btc_fib,short_lb10_fib0.618_tol0.25_sl1.0_tp2.0,1783160483,10829,-4337.241309773752,-650.810780382405,0.3358574198910333,0.572109148184853,-4338.918471943276,-0.149993779461573,0/8,"{2019: -192.21, 2020: -432.08, 2021: -335.87, 2022: -442.67, 2023: -1192.02, 2024: -656.84, 2025: -810.88, 2026: -274.68}",1624.910729518229,True,False,False,False,False,tp2.0 hz288
btc_fib,short_lb10_fib0.618_tol0.5_sl0.5_tp1.0,1783160483,11603,-9886.29483549449,-1483.4201686534384,0.3623200896319917,0.161919807152075,-9885.55773488855,-0.150059329825983,0/8,"{2019: -436.18, 2020: -1036.24, 2021: -738.33, 2022: -1372.83, 2023: -2389.99, 2024: -1344.01, 2025: -1809.21, 2026: -759.5}",1741.0085884844982,True,False,False,False,False,tp1.0 hz288
btc_fib,short_lb10_fib0.618_tol0.5_sl0.5_tp2.0,1783160483,11603,-8844.574683939349,-1327.111995710676,0.3391364302335602,0.361374415894344,-8843.142520376388,-0.1500724423080077,0/8,"{2019: -397.18, 2020: -918.24, 2021: -616.36, 2022: -1185.83, 2023: -2286.99, 2024: -1183.01, 2025: -1591.46, 2026: -665.5}",1741.0085884844982,True,False,False,False,False,tp2.0 hz288
btc_fib,short_lb10_fib0.618_tol0.5_sl1.0_tp1.0,1783160483,11603,-5008.213959076912,-751.4731979419853,0.4685857105920882,0.4077682867910638,-5006.99787729544,-0.1500845848866023,0/8,"{2019: -207.2, 2020: -549.71, 2021: -366.68, 2022: -656.81, 2023: -1256.47, 2024: -696.6, 2025: -921.99, 2026: -352.75}",1741.0085884844982,True,False,False,False,False,tp1.0 hz288
btc_fib,short_lb10_fib0.618_tol0.5_sl1.0_tp2.0,1783160483,11603,-4556.99411356357,-683.7684986113486,0.3395673532707058,0.5788622263820349,-4556.100829411028,-0.1500775606627082,0/8,"{2019: -220.81, 2020: -473.09, 2021: -336.64, 2022: -431.25, 2023: -1299.45, 2024: -644.87, 2025: -879.21, 2026: -271.67}",1741.0085884844982,True,False,False,False,False,tp2.0 hz288
btc_fib,short_lb20_fib0.382_tol0.25_sl0.5_tp1.0,1783160483,9720,-8555.255698410196,-1283.7331801704695,0.3532921810699588,0.1518254679679947,-8554.516121438553,-0.150064967082509,0/8,"{2019: -373.08, 2020: -943.0, 2021: -618.91, 2022: -1169.48, 2023: -2092.51, 2024: -1102.08, 2025: -1579.95, 2026: -676.25}",1458.505385593057,True,False,False,False,False,tp1.0 hz288
btc_fib,short_lb20_fib0.382_tol0.25_sl0.5_tp2.0,1783160483,9720,-7826.255698410196,-1174.34527625099,0.3297325102880658,0.3407885124337877,-7825.045693741896,-0.1500751972848128,0/8,"{2019: -389.08, 2020: -848.0, 2021: -540.91, 2022: -1067.48, 2023: -1995.51, 2024: -971.08, 2025: -1411.95, 2026: -602.25}",1458.505385593057,True,False,False,False,False,tp2.0 hz288
btc_fib,short_lb20_fib0.382_tol0.25_sl1.0_tp1.0,1783160483,9720,-4392.367781785971,-659.083545806612,0.4624485596707819,0.3920449252634867,-4393.0308732597305,-0.1500293453019957,0/8,"{2019: -212.04, 2020: -478.97, 2021: -348.45, 2022: -581.41, 2023: -1131.96, 2024: -564.04, 2025: -759.37, 2026: -316.12}",1458.505385593057,True,False,False,False,False,tp1.0 hz288
btc_fib,short_lb20_fib0.382_tol0.25_sl1.0_tp2.0,1783160483,9720,-3956.198919119808,-593.6355380672502,0.337037037037037,0.5677271809905027,-3960.750931146237,-0.1498795426390148,0/8,"{2019: -183.88, 2020: -399.27, 2021: -344.8, 2022: -424.59, 2023: -1102.03, 2024: -531.82, 2025: -722.14, 2026: -247.65}",1458.505385593057,True,False,False,False,False,tp2.0 hz288
btc_fib,short_lb20_fib0.382_tol0.5_sl0.5_tp1.0,1783160484,10680,-9452.480951102652,-1418.3676652497952,0.3510299625468164,0.1517788790458827,-9451.743510556516,-0.1500641298259565,0/8,"{2019: -420.67, 2020: -1053.57, 2021: -671.29, 2022: -1294.27, 2023: -2264.62, 2024: -1250.28, 2025: -1715.74, 2026: -782.03}",1602.5598721889776,True,False,False,False,False,tp1.0 hz288
btc_fib,short_lb20_fib0.382_tol0.5_sl0.5_tp2.0,1783160484,10680,-8628.523524591052,-1294.7308573734292,0.3281835205992509,0.3397601020787984,-8627.386919254906,-0.1500721909763665,0/8,"{2019: -430.67, 2020: -930.57, 2021: -535.29, 2022: -1202.27, 2023: -2169.62, 2024: -1123.28, 2025: -1566.79, 2026: -670.03}",1602.5598721889776,True,False,False,False,False,tp2.0 hz288
btc_fib,short_lb20_fib0.382_tol0.5_sl1.0_tp1.0,1783160484,10680,-4866.5362665959,-730.2355559362313,0.4602059925093633,0.389956373030486,-4867.236894508806,-0.1500308227775146,0/8,"{2019: -231.84, 2020: -548.76, 2021: -330.14, 2022: -649.54, 2023: -1247.12, 2024: -658.73, 2025: -834.39, 2026: -366.02}",1602.5598721889776,True,False,False,False,False,tp1.0 hz288
btc_fib,short_lb20_fib0.382_tol0.5_sl1.0_tp2.0,1783160484,10680,-4394.284747583751,-659.3730714840627,0.3352059925093633,0.5640643139055126,-4398.8375963832395,-0.1498971164623592,0/8,"{2019: -206.68, 2020: -489.5, 2021: -308.87, 2022: -481.84, 2023: -1217.42, 2024: -617.8, 2025: -790.58, 2026: -281.59}",1602.5598721889776,True,False,False,False,False,tp2.0 hz288
btc_fib,short_lb20_fib0.618_tol0.25_sl0.5_tp1.0,1783160484,9364,-7733.524003126524,-1160.4141476062025,0.370034173430158,0.1660563515489739,-7732.082957191184,-0.1500778191375928,0/8,"{2019: -344.76, 2020: -835.46, 2021: -600.5, 2022: -1081.46, 2023: -1881.94, 2024: -1093.92, 2025: -1311.74, 2026: -583.76}",1405.066832894228,True,False,False,False,False,tp1.0 hz288
btc_fib,short_lb20_fib0.618_tol0.25_sl0.5_tp2.0,1783160484,9364,-6997.165244313842,-1049.923623351732,0.3437633489961555,0.3682944471121948,-6995.966938634654,-0.1500755553251138,0/8,"{2019: -325.76, 2020: -816.46, 2021: -464.5, 2022: -908.46, 2023: -1815.53, 2024: -1009.92, 2025: -1151.8, 2026: -504.76}",1405.066832894228,True,False,False,False,False,tp2.0 hz288
btc_fib,short_lb20_fib0.618_tol0.25_sl1.0_tp1.0,1783160484,9364,-3954.097976109968,-593.3118240331387,0.4735155916275096,0.416195183070908,-3953.952815809711,-0.1500553627399919,0/8,"{2019: -189.38, 2020: -480.23, 2021: -303.02, 2022: -519.39, 2023: -1026.15, 2024: -531.39, 2025: -615.9, 2026: -288.63}",1405.066832894228,True,False,False,False,False,tp1.0 hz288
btc_fib,short_lb20_fib0.618_tol0.25_sl1.0_tp2.0,1783160484,9364,-3550.609501229775,-532.7684372850358,0.3448312686885946,0.5912125190175039,-3553.9955986862274,-0.149906892817194,0/8,"{2019: -178.19, 2020: -403.54, 2021: -271.86, 2022: -342.99, 2023: -1032.21, 2024: -510.22, 2025: -585.7, 2026: -225.9}",1405.066832894228,True,False,False,False,False,tp2.0 hz288
btc_fib,short_lb20_fib0.618_tol0.5_sl0.5_tp1.0,1783160484,10459,-8633.327807075264,-1295.42588133192,0.3727889855626733,0.1670496663330425,-8631.895643512315,-0.1500743214273628,0/8,"{2019: -364.17, 2020: -932.68, 2021: -645.81, 2022: -1191.91, 2023: -2089.86, 2024: -1193.04, 2025: -1556.52, 2026: -659.36}",1569.3669458197644,True,False,False,False,False,tp1.0 hz288
btc_fib,short_lb20_fib0.618_tol0.5_sl0.5_tp2.0,1783160484,10459,-7786.842598491734,-1168.4112617242768,0.3447748350702744,0.3698388237799289,-7785.568777972895,-0.1500739759733382,0/8,"{2019: -333.17, 2020: -854.68, 2021: -513.81, 2022: -1082.91, 2023: -2024.44, 2024: -1018.04, 2025: -1387.45, 2026: -572.36}",1569.3669458197644,True,False,False,False,False,tp2.0 hz288
btc_fib,short_lb20_fib0.618_tol0.5_sl1.0_tp1.0,1783160484,10459,-4412.779601257292,-662.1350459318207,0.4728941581413137,0.416018246128769,-4412.642690997873,-0.1500540814878636,0/8,"{2019: -183.08, 2020: -519.34, 2021: -322.68, 2022: -621.12, 2023: -1131.52, 2024: -586.13, 2025: -728.23, 2026: -320.68}",1569.3669458197644,True,False,False,False,False,tp1.0 hz288
btc_fib,short_lb20_fib0.618_tol0.5_sl1.0_tp2.0,1783160484,10459,-4056.502885291772,-608.6759292283593,0.3421933263218281,0.5837473748826222,-4060.2620843123127,-0.1499105024722686,0/8,"{2019: -163.93, 2020: -422.52, 2021: -302.98, 2022: -433.2, 2023: -1194.94, 2024: -570.41, 2025: -710.34, 2026: -258.19}",1569.3669458197644,True,False,False,False,False,tp2.0 hz288
btc_fib,short_lb40_fib0.382_tol0.25_sl0.5_tp1.0,1783160485,8793,-7719.125658339357,-1158.2619390165405,0.3533492550892755,0.1518904830921312,-7717.693494776406,-0.1500787689742396,0/8,"{2019: -336.53, 2020: -866.25, 2021: -546.82, 2022: -1066.99, 2023: -1844.91, 2024: -1062.14, 2025: -1388.95, 2026: -606.53}",1319.397776452766,True,False,False,False,False,tp1.0 hz288
btc_fib,short_lb40_fib0.382_tol0.25_sl0.5_tp2.0,1783160485,8793,-6934.258720912957,-1040.4919296850628,0.3359490503809849,0.3483334549057133,-6932.826557350005,-0.1500819212882168,0/8,"{2019: -335.53, 2020: -728.25, 2021: -425.82, 2022: -946.99, 2023: -1787.91, 2024: -935.27, 2025: -1257.95, 2026: -516.53}",1319.397776452766,True,False,False,False,False,tp2.0 hz288
btc_fib,short_lb40_fib0.382_tol0.25_sl1.0_tp1.0,1783160485,8793,-3976.367045279904,-596.6575500855636,0.4626407369498465,0.3909827350653466,-3976.208503556686,-0.1500569071143674,0/8,"{2019: -187.27, 2020: -430.08, 2021: -294.9, 2022: -559.49, 2023: -1025.81, 2024: -505.64, 2025: -702.98, 2026: -270.2}",1319.397776452766,True,False,False,False,False,tp1.0 hz288
btc_fib,short_lb40_fib0.382_tol0.25_sl1.0_tp2.0,1783160485,8793,-3527.05716581798,-529.2381874220446,0.3407255771636529,0.5733598512091398,-3531.668744755745,-0.1498549908475766,0/8,"{2019: -150.11, 2020: -367.51, 2021: -275.8, 2022: -409.76, 2023: -1002.55, 2024: -439.01, 2025: -664.9, 2026: -217.42}",1319.397776452766,True,False,False,False,False,tp2.0 hz288
btc_fib,short_lb40_fib0.382_tol0.5_sl0.5_tp1.0,1783160485,9875,-8701.844892570847,-1305.7198683378635,0.3518987341772152,0.1512696037614331,-8701.107452024718,-0.1500636413855602,0/8,"{2019: -380.2, 2020: -994.87, 2021: -622.12, 2022: -1232.44, 2023: -2024.33, 2024: -1159.58, 2025: -1565.67, 2026: -722.64}",1481.7528764325104,True,False,False,False,False,tp1.0 hz288
btc_fib,short_lb40_fib0.382_tol0.5_sl0.5_tp2.0,1783160485,9875,-7861.844892570847,-1179.677092013478,0.3315443037974683,0.3454947162261605,-7860.412729007916,-0.1500782634046709,0/8,"{2019: -381.2, 2020: -857.87, 2021: -482.12, 2022: -1136.44, 2023: -1940.33, 2024: -1010.58, 2025: -1389.67, 2026: -663.64}",1481.7528764325104,True,False,False,False,False,tp2.0 hz288
btc_fib,short_lb40_fib0.382_tol0.5_sl1.0_tp1.0,1783160485,9875,-4472.213196268755,-671.05972330032,0.4605569620253164,0.391516453665469,-4471.570954885944,-0.1500724756625128,0/8,"{2019: -218.1, 2020: -488.32, 2021: -305.73, 2022: -668.41, 2023: -1082.21, 2024: -572.2, 2025: -760.77, 2026: -376.48}",1481.7528764325104,True,False,False,False,False,tp1.0 hz288
btc_fib,short_lb40_fib0.382_tol0.5_sl1.0_tp2.0,1783160485,9875,-4006.8069067617985,-601.2250794333108,0.3376202531645569,0.5690428463751974,-4008.6384529766697,-0.1499823659544209,0/8,"{2019: -206.94, 2020: -392.9, 2021: -265.97, 2022: -507.7, 2023: -1063.61, 2024: -567.1, 2025: -697.41, 2026: -305.17}",1481.7528764325104,True,False,False,False,False,tp2.0 hz288
btc_fib,short_lb40_fib0.618_tol0.25_sl0.5_tp1.0,1783160485,7382,-6022.6671422398995,-903.7054817272256,0.3776754267136277,0.1710927211875464,-6023.215771696816,-0.150037042666436,0/8,"{2019: -246.8, 2020: -659.44, 2021: -418.33, 2022: -849.13, 2023: -1511.62, 2024: -779.55, 2025: -1122.5, 2026: -435.3}",1107.6743423727216,True,False,False,False,False,tp1.0 hz288
btc_fib,short_lb40_fib0.618_tol0.25_sl0.5_tp2.0,1783160485,7382,-5481.709715728297,-822.5344357149147,0.3518016797615822,0.3735222731179308,-5480.271198990472,-0.1500900969766669,0/8,"{2019: -239.8, 2020: -672.44, 2021: -328.33, 2022: -781.13, 2023: -1406.62, 2024: -653.55, 2025: -1020.54, 2026: -379.3}",1107.6743423727216,True,False,False,False,False,tp2.0 hz288
btc_fib,short_lb40_fib0.618_tol0.25_sl1.0_tp1.0,1783160485,7382,-3164.603493868488,-474.8510016176097,0.4745326469791384,0.4109792519271874,-3164.8842354995854,-0.1500373998806478,0/8,"{2019: -139.15, 2020: -411.72, 2021: -204.67, 2022: -461.81, 2023: -807.47, 2024: -396.37, 2025: -537.27, 2026: -206.15}",1107.6743423727216,True,False,False,False,False,tp1.0 hz288
btc_fib,short_lb40_fib0.618_tol0.25_sl1.0_tp2.0,1783160485,7382,-2799.4328125960305,-420.05688156447127,0.3470604172311027,0.5922509238650809,-2801.713554227117,-0.149928561016063,0/8,"{2019: -140.15, 2020: -277.14, 2021: -156.05, 2022: -356.1, 2023: -844.75, 2024: -331.56, 2025: -521.55, 2026: -172.15}",1107.6743423727216,True,False,False,False,False,tp2.0 hz288
btc_fib,short_lb40_fib0.618_tol0.5_sl0.5_tp1.0,1783160485,8551,-7108.585727536242,-1066.6498581411563,0.370366039059759,0.1648044845691033,-7111.032954196019,-0.1499992849156684,0/8,"{2019: -293.79, 2020: -776.39, 2021: -478.83, 2022: -1051.03, 2023: -1709.31, 2024: -979.83, 2025: -1268.85, 2026: -550.54}",1283.0854527974072,True,False,False,False,False,tp1.0 hz288
btc_fib,short_lb40_fib0.618_tol0.5_sl0.5_tp2.0,1783160486,8551,-6462.181160133381,-969.6562553980368,0.3458075078938136,0.3649107783510563,-6463.880536864637,-0.150011475284532,0/8,"{2019: -273.79, 2020: -739.39, 2021: -382.87, 2022: -976.03, 2023: -1649.91, 2024: -821.83, 2025: -1137.82, 2026: -480.54}",1283.0854527974072,True,False,False,False,False,tp2.0 hz288
btc_fib,short_lb40_fib0.618_tol0.5_sl1.0_tp1.0,1783160486,8551,-3712.9694186094594,-557.1344927727101,0.4708221260671266,0.4060968076900175,-3713.3191069750897,-0.1500367936938654,0/8,"{2019: -165.9, 2020: -434.42, 2021: -230.93, 2022: -545.16, 2023: -946.54, 2024: -498.87, 2025: -644.41, 2026: -246.74}",1283.0854527974072,True,False,False,False,False,tp1.0 hz288
btc_fib,short_lb40_fib0.618_tol0.5_sl1.0_tp2.0,1783160486,8551,-3305.197566217496,-495.9479494603046,0.3446380540287685,0.5859577203748424,-3307.5472545831212,-0.1499443277108411,0/8,"{2019: -152.68, 2020: -375.41, 2021: -156.8, 2022: -363.24, 2023: -960.89, 2024: -445.92, 2025: -654.51, 2026: -195.74}",1283.0854527974072,True,False,False,False,False,tp2.0 hz288
btc_ema_pullback,long_sl0.5_any_tp1.0,1783160486,15081,-14212.387255786558,-2132.2533555026735,0.3371792321464094,0.1273438209696936,-14211.305868002824,-0.1500392275915688,0/8,"{2019: -538.09, 2020: -1831.18, 2021: -1046.37, 2022: -1936.94, 2023: -3246.75, 2024: -2084.01, 2025: -2521.03, 2026: -1008.02}",2262.569424516865,True,False,False,False,False,tp1.0 hz288
btc_ema_pullback,long_sl0.5_any_tp2.0,1783160486,15081,-12856.156030593653,-1928.780952963285,0.3334659505337842,0.3201392923020421,-12856.247807824238,-0.150026740445174,0/8,"{2019: -495.09, 2020: -1653.18, 2021: -858.37, 2022: -1748.94, 2023: -3010.52, 2024: -1842.01, 2025: -2281.03, 2026: -967.02}",2262.569424516865,True,False,False,False,False,tp2.0 hz288
btc_ema_pullback,long_sl0.5_trend_tp1.0,1783160486,6424,-5731.9153526759565,-860.1589492646539,0.3527397260273973,0.1360323793797988,-5730.360151288839,-0.1501055651923015,0/8,"{2019: -168.75, 2020: -832.45, 2021: -458.28, 2022: -694.6, 2023: -1175.1, 2024: -941.77, 2025: -1092.55, 2026: -368.41}",964.0165198002218,True,False,False,False,False,tp1.0 hz288
btc_ema_pullback,long_sl0.5_trend_tp2.0,1783160486,6424,-5125.9153526759565,-769.2196573905981,0.351027397260274,0.342911751873556,-5124.360151288852,-0.15011038152678,0/8,"{2019: -150.75, 2020: -727.45, 2021: -390.28, 2022: -620.6, 2023: -1100.1, 2024: -789.77, 2025: -991.55, 2026: -355.41}",964.0165198002218,True,False,False,False,False,tp2.0 hz288
btc_ema_pullback,long_sl1.0_any_tp1.0,1783160486,15081,-7224.77971099164,-1083.9178882673216,0.4606458457661959,0.3667698963385018,-7225.825599606957,-0.150006095957572,0/8,"{2019: -263.54, 2020: -877.59, 2021: -546.69, 2022: -1018.72, 2023: -1674.01, 2024: -1008.5, 2025: -1305.52, 2026: -530.21}",2262.569424516865,True,False,False,False,False,tp1.0 hz288
btc_ema_pullback,long_sl1.0_any_tp2.0,1783160486,15081,-6309.647966212459,-946.6226754072896,0.3457993501757178,0.5608270404182509,-6316.416281721275,-0.1498670501098333,0/8,"{2019: -256.9, 2020: -605.08, 2021: -475.48, 2022: -959.39, 2023: -1579.55, 2024: -748.99, 2025: -1212.0, 2026: -472.27}",2262.569424516865,True,False,False,False,False,tp2.0 hz288
btc_ema_pullback,long_sl1.0_trend_tp1.0,1783160486,6424,-2899.43784467446,-435.10367067249825,0.4744707347447073,0.3841947858279667,-2898.1602439809008,-0.1501309914026153,0/8,"{2019: -93.38, 2020: -383.73, 2021: -245.14, 2022: -341.3, 2023: -639.03, 2024: -444.38, 2025: -547.77, 2026: -204.7}",964.0165198002218,True,False,False,False,False,tp1.0 hz288
btc_ema_pullback,long_sl1.0_trend_tp2.0,1783160486,6424,-2515.039677742421,-377.4190219951308,0.3544520547945205,0.5827351249229829,-2515.7755422004375,-0.1500209441041863,0/8,"{2019: -108.38, 2020: -221.73, 2021: -167.14, 2022: -332.98, 2023: -626.0, 2024: -331.9, 2025: -525.21, 2026: -201.7}",964.0165198002218,True,False,False,False,False,tp2.0 hz288
btc_ema_pullback,long_sl1.5_any_tp1.0,1783160486,15081,-4676.5470837314515,-701.612124127332,0.4897553212651681,0.5284613276043341,-4679.8261097621635,-0.1499226910725939,0/8,"{2019: -178.97, 2020: -496.35, 2021: -377.44, 2022: -677.56, 2023: -1096.0, 2024: -588.44, 2025: -892.83, 2026: -368.95}",2262.569424516865,True,False,False,False,False,tp1.0 hz288
btc_ema_pullback,long_sl1.5_any_tp2.0,1783160486,15081,-3578.0684763452637,-536.8097827336675,0.3599893906239639,0.7143298573076555,-3588.85128826902,-0.1495770483687504,0/8,"{2019: -161.87, 2020: -161.46, 2021: -268.82, 2022: -545.1, 2023: -905.59, 2024: -419.94, 2025: -839.62, 2026: -275.66}",2262.569424516865,True,False,False,False,False,tp2.0 hz288
btc_ema_pullback,long_sl1.5_trend_tp1.0,1783160486,6424,-1904.8204107104616,-285.8465664971246,0.4982876712328767,0.5422853250925385,-1904.0812221401295,-0.1501230951565405,0/8,"{2019: -85.04, 2020: -207.61, 2021: -182.24, 2022: -236.7, 2023: -447.13, 2024: -237.0, 2025: -392.06, 2026: -117.04}",964.0165198002218,True,False,False,False,False,tp1.0 hz288
btc_ema_pullback,long_sl1.5_trend_tp2.0,1783160486,6424,-1525.603528892049,-228.93944653135904,0.3594333748443337,0.7144305796966566,-1525.3364521020155,-0.1500911134824485,0/8,"{2019: -87.9, 2020: -72.3, 2021: -173.79, 2022: -177.67, 2023: -404.45, 2024: -178.49, 2025: -368.86, 2026: -62.14}",964.0165198002218,True,False,False,False,False,tp2.0 hz288
btc_ema_pullback,short_sl0.5_any_tp1.0,1783160486,14897,-14505.882726615897,-2176.133759144236,0.3271128415117137,0.1199344289884622,-14505.358698103157,-0.1500227470713155,0/8,"{2019: -524.63, 2020: -1934.0, 2021: -1088.57, 2022: -1967.73, 2023: -3294.39, 2024: -2209.84, 2025: -2520.07, 2026: -966.65}",2234.808127222087,True,False,False,False,False,tp1.0 hz288
btc_ema_pullback,short_sl0.5_any_tp2.0,1783160487,14897,-13194.882726615897,-1979.461042839735,0.3263744378062697,0.3060352613616048,-13197.226980234447,-0.1499906795423299,0/8,"{2019: -473.63, 2020: -1838.0, 2021: -861.57, 2022: -1812.73, 2023: -3063.39, 2024: -1997.84, 2025: -2268.07, 2026: -879.65}",2234.808127222087,True,False,False,False,False,tp2.0 hz288
btc_ema_pullback,short_sl0.5_trend_tp1.0,1783160487,5844,-5122.373601334685,-768.6147001780176,0.3542094455852156,0.1490794938545551,-5120.923085051795,-0.1500929983544643,0/8,"{2019: -278.57, 2020: -532.98, 2021: -392.86, 2022: -755.71, 2023: -1197.99, 2024: -710.63, 2025: -892.75, 2026: -360.88}",876.8950993090306,True,False,False,False,False,tp1.0 hz288
btc_ema_pullback,short_sl0.5_trend_tp2.0,1783160487,5844,-4654.373601334685,-698.3910679951589,0.3374401095140314,0.3434258855517728,-4652.923085051795,-0.1500972733116616,0/8,"{2019: -257.57, 2020: -488.98, 2021: -306.86, 2022: -719.71, 2023: -1099.99, 2024: -648.63, 2025: -808.75, 2026: -323.88}",876.8950993090306,True,False,False,False,False,tp2.0 hz288
btc_ema_pullback,short_sl1.0_any_tp1.0,1783160487,14897,-7450.331081254633,-1117.6787575272317,0.4532456199234745,0.3518621514852876,-7454.044294665277,-0.1499425967091628,0/8,"{2019: -267.32, 2020: -1040.0, 2021: -502.79, 2022: -1033.37, 2023: -1640.01, 2024: -1188.42, 2025: -1302.18, 2026: -476.26}",2234.808127222087,True,False,False,False,False,tp1.0 hz288
btc_ema_pullback,short_sl1.0_any_tp2.0,1783160487,14897,-6627.736211572855,-994.2752735924776,0.3373162381687588,0.5400906468057132,-6628.100501621792,-0.1500090822927615,0/8,"{2019: -273.18, 2020: -915.85, 2021: -388.79, 2022: -828.64, 2023: -1606.29, 2024: -1085.24, 2025: -1155.41, 2026: -374.35}",2234.808127222087,True,False,False,False,False,tp2.0 hz288
btc_ema_pullback,short_sl1.0_trend_tp1.0,1783160487,5844,-2684.7081338834387,-402.8417874191444,0.4616700889801506,0.3831400954093882,-2685.0107021051895,-0.1500335872416803,0/8,"{2019: -148.79, 2020: -303.49, 2021: -208.93, 2022: -423.35, 2023: -641.08, 2024: -329.32, 2025: -455.87, 2026: -173.88}",876.8950993090306,True,False,False,False,False,tp1.0 hz288
btc_ema_pullback,short_sl1.0_trend_tp2.0,1783160487,5844,-2356.778228624713,-353.63574244339986,0.3408624229979466,0.5708926417547064,-2359.0807968464683,-0.1499040401312778,0/8,"{2019: -156.79, 2020: -221.52, 2021: -172.93, 2022: -306.9, 2023: -662.62, 2024: -295.06, 2025: -424.09, 2026: -116.88}",876.8950993090306,True,False,False,False,False,tp2.0 hz288
btc_ema_pullback,short_sl1.5_any_tp1.0,1783160487,14897,-5058.987712731634,-758.9358163341163,0.4757333691347251,0.4982037597516354,-5060.897239430933,-0.1499607244385491,0/8,"{2019: -181.63, 2020: -736.35, 2021: -378.89, 2022: -653.74, 2023: -1116.86, 2024: -856.01, 2025: -865.16, 2026: -270.36}",2234.808127222087,True,False,False,False,False,tp1.0 hz288
btc_ema_pullback,short_sl1.5_any_tp2.0,1783160487,14897,-4338.623791095568,-650.8687460092285,0.3404041082097067,0.6601034618411877,-4341.40741573369,-0.1499211393177281,0/8,"{2019: -180.26, 2020: -629.64, 2021: -245.09, 2022: -445.11, 2023: -1133.68, 2024: -775.59, 2025: -728.93, 2026: -200.33}",2234.808127222087,True,False,False,False,False,tp2.0 hz288
btc_ema_pullback,short_sl1.5_trend_tp1.0,1783160487,5844,-1842.7588496697208,-276.5068796173382,0.4782683093771389,0.5238857184039473,-1843.2938951508904,-0.1500069415651721,0/8,"{2019: -99.31, 2020: -215.41, 2021: -160.29, 2022: -248.69, 2023: -444.16, 2024: -259.45, 2025: -308.21, 2026: -107.25}",876.8950993090306,True,False,False,False,False,tp1.0 hz288
btc_ema_pullback,short_sl1.5_trend_tp2.0,1783160487,5844,-1634.6792143217808,-245.28442710148977,0.3370978781656399,0.6694748366277792,-1644.241272719989,-0.1491778798957695,0/8,"{2019: -112.41, 2020: -194.06, 2021: -119.52, 2022: -111.78, 2023: -472.99, 2024: -264.83, 2025: -302.04, 2026: -57.05}",876.8950993090306,True,False,False,False,False,tp2.0 hz288
btc_pdh_break,long_sl0.5_any_tp1.0,1783160487,2267,-1930.9099753187888,-289.9722501580858,0.3625937362152625,0.1521321154661855,-1929.21926194768,-0.1503054919041907,0/8,"{2019: -26.72, 2020: -229.66, 2021: -176.0, 2022: -300.49, 2023: -313.8, 2024: -278.25, 2025: -463.71, 2026: -142.29}",340.4441944528515,True,False,False,False,False,tp1.0 hz288
btc_pdh_break,long_sl0.5_any_tp2.0,1783160488,2267,-1608.9099753187888,-241.6162595917787,0.3568592853992059,0.3826653025324031,-1607.4024170442456,-0.15031472954736,0/8,"{2019: -21.72, 2020: -162.66, 2021: -158.0, 2022: -268.49, 2023: -232.8, 2024: -240.25, 2025: -404.71, 2026: -120.29}",340.4441944528515,True,False,False,False,False,tp2.0 hz288
btc_pdh_break,long_sl0.5_any_tp3.0,1783160488,2267,-1366.3563064916805,-205.1910331270991,0.3003970004411116,0.5215083875944301,-1367.658815494716,-0.1500308635475555,0/8,"{2019: -8.72, 2020: -99.66, 2021: -112.0, 2022: -282.25, 2023: -195.49, 2024: -218.25, 2025: -355.71, 2026: -94.29}",340.4441944528515,True,False,False,False,False,tp3.0 hz288
btc_pdh_break,long_sl0.5_trend_tp1.0,1783160488,1878,-1660.1181550605972,-249.3063908231844,0.356762513312034,0.1419686460672022,-1658.427441689489,-0.1503269811847835,0/8,"{2019: -21.56, 2020: -195.0, 2021: -156.58, 2022: -265.65, 2023: -275.81, 2024: -247.13, 2025: -374.69, 2026: -123.69}",282.02655367554263,True,False,False,False,False,tp1.0 hz288
btc_pdh_break,long_sl0.5_trend_tp2.0,1783160489,1878,-1367.118155060597,-205.30544288551985,0.3519701810436634,0.3717945320662129,-1366.9864454688009,-0.1501883530491858,0/8,"{2019: -13.56, 2020: -138.0, 2021: -130.58, 2022: -232.65, 2023: -204.81, 2024: -212.13, 2025: -328.69, 2026: -106.69}",282.02655367554263,True,False,False,False,False,tp2.0 hz288
btc_pdh_break,long_sl0.5_trend_tp3.0,1783160489,1878,-1141.1004502277312,-171.36348635534458,0.3003194888178914,0.5182861318559244,-1148.3107980541297,-0.1492309282867744,0/8,"{2019: -1.56, 2020: -85.0, 2021: -88.58, 2022: -243.4, 2023: -155.81, 2024: -190.36, 2025: -276.69, 2026: -99.69}",282.02655367554263,True,False,False,False,False,tp3.0 hz288
btc_pdh_break,long_sl1.0_any_tp1.0,1783160489,2267,-973.2052266794124,-146.15000857264107,0.4728716365240406,0.4057561746880296,-973.1788713131504,-0.150177950714687,0/8,"{2019: -5.36, 2020: -92.33, 2021: -124.5, 2022: -172.25, 2023: -151.65, 2024: -143.12, 2025: -220.85, 2026: -63.15}",340.4441944528515,True,False,False,False,False,tp1.0 hz288
btc_pdh_break,long_sl1.0_any_tp2.0,1783160490,2267,-728.0108491677973,-109.32821662896654,0.3612704014115571,0.6404430456608736,-754.5472410202386,-0.1448924741692006,1/8,"{2019: 5.64, 2020: -37.33, 2021: -66.5, 2022: -180.62, 2023: -100.99, 2024: -114.86, 2025: -183.2, 2026: -50.15}",340.4441944528515,True,False,False,False,False,tp2.0 hz288
btc_pdh_break,long_sl1.0_any_tp3.0,1783160490,2267,-614.2150713977016,-92.23906272730092,0.2858403176003529,0.7283070487446104,-643.7415172664827,-0.1432858690223606,1/8,"{2019: 10.64, 2020: -36.61, 2021: -21.68, 2022: -172.98, 2023: -82.49, 2024: -106.39, 2025: -152.28, 2026: -52.43}",340.4441944528515,True,False,False,False,False,tp3.0 hz288
btc_pdh_break,long_sl1.0_trend_tp1.0,1783160490,1878,-839.3093165503165,-126.0423397308098,0.4664536741214057,0.3906714032578616,-837.9639598647623,-0.1504149889109211,0/8,"{2019: -6.78, 2020: -73.0, 2021: -102.29, 2022: -154.82, 2023: -126.16, 2024: -130.07, 2025: -187.85, 2026: -58.35}",282.02655367554263,True,False,False,False,False,tp1.0 hz288
btc_pdh_break,long_sl1.0_trend_tp2.0,1783160491,1878,-634.6268728066065,-95.30438221913428,0.3562300319488818,0.6251797682197188,-658.5114641722894,-0.144726990195875,1/8,"{2019: 2.22, 2020: -24.0, 2021: -50.29, 2022: -163.2, 2023: -80.67, 2024: -102.14, 2025: -160.2, 2026: -56.35}",282.02655367554263,True,False,False,False,False,tp2.0 hz288
btc_pdh_break,long_sl1.0_trend_tp3.0,1783160491,1878,-520.3200176350384,-78.13847783919459,0.284877529286475,0.723592446909405,-562.8386856755474,-0.1388292593026168,2/8,"{2019: 7.22, 2020: 0.71, 2021: -4.29, 2022: -157.55, 2023: -63.87, 2024: -106.6, 2025: -137.6, 2026: -58.35}",282.02655367554263,True,False,False,False,False,tp3.0 hz288
btc_pdh_break,long_sl1.5_any_tp1.0,1783160491,2267,-695.0036465344027,-104.37139681790872,0.4777238641376268,0.5330107802526916,-698.730673271209,-0.1493728568251897,0/8,"{2019: -2.24, 2020: -65.85, 2021: -84.0, 2022: -145.91, 2023: -95.13, 2024: -117.57, 2025: -149.54, 2026: -34.76}",340.4441944528515,True,False,False,False,False,tp1.0 hz288
btc_pdh_break,long_sl1.5_any_tp2.0,1783160492,2267,-487.6160491347089,-73.2271958755836,0.3542126157917953,0.7348461445457396,-517.0692458114486,-0.1416197085182788,1/8,"{2019: 0.73, 2020: -24.09, 2021: -38.6, 2022: -139.29, 2023: -46.14, 2024: -87.08, 2025: -121.33, 2026: -31.81}",340.4441944528515,True,False,False,False,False,tp2.0 hz288
btc_pdh_break,long_sl1.5_any_tp3.0,1783160492,2267,-407.15043103160355,-61.14336149699407,0.2840758711954124,0.8001254041361738,-451.4318002597935,-0.13544318646096,1/8,"{2019: -6.16, 2020: 8.68, 2021: -32.56, 2022: -125.18, 2023: -25.37, 2024: -80.85, 2025: -127.11, 2026: -18.61}",340.4441944528515,True,False,False,False,False,tp3.0 hz288
btc_pdh_break,long_sl1.5_trend_tp1.0,1783160492,1878,-594.9066154061782,-89.33943690190942,0.4733759318423855,0.5217532326769692,-595.4040959813296,-0.1500484083077434,0/8,"{2019: -4.52, 2020: -54.3, 2021: -71.53, 2022: -121.13, 2023: -78.06, 2024: -107.61, 2025: -117.2, 2026: -40.56}",282.02655367554263,True,False,False,False,False,tp1.0 hz288
btc_pdh_break,long_sl1.5_trend_tp2.0,1783160493,1878,-421.8794764896146,-63.35527945729932,0.3509052183173589,0.7254369121452703,-445.1348464089997,-0.1423282853912701,0/8,"{2019: -0.55, 2020: -3.58, 2021: -35.53, 2022: -117.16, 2023: -40.74, 2024: -87.55, 2025: -101.21, 2026: -35.56}",282.02655367554263,True,False,False,False,False,tp2.0 hz288
btc_pdh_break,long_sl1.5_trend_tp3.0,1783160493,1878,-355.23024464993557,-53.34630546322747,0.2811501597444089,0.7908947261729011,-433.9110200433791,-0.1229429606509977,1/8,"{2019: -4.73, 2020: 49.93, 2021: -36.48, 2022: -101.75, 2023: -26.1, 2024: -84.32, 2025: -120.42, 2026: -31.36}",282.02655367554263,True,False,False,False,False,tp3.0 hz288
btc_pdh_break,short_sl0.5_any_tp1.0,1783160493,1947,-1557.0397892264298,-234.0395459879694,0.3980482794042116,0.1885539291066646,-1555.8143706542198,-0.1504289653074459,0/8,"{2019: -49.37, 2020: -151.06, 2021: -99.13, 2022: -248.24, 2023: -351.53, 2024: -220.06, 2025: -319.97, 2026: -117.67}",292.6546894893196,True,False,False,False,False,tp1.0 hz288
btc_pdh_break,short_sl0.5_any_tp2.0,1783160494,1947,-1295.0397892264295,-194.65817534277073,0.3554185927067283,0.4182525222178174,-1293.4270978817915,-0.150497987603288,0/8,"{2019: -39.37, 2020: -119.06, 2021: -28.13, 2022: -219.24, 2023: -326.53, 2024: -182.06, 2025: -274.97, 2026: -105.67}",292.6546894893196,True,False,False,False,False,tp2.0 hz288
btc_pdh_break,short_sl0.5_any_tp3.0,1783160494,1947,-1159.0397892264295,-174.21593714526304,0.2850539291217257,0.5267129106984358,-1157.4270978817922,-0.1505200089613382,0/8,"{2019: -31.37, 2020: -83.06, 2021: -11.13, 2022: -196.24, 2023: -319.53, 2024: -172.06, 2025: -251.97, 2026: -93.67}",292.6546894893196,True,False,False,False,False,tp3.0 hz288
btc_pdh_break,short_sl0.5_trend_tp1.0,1783160494,1602,-1321.7860174415068,-198.6784162843701,0.3907615480649188,0.1788214966736569,-1320.5605988692985,-0.1504500561765088,0/8,"{2019: -38.84, 2020: -136.27, 2021: -78.17, 2022: -228.72, 2023: -306.25, 2024: -160.08, 2025: -274.0, 2026: -99.46}",240.797541120642,True,False,False,False,False,tp1.0 hz288
btc_pdh_break,short_sl0.5_trend_tp2.0,1783160495,1602,-1104.7860174415068,-166.0610215133468,0.3526841448189762,0.4059927596350137,-1103.1733260968692,-0.1505303088689483,0/8,"{2019: -30.84, 2020: -112.27, 2021: -17.17, 2022: -220.72, 2023: -278.25, 2024: -127.08, 2025: -226.0, 2026: -92.46}",240.797541120642,True,False,False,False,False,tp2.0 hz288
btc_pdh_break,short_sl0.5_trend_tp3.0,1783160495,1602,-989.7860174415068,-148.77530539045426,0.284019975031211,0.5153673096509386,-988.1733260968708,-0.15055588069564,0/8,"{2019: -20.84, 2020: -90.27, 2021: -0.17, 2022: -198.72, 2023: -268.25, 2024: -122.08, 2025: -206.0, 2026: -83.46}",240.797541120642,True,False,False,False,False,tp3.0 hz288
btc_pdh_break,short_sl1.0_any_tp1.0,1783160495,1947,-812.5040377659129,-122.12794909152626,0.470467385721623,0.4300547451085698,-811.7205521266535,-0.1504556571489525,0/8,"{2019: -27.69, 2020: -65.03, 2021: -28.07, 2022: -144.62, 2023: -192.25, 2024: -123.03, 2025: -169.49, 2026: -62.34}",292.6546894893196,True,False,False,False,False,tp1.0 hz288
btc_pdh_break,short_sl1.0_any_tp2.0,1783160496,1947,-658.8430556842125,-99.03107852257712,0.3451463790446841,0.6260231125196946,-660.0703074124671,-0.1500311063995403,0/8,"{2019: -17.02, 2020: -26.16, 2021: -7.07, 2022: -121.54, 2023: -176.25, 2024: -102.74, 2025: -159.73, 2026: -48.34}",292.6546894893196,True,False,False,False,False,tp2.0 hz288
btc_pdh_break,short_sl1.0_any_tp3.0,1783160496,1947,-599.1822257348765,-90.06342486900857,0.2691319979455572,0.693446484596953,-631.8538778928031,-0.1425383748048916,1/8,"{2019: 4.41, 2020: -12.77, 2021: -13.66, 2022: -119.13, 2023: -153.24, 2024: -97.05, 2025: -159.41, 2026: -48.34}",292.6546894893196,True,False,False,False,False,tp3.0 hz288
btc_pdh_break,short_sl1.0_trend_tp1.0,1783160496,1602,-681.3771518734516,-102.41819147747402,0.4700374531835206,0.4228304767321064,-680.5936662341926,-0.1504836094701943,0/8,"{2019: -26.92, 2020: -57.63, 2021: -21.08, 2022: -134.86, 2023: -161.11, 2024: -84.04, 2025: -144.0, 2026: -51.73}",240.797541120642,True,False,False,False,False,tp1.0 hz288
btc_pdh_break,short_sl1.0_trend_tp2.0,1783160497,1602,-568.246976245489,-85.41352973105718,0.3426966292134831,0.6130573989978888,-570.938466671432,-0.1496019881599808,0/8,"{2019: -14.25, 2020: -31.34, 2021: -13.08, 2022: -122.45, 2023: -151.11, 2024: -64.04, 2025: -135.24, 2026: -36.73}",240.797541120642,True,False,False,False,False,tp2.0 hz288
btc_pdh_break,short_sl1.0_trend_tp3.0,1783160497,1602,-544.2352743008485,-81.80431700546968,0.262796504369538,0.667456807409335,-555.2194584127695,-0.1473369057333244,1/8,"{2019: 1.18, 2020: -31.95, 2021: -16.67, 2022: -130.04, 2023: -134.1, 2024: -69.35, 2025: -129.57, 2026: -33.73}",240.797541120642,True,False,False,False,False,tp3.0 hz288
btc_pdh_break,short_sl1.5_any_tp1.0,1783160497,1947,-582.6800042517696,-87.58296646940782,0.4709809964047252,0.5482473284283841,-582.1576804922648,-0.1504454366991238,0/8,"{2019: -22.46, 2020: -34.97, 2021: -11.04, 2022: -106.27, 2023: -149.17, 2024: -83.82, 2025: -129.99, 2026: -44.95}",292.6546894893196,True,False,False,False,False,tp1.0 hz288
btc_pdh_break,short_sl1.5_any_tp2.0,1783160497,1947,-532.6470734716361,-80.06248787582766,0.327683615819209,0.6731583705038948,-550.8665226041871,-0.1453391785315565,0/8,"{2019: -8.46, 2020: -12.85, 2021: -19.02, 2022: -99.97, 2023: -132.61, 2024: -84.15, 2025: -131.64, 2026: -43.95}",292.6546894893196,True,False,False,False,False,tp2.0 hz288
btc_pdh_break,short_sl1.5_any_tp3.0,1783160498,1947,-448.85547537244463,-67.46772458690484,0.2639958911145352,0.7464680254884617,-479.9082603379471,-0.1405846286942314,1/8,"{2019: 4.81, 2020: -18.52, 2021: -25.46, 2022: -57.03, 2023: -114.61, 2024: -82.24, 2025: -126.84, 2026: -28.95}",292.6546894893196,True,False,False,False,False,tp3.0 hz288
btc_pdh_break,short_sl1.5_trend_tp1.0,1783160498,1602,-493.5251120188629,-74.18204335545043,0.4700374531835206,0.5393059432870831,-493.0478539125417,-0.1504560718940053,0/8,"{2019: -21.61, 2020: -35.49, 2021: -4.72, 2022: -103.38, 2023: -118.74, 2024: -54.03, 2025: -112.67, 2026: -42.88}",240.797541120642,True,False,False,False,False,tp1.0 hz288
btc_pdh_break,short_sl1.5_trend_tp2.0,1783160498,1602,-474.7964628652834,-71.36692933254585,0.3214731585518102,0.6514093827552743,-475.2741391057788,-0.1501595047162079,0/8,"{2019: -7.13, 2020: -30.37, 2021: -11.7, 2022: -114.54, 2023: -114.18, 2024: -56.45, 2025: -105.54, 2026: -34.88}",240.797541120642,True,False,False,False,False,tp2.0 hz288
btc_pdh_break,short_sl1.5_trend_tp3.0,1783160499,1602,-406.24002803801494,-61.062172194965456,0.2590511860174782,0.7250954650182709,-422.7710718823563,-0.1444331844255349,1/8,"{2019: 4.93, 2020: -37.19, 2021: -10.11, 2022: -90.78, 2023: -107.18, 2024: -43.39, 2025: -101.64, 2026: -20.88}",240.797541120642,True,False,False,False,False,tp3.0 hz288
btc_squeeze,long_sl0.5_lb12_tp1.0,1783160499,536,-676.3060119597385,-102.33223247507762,0.2555970149253731,0.0725666197240772,-675.6042118034283,-0.1514677242788591,0/8,"{2019: -23.23, 2020: -72.38, 2021: -43.27, 2022: -63.37, 2023: -260.0, 2024: -64.21, 2025: -97.7, 2026: -52.16}",81.10245308584793,False,False,False,False,False,tp1.0 hz288
btc_squeeze,long_sl0.5_lb12_tp2.0,1783160499,536,-644.3060119597385,-97.49029497741503,0.2667910447761194,0.1969412058644373,-644.5942751430122,-0.1512428805790828,0/8,"{2019: -32.23, 2020: -72.38, 2021: -44.27, 2022: -52.37, 2023: -248.0, 2024: -57.21, 2025: -92.7, 2026: -45.16}",81.10245308584793,False,False,False,False,False,tp2.0 hz288
btc_squeeze,long_sl0.5_lb24_tp1.0,1783160499,1255,-1633.4164897892892,-245.44576953084947,0.2438247011952191,0.0661588440610511,-1631.366608488352,-0.1504540844796885,0/8,"{2019: -28.27, 2020: -155.63, 2021: -121.14, 2022: -168.05, 2023: -528.43, 2024: -212.09, 2025: -307.36, 2026: -112.45}",188.58291359661277,False,False,False,False,False,tp1.0 hz288
btc_squeeze,long_sl0.5_lb24_tp2.0,1783160499,1255,-1547.4164897892892,-232.52295632821304,0.2645418326693227,0.1916298504204985,-1545.4794580954142,-0.1504536052616091,0/8,"{2019: -37.27, 2020: -138.63, 2021: -136.14, 2022: -146.05, 2023: -515.43, 2024: -178.09, 2025: -296.36, 2026: -99.45}",188.58291359661277,False,False,False,False,False,tp2.0 hz288
btc_squeeze,long_sl0.5_lb48_tp1.0,1783160500,1908,-2520.285119869188,-378.6426310351924,0.2374213836477987,0.0583145335358879,-2520.257668937506,-0.1502396503746464,0/8,"{2019: -76.3, 2020: -274.52, 2021: -155.02, 2022: -268.48, 2023: -704.43, 2024: -374.45, 2025: -501.99, 2026: -165.08}",286.6541306456013,True,False,False,False,False,tp1.0 hz288
btc_squeeze,long_sl0.5_lb48_tp2.0,1783160500,1908,-2346.285119869188,-352.5012166052476,0.2793501048218029,0.1947208600245678,-2347.257668937505,-0.150175765221723,0/8,"{2019: -76.3, 2020: -250.52, 2021: -158.02, 2022: -242.48, 2023: -674.43, 2024: -348.45, 2025: -455.99, 2026: -140.08}",286.6541306456013,True,False,False,False,False,tp2.0 hz288
btc_squeeze,long_sl1.0_lb12_tp1.0,1783160500,536,-373.1530059798693,-56.461985375607235,0.3805970149253731,0.2377565009753096,-372.7971375715062,-0.1514549863322844,0/8,"{2019: -16.11, 2020: -39.19, 2021: -29.13, 2022: -27.68, 2023: -139.0, 2024: -41.61, 2025: -52.85, 2026: -27.58}",81.10245308584793,False,False,False,False,False,tp1.0 hz288
btc_squeeze,long_sl1.0_lb12_tp2.0,1783160500,536,-355.59061189451415,-53.80460992340073,0.2854477611940298,0.3900635667873181,-357.8213416342966,-0.1503672466199362,0/8,"{2019: -11.11, 2020: -35.19, 2021: -26.13, 2022: -33.52, 2023: -130.6, 2024: -37.61, 2025: -50.85, 2026: -30.58}",81.10245308584793,False,False,False,False,False,tp2.0 hz288
btc_squeeze,long_sl1.0_lb24_tp1.0,1783160500,1255,-880.2082448946446,-132.26472939760396,0.3816733067729084,0.2378145349990763,-878.6833042441762,-0.1505260527413516,0/8,"{2019: -23.13, 2020: -79.31, 2021: -83.57, 2022: -83.03, 2023: -279.72, 2024: -111.05, 2025: -156.18, 2026: -64.23}",188.58291359661277,False,False,False,False,False,tp1.0 hz288
btc_squeeze,long_sl1.0_lb24_tp2.0,1783160501,1255,-790.7651622259187,-118.82454044881428,0.3043824701195219,0.4146787064229829,-789.2402215754498,-0.1505556067728295,0/8,"{2019: -17.13, 2020: -62.31, 2021: -83.57, 2022: -86.03, 2023: -258.03, 2024: -98.29, 2025: -122.18, 2026: -63.23}",188.58291359661277,False,False,False,False,False,tp2.0 hz288
btc_squeeze,long_sl1.0_lb48_tp1.0,1783160501,1908,-1350.142559934594,-202.84273677446416,0.3951781970649895,0.2303621647354868,-1351.6079565190585,-0.1500751277736385,0/8,"{2019: -50.65, 2020: -152.76, 2021: -112.01, 2022: -131.74, 2023: -390.21, 2024: -184.73, 2025: -243.99, 2026: -84.04}",286.6541306456013,True,False,False,False,False,tp1.0 hz288
btc_squeeze,long_sl1.0_lb48_tp2.0,1783160501,1908,-1249.980833540658,-187.79463792571352,0.3039832285115304,0.402499503045352,-1252.9828748701327,-0.1498780563502735,0/8,"{2019: -58.65, 2020: -141.76, 2021: -108.01, 2022: -139.74, 2023: -400.09, 2024: -134.73, 2025: -192.59, 2026: -74.4}",286.6541306456013,True,False,False,False,False,tp2.0 hz288
btc_squeeze,short_sl0.5_lb12_tp1.0,1783160501,435,-503.32796344462463,-75.89431507386728,0.2873563218390804,0.0929472780212732,-503.7833788406453,-0.1506487078802055,0/8,"{2019: -8.74, 2020: -48.55, 2021: -20.31, 2022: -63.18, 2023: -202.73, 2024: -73.83, 2025: -48.55, 2026: -37.43}",65.59148200547855,False,False,False,False,False,tp1.0 hz288
btc_squeeze,short_sl0.5_lb12_tp2.0,1783160501,435,-472.32796344462463,-71.21997957462628,0.3011494252873563,0.2462407369680131,-473.7833788406453,-0.1503218195389264,0/8,"{2019: -4.74, 2020: -44.55, 2021: -22.31, 2022: -54.18, 2023: -200.73, 2024: -64.83, 2025: -44.55, 2026: -36.43}",65.59148200547855,False,False,False,False,False,tp2.0 hz288
btc_squeeze,short_sl0.5_lb24_tp1.0,1783160501,1164,-1388.804077703831,-208.40709132642783,0.2517182130584192,0.0749776621593907,-1387.3451426520317,-0.1502200749613318,0/8,"{2019: -14.04, 2020: -121.65, 2021: -100.6, 2022: -188.13, 2023: -434.8, 2024: -208.61, 2025: -202.23, 2026: -118.73}",174.6724813085512,False,False,False,False,False,tp1.0 hz288
btc_squeeze,short_sl0.5_lb24_tp2.0,1783160502,1164,-1314.804077703831,-197.30248340818665,0.2852233676975945,0.2203525897059893,-1315.5220402798398,-0.149980370808699,0/8,"{2019: -9.04, 2020: -108.65, 2021: -89.6, 2022: -182.13, 2023: -402.8, 2024: -197.61, 2025: -209.23, 2026: -115.73}",174.6724813085512,False,False,False,False,False,tp2.0 hz288
btc_squeeze,short_sl0.5_lb48_tp1.0,1783160502,1457,-1884.0843390798568,-283.284425330557,0.2395332875772134,0.0623187415030289,-1884.18557743602,-0.1503484734853174,0/8,"{2019: -54.59, 2020: -164.77, 2021: -115.58, 2022: -235.16, 2023: -529.98, 2024: -270.95, 2025: -366.32, 2026: -146.74}",219.06949659599468,True,False,False,False,False,tp1.0 hz288
btc_squeeze,short_sl0.5_lb48_tp2.0,1783160502,1457,-1748.0843390798568,-262.8359342275678,0.2834591626630062,0.2043775647884101,-1749.1855774360206,-0.1502618919444992,0/8,"{2019: -44.59, 2020: -151.77, 2021: -108.58, 2022: -215.16, 2023: -480.98, 2024: -246.95, 2025: -354.32, 2026: -145.74}",219.06949659599468,True,False,False,False,False,tp2.0 hz288
btc_squeeze,short_sl1.0_lb12_tp1.0,1783160502,435,-250.16398172231231,-37.72098001277682,0.4413793103448276,0.311982013625561,-252.7460846048737,-0.149244567217519,0/8,"{2019: -0.87, 2020: -18.78, 2021: -9.66, 2022: -26.09, 2023: -105.37, 2024: -37.91, 2025: -29.27, 2026: -22.21}",65.59148200547855,False,False,False,False,False,tp1.0 hz288
btc_squeeze,short_sl1.0_lb12_tp2.0,1783160502,435,-195.17823009798107,-29.429952568581328,0.3632183908045977,0.5516489377814437,-206.26558260533417,-0.1426798993649474,1/8,"{2019: 4.13, 2020: -8.78, 2021: -1.66, 2022: -15.51, 2023: -98.96, 2024: -28.91, 2025: -23.27, 2026: -22.21}",65.59148200547855,False,False,False,False,False,tp2.0 hz288
btc_squeeze,short_sl1.0_lb24_tp1.0,1783160503,1164,-748.4020388519153,-112.30690819814671,0.4063573883161512,0.2627121256867799,-751.7610201399208,-0.1493917683803873,0/8,"{2019: -1.52, 2020: -69.32, 2021: -46.3, 2022: -112.56, 2023: -214.4, 2024: -117.31, 2025: -119.11, 2026: -67.87}",174.6724813085512,False,False,False,False,False,tp1.0 hz288
btc_squeeze,short_sl1.0_lb24_tp2.0,1783160503,1164,-670.9914073017351,-100.69049317019828,0.3170103092783505,0.4516806544732281,-677.286950515192,-0.1486674046998927,0/8,"{2019: -1.52, 2020: -50.32, 2021: -32.3, 2022: -121.56, 2023: -205.99, 2024: -103.31, 2025: -92.11, 2026: -63.87}",174.6724813085512,False,False,False,False,False,tp2.0 hz288
btc_squeeze,short_sl1.0_lb48_tp1.0,1783160503,1457,-1025.5421695399284,-154.19698477630496,0.3912148249828414,0.2303933257971502,-1026.09278871801,-0.1502758682954561,0/8,"{2019: -26.79, 2020: -93.38, 2021: -61.29, 2022: -137.58, 2023: -265.49, 2024: -152.97, 2025: -202.16, 2026: -85.87}",219.06949659599468,True,False,False,False,False,tp1.0 hz288
btc_squeeze,short_sl1.0_lb48_tp2.0,1783160503,1457,-939.5421695399284,-141.26632128470885,0.304735758407687,0.40933279516161863,-941.725941383283,-0.15000788985084715,0/8,"{2019: -16.79, 2020: -89.38, 2021: -43.29, 2022: -135.58, 2023: -275.49, 2024: -143.97, 2025: -153.16, 2026: -81.87}",219.06949659599468,True,False,False,False,False,tp2.0 hz288
